segment,tile,window,ref_fiber_frac,ref_vt_frac,ref_hz_frac,A_fiber_frac,A_f1_t0,A_prec_t0,A_rec_t0,A_null_f1_t0,A_f1_t1,A_prec_t1,A_rec_t1,A_null_f1_t1,A_f1_t2,A_prec_t2,A_rec_t2,A_null_f1_t2,A_vt_f1_t1,A_hz_f1_t1,A_vt_swap_f1_t1,A_hz_swap_f1_t1,B_fiber_frac,B_f1_t0,B_prec_t0,B_rec_t0,B_null_f1_t0,B_f1_t1,B_prec_t1,B_rec_t1,B_null_f1_t1,B_f1_t2,B_prec_t2,B_rec_t2,B_null_f1_t2,B_vt_f1_t1,B_hz_f1_t1,B_vt_swap_f1_t1,B_hz_swap_f1_t1
w035,0,19um,0.3587239583333333,0.055230034722222224,0.3037109375,0.25390625,0.5313496280552603,0.6410256410256411,0.4537205081669691,0.23918657198192383,0.6616035839690035,0.7286324786324786,0.6058681185722928,0.3489662544843996,0.7556547500105036,0.7871794871794872,0.7265577737447066,0.4443213109721284,0.4247055443837978,0.7380004941031301,0.06303508188830184,0.0,0.23795572916666666,0.5648299690852883,0.7081623347013224,0.46975196612220205,0.20995205819143659,0.6664671235515922,0.7829457364341085,0.5801572897761645,0.31309588257312165,0.7456667489141999,0.8321933424532604,0.6754385964912281,0.40463559885227735,0.34087827266089493,0.7531173967618806,0.011082432885661374,0.0
w035,0,47um,0.5263671875,0.1314019097222222,0.4063585069444444,0.3651258680555556,0.6489776046738073,0.7922734026745913,0.5495774067202639,0.3732444656034278,0.7917535539711369,0.900148588410104,0.7066584209441352,0.5085719716606958,0.8760490121804502,0.9533432392273403,0.8103483817769532,0.6051777984277646,0.6096532960930237,0.7875616759958196,0.17540890319575633,0.0819017527778172,0.3503689236111111,0.6782178217821783,0.8485599256735832,0.5648319934034219,0.3561577546576336,0.7878338004172892,0.9300092908021059,0.6833642547928263,0.4822639843474188,0.869029644261964,0.9780117683493341,0.7819006390434962,0.578325267091129,0.5678367059339259,0.8019922414770531,0.11877665198409755,0.09591086698271187
w035,0,94um,0.6516927083333334,0.1996527777777778,0.5119357638888888,0.4703776041666667,0.739580311381878,0.8821222606689735,0.6366966366966367,0.5068479653167799,0.8619148919100225,0.9617070357554787,0.7808857808857809,0.63835236888847,0.9245310615351681,0.9813148788927336,0.873959373959374,0.7259976184070571,0.6045328503010471,0.8647964566352102,0.3709563235493212,0.20283544837326198,0.4782986111111111,0.7557134626464374,0.8926950998185118,0.6551781551781551,0.5124241831344161,0.8624114776543954,0.9657441016333939,0.779054279054279,0.6341799202281189,0.9231458842938326,0.9838929219600726,0.8694638694638694,0.7189672688289804,0.531513537169483,0.8928189047364602,0.22279111278124852,0.19275450220147392
w035,1,19um,0.3536241319444444,0.2146267361111111,0.1535373263888889,0.2429470486111111,0.5503819570753,0.6757481018311746,0.4642528382939552,0.28497164461247637,0.6657494213545336,0.7824921840107191,0.5793188094507518,0.3963642813205534,0.7542967850308295,0.8610987047789191,0.6710647437864375,0.49137304534873016,0.593853507323366,0.5867010869723213,0.20598667843672258,0.21495086534530533,0.19173177083333334,0.5543175487465182,0.7883418222976797,0.4274317275237803,0.22978723404255322,0.676660123654203,0.8834182229767968,0.5483277078858546,0.3511044455463911,0.763868845084453,0.9417091114883984,0.6425283829395521,0.46160645905420994,0.5423034159065945,0.6517203397158828,0.07813851373827423,0.17390957976498703
w035,1,47um,0.5168185763888888,0.3046875,0.2513020833333333,0.2982855902777778,0.5630990415335464,0.7693706802473627,0.44404786899013227,0.30670103092783507,0.6892810153972142,0.8894143324845398,0.562670585765274,0.4145111704558181,0.7788585537162777,0.9454347035285559,0.6621876968297291,0.5064998260032375,0.6093916081215023,0.5214281321405425,0.2928202721726889,0.2921309353528741,0.2778862847222222,0.5305843801201529,0.7586880124951191,0.4079361746798236,0.30091533180778035,0.6453668614911413,0.8805154236626318,0.5093428511442368,0.40789140797763956,0.7271575109602865,0.9453338539632956,0.5908041150535377,0.5034990276705681,0.4551014926403393,0.5588283866747263,0.12634008080332085,0.29133721972539733
w035,1,94um,0.7164713541666666,0.4007161458333333,0.4526909722222222,0.4281684027777778,0.6499194236420512,0.868727825646224,0.5191579585037104,0.4666924365416828,0.7831494518516732,0.9495691839837811,0.6663637740421021,0.5916473427071534,0.8654702284410615,0.9789660415610745,0.7755565651976375,0.6805242305834611,0.6182673332833575,0.6708653360122484,0.34933846262628954,0.5264763556050942,0.3901909722222222,0.6273164035689773,0.889599555061179,0.4844767529910647,0.4903521791930914,0.7308257355755404,0.9610678531701891,0.589580493714978,0.6050352870996397,0.7949915294658991,0.989154616240267,0.6645464182947145,0.6864583636957406,0.4679747819574085,0.6569319845178662,0.19645178704067995,0.48040097004823074
w035,2,19um,0.2261284722222222,0.15494791666666666,0.07161458333333333,0.2077907986111111,0.4031007751937985,0.42088772845953004,0.3867562380038388,0.2660495069430469,0.5558279970955853,0.5973890339425587,0.5196737044145874,0.368606359090263,0.6617859424228827,0.7180156657963447,0.6137236084452975,0.4523443064943888,0.5232973190235942,0.5164079386912949,0.029262802476083285,0.0806692560501942,0.287109375,0.44524312896405915,0.3979591836734694,0.505278310940499,0.3228070175438596,0.5872504455695233,0.5752078609221466,0.5998080614203455,0.41610511563338626,0.6924147183390655,0.7048374905517762,0.6804222648752399,0.49423715249810163,0.5856281429698952,0.4566449562920349,0.018531167404151696,0.11459896086695255
w035,2,47um,0.3599175347222222,0.22743055555555555,0.1557074652777778,0.3138020833333333,0.5569334836527621,0.5978561549100968,0.521254145312029,0.4150992346607861,0.6901161730873385,0.7410096818810512,0.6457642447995177,0.5246487635938932,0.7873934791347292,0.8395573997233748,0.7413325293940307,0.6146754765196821,0.6227217337061453,0.6780793369858711,0.18582452899178262,0.17778133582275873,0.3885633680555556,0.6033632937083213,0.5811225914549009,0.6273741332529394,0.4624910693022148,0.7281431980316403,0.7291259424741692,0.7271630991860114,0.5660563368195356,0.8185650563332039,0.8288187657079028,0.8085619535725053,0.6496098510007374,0.6808672943473494,0.6610361051447274,0.20909748929078323,0.201463183829969
w035,2,94um,0.4140625,0.2543402777777778,0.19639756944444445,0.3742404513888889,0.5913282863041982,0.6227892142650043,0.5628930817610063,0.503378037713018,0.7168476533487693,0.7552913888083502,0.6821278825995807,0.611279303415941,0.8044489149916567,0.8428530008698173,0.7693920335429769,0.6950935199630173,0.5953233837713395,0.7244311008423108,0.29818670248488915,0.19700532838518722,0.4509548611111111,0.6394882087305569,0.6133301251203079,0.6679769392033543,0.5657003012048193,0.7555851069156191,0.7502406159769008,0.7610062893081762,0.6671519954863241,0.8375754453246482,0.8423965351299326,0.8328092243186582,0.7427066702687205,0.6461534621563484,0.7137229830580145,0.32182704313851856,0.2229274253951985
w035,3,19um,0.4184027777777778,0.2339409722222222,0.1863064236111111,0.228515625,0.5155987923515599,0.7298195631528965,0.3985995850622407,0.23769808173477902,0.6655244512472779,0.8665716999050332,0.5401970954356846,0.34164093359450887,0.7661802858313667,0.9434947768281101,0.6449688796680498,0.4385914889182105,0.5970924459607404,0.6919695697161199,0.04700238646137446,0.06830228008672244,0.1545138888888889,0.44166666666666665,0.8188202247191011,0.30238589211618255,0.16917841516771998,0.5634350866093634,0.9318820224719101,0.4037863070539419,0.2591730361519009,0.643427792647643,0.9712078651685393,0.48106846473029047,0.35135523313656347,0.5815502496465911,0.5069411313442321,0.013438924886009122,0.009516256938937352
w035,3,47um,0.5465494791666666,0.318359375,0.263671875,0.3823784722222222,0.6471206634738932,0.786038592508513,0.5499305141949573,0.4190104166666666,0.7854184250990089,0.9137343927355278,0.6887035934087751,0.5699292045222013,0.8655906874587166,0.9676503972758229,0.783005757395275,0.6813176375369336,0.6210550873153474,0.7373951613362411,0.36757477000876765,0.20702916355090267,0.2634548611111111,0.5575351640991293,0.8570840197693574,0.41314274369664483,0.33809234507897934,0.6842734079314867,0.9682866556836903,0.529084772682152,0.471079310665021,0.7679904110466679,0.9958813838550247,0.6249751836410562,0.5803826118753662,0.579210669814155,0.5665661805719003,0.19194488643813723,0.06965984963987172
w035,3,94um,0.630859375,0.3790147569444444,0.3666449652777778,0.5107421875,0.7387130500902955,0.8255789250053113,0.6683866529067768,0.6114280189500145,0.8485809672106986,0.9315912470788188,0.7791537667698658,0.7400452556678779,0.9065839842841852,0.9730189080093478,0.8486412108703131,0.815382943061174,0.65777235510766,0.8008833941490597,0.6320439187851037,0.42552608153594457,0.3796657986111111,0.657360678621282,0.874821377536439,0.5264877880976953,0.5370552818828682,0.7692666896007794,0.9682766504715633,0.6381148950808394,0.6587266568125629,0.8335677739850073,0.9942840811660475,0.717578259373925,0.7339346249356999,0.5845609304406445,0.6345022937373723,0.502881240740807,0.31635041319792256
w035,4,19um,0.18663194444444445,0.08539496527777778,0.1072048611111111,0.2241753472222222,0.20866349709455892,0.19119070667957405,0.22965116279069767,0.20304568527918784,0.36090302895246584,0.3514036786060019,0.37093023255813956,0.3096442559357414,0.5118435990686756,0.5150048402710552,0.5087209302325582,0.40037904327601354,0.19988656041409206,0.37736654997738045,0.10585197934595525,0.046957534828154776,0.14735243055555555,0.18583495776478234,0.2106038291605302,0.16627906976744186,0.12365121026538348,0.3340224198619457,0.3696612665684831,0.30465116279069765,0.18543983455182048,0.48040753043837986,0.5279823269513991,0.44069767441860463,0.23628176523776068,0.17164459449820493,0.3694605948877938,0.12080162144275314,0.02005012531328321
w035,4,47um,0.40625,0.2322048611111111,0.21907552083333334,0.3967013888888889,0.4864864864864865,0.4923413566739606,0.4807692307692308,0.42520671510899527,0.6540107477407856,0.6646608315098468,0.6436965811965812,0.5642997502089061,0.775886472495223,0.7940371991247265,0.7585470085470085,0.6585546874738106,0.513858361319887,0.5818513584451465,0.2697025233409769,0.25045569902657533,0.3232421875,0.47746541722445335,0.5387713997985901,0.4286858974358974,0.2929500342231348,0.6192175983476859,0.6935213158778113,0.5592948717948718,0.40620921969312584,0.7319084097466377,0.8042967438737831,0.6714743589743589,0.5014323472645853,0.4832327192114525,0.5756214995135732,0.2622939611252701,0.26004204093972605
w035,4,94um,0.6365017361111112,0.3510199652777778,0.4140625,0.5703125,0.6479050530480129,0.6855022831050228,0.614217524718718,0.578750212838413,0.7983232845173795,0.8285768645357686,0.770201159222639,0.715228559535512,0.8947569514965771,0.9195205479452054,0.8712921922945789,0.8022901259532373,0.6279419239723968,0.6532328155570275,0.4959946402283758,0.33933147940860964,0.5044487847222222,0.663433190679981,0.7502688750268875,0.5946130242072963,0.4948379567286111,0.7826917056718447,0.8638416863841686,0.7154790317081486,0.6134514898056603,0.8687357466056319,0.9367605936760593,0.8099215819979543,0.7081163868377331,0.6304929138069347,0.6617027850714611,0.48273298576537815,0.36299731906187493
w035,5,19um,0.326171875,0.05653211805555555,0.2849392361111111,0.2756076388888889,0.5167688424089433,0.5641732283464567,0.4767132401862941,0.25111187136503593,0.6857048954927509,0.7051181102362205,0.667332002661344,0.3390790882968524,0.8049943901537436,0.8039370078740158,0.8060545575515635,0.40397581876625505,0.4481608901455751,0.6030636563380398,0.26745393123995637,0.1283034478369477,0.2367621527777778,0.5505011565150347,0.6544454628780935,0.4750499001996008,0.15925655976676387,0.7089158279545106,0.7928505957836847,0.6410512308715901,0.22918625363078488,0.812758076642223,0.8895508707607699,0.7481703260146374,0.29077244625142545,0.5928069877507623,0.6061523439414764,0.22733370960131016,0.07722540164103978
w035,5,47um,0.5384114583333334,0.10579427083333333,0.4836154513888889,0.4563802083333333,0.6871727748691099,0.7489300998573466,0.6348246674727932,0.47565419012918186,0.8263262592903166,0.8580599144079886,0.7968561064087062,0.5701721750034056,0.9155380176017603,0.9258202567760342,0.9054816606207174,0.6317380877906371,0.5342861611058605,0.7038490987389295,0.4650421756590041,0.22783604011620479,0.3857421875,0.6875660443818246,0.8236286919831224,0.5900846432889963,0.3735427075898168,0.8155740667552386,0.9175808720112517,0.7339782345828295,0.45327838470915055,0.8968524592019513,0.9662447257383966,0.8367593712212817,0.5123626238375929,0.6714703735980331,0.7067382368586488,0.35544307104591527,0.2016116290093222
w035,5,94um,0.6633029513888888,0.13216145833333334,0.6194661458333334,0.6396484375,0.7751499000666222,0.7894826123833757,0.7613283167021102,0.6276783463574489,0.8810787595718095,0.87735368956743,0.8848355962702438,0.7250747489004632,0.9425264433288674,0.929431721798134,0.9559954195975789,0.7785941522958939,0.45940672809984945,0.8096304099498768,0.6177427796317192,0.30707798862150604,0.5460069444444444,0.7734410049349484,0.8565182829888712,0.705054801243252,0.5424895814459142,0.8694908465247527,0.925476947535771,0.8198920333715034,0.6296934234175272,0.9296454276340541,0.964825119236884,0.8969409455259284,0.6860744285271205,0.5829138585602797,0.797361843159626,0.47729831144465285,0.2954294042246844
w035,6,19um,0.039713541666666664,0.0283203125,0.011935763888888888,0.027886284722222224,0.34349919743178164,0.4163424124513619,0.2923497267759563,0.08941394486912208,0.449438202247191,0.5447470817120622,0.3825136612021858,0.13860598831697096,0.5197424807159514,0.6186770428015564,0.44808743169398907,0.18826808465913294,0.5685601379289299,0.04979253112033195,0.0,0.0,0.030924479166666668,0.3932411674347158,0.44912280701754387,0.34972677595628415,0.10264672036823935,0.4923959182526073,0.6105263157894737,0.412568306010929,0.14098744769874474,0.5624416575348026,0.7192982456140351,0.46174863387978143,0.17623196343905653,0.5863533830281795,0.0,0.006217616580310881,0.0
w035,6,47um,0.06412760416666667,0.047200520833333336,0.017903645833333332,0.044379340277777776,0.528,0.6454767726161369,0.4467005076142132,0.11325860069578662,0.6256645986691954,0.7506112469437652,0.5363790186125211,0.1637841960663512,0.6802674357319247,0.8117359413202934,0.5854483925549916,0.21807856384287236,0.7051088843648927,0.04651162790697675,0.11288739307250036,0.004210526315789474,0.049370659722222224,0.5544933078393881,0.6373626373626373,0.4906937394247039,0.12643678160919541,0.6556325525456731,0.8153846153846154,0.5482233502538071,0.1639464962540795,0.7047630142120564,0.8813186813186813,0.5871404399323181,0.19962049162755266,0.7238320850026129,0.0,0.10610820244328098,0.0
w035,6,94um,0.10503472222222222,0.076171875,0.033528645833333336,0.08246527777777778,0.5763888888888888,0.6552631578947369,0.5144628099173554,0.14400859752821063,0.6834532936331169,0.7881578947368421,0.6033057851239669,0.21426901187896655,0.74355081564788,0.8802631578947369,0.643595041322314,0.28029374720329303,0.6976332669763327,0.027100271002710025,0.19555729268451566,0.026378896882494004,0.10188802083333333,0.5810173046670162,0.5899893503727369,0.5723140495867769,0.17320374869836863,0.6870608419220143,0.7838125665601704,0.6115702479338843,0.2312847057645354,0.7393974778816056,0.8903088391906283,0.6322314049586777,0.282518970798659,0.7077833043802159,0.0,0.16823488177725052,0.0
w035,7,19um,0.2162543402777778,0.037651909722222224,0.1794704861111111,0.17415364583333334,0.4102279043913285,0.45981308411214955,0.3702960361264426,0.09270805096232042,0.5388244325850348,0.5894080996884735,0.49623682890115406,0.14746543778801843,0.6435531844954536,0.6878504672897197,0.6046161565479177,0.20699837002437854,0.5395860261054777,0.49496520357403445,0.0,0.12792206845259796,0.18294270833333334,0.5131829301440609,0.5599051008303677,0.47365780230807825,0.06790450928381962,0.6395194971339678,0.6945432977461448,0.5925740090316106,0.10720860173782173,0.7289473796494604,0.7823250296559905,0.6823883592574009,0.15554221982027447,0.5283374056333126,0.621569670319792,0.0,0.141269215608987
w035,7,47um,0.2911241319444444,0.103515625,0.1948784722222222,0.22298177083333334,0.4934571549176867,0.5688564476885645,0.4357062989191204,0.18093819806403574,0.6309412258740407,0.7221411192214112,0.5601938128960119,0.2554521676277471,0.7327203041301412,0.8170316301703163,0.6641818859485651,0.3275351782259466,0.6860670061098092,0.5094508193525751,0.013608660056399527,0.267011696992202,0.21907552083333334,0.5669927690344534,0.6602278355621595,0.49683190458442045,0.16379310344827588,0.6863338523676661,0.8008915304606241,0.6004472605292583,0.2319054520408383,0.7637489057354351,0.8682516097077762,0.6816995900111815,0.29830943491296624,0.6224375054061067,0.6180722165005138,0.03955239868817878,0.2602949651256845
w035,7,94um,0.4139539930555556,0.2388237847222222,0.2060546875,0.2720269097222222,0.6257513445112306,0.7889908256880734,0.5184796854521625,0.21635299699509725,0.7480599938304003,0.8847227762265656,0.6479685452162517,0.2913341689595086,0.8281537153495664,0.9282010370961309,0.7475753604193971,0.36523188628224407,0.7739692568030324,0.49950727552991103,0.16781324678573545,0.40876213747139434,0.2718098958333333,0.6721518987341771,0.8479041916167664,0.5567496723460026,0.20882771713336495,0.7779708709511136,0.936127744510978,0.6655307994757536,0.27834591989355245,0.8470186263330017,0.9716566866267465,0.7507208387942332,0.34675023639614866,0.7399939221358065,0.6171056199684939,0.16713372001005483,0.4239609241557041
w035,8,19um,0.5697699652777778,0.025173611111111112,0.5447048611111112,0.2509765625,0.41988365943945,0.6865542585386943,0.30241858693582174,0.23654365436543653,0.5765443477427625,0.7955036748811067,0.45210436107408114,0.368912944434316,0.6958742774898136,0.8754863813229572,0.5774138259379166,0.4816726686593963,0.26742015978527545,0.5547045364302952,0.1574253861384622,0.008607086501219337,0.2740885416666667,0.5153658222965154,0.7933491686460807,0.3816415920776995,0.2604022191400832,0.6226063431074941,0.8582739509105305,0.4884783850695106,0.36843305724235403,0.7048271378915039,0.9081551860649247,0.5758903066082651,0.46384905181404373,0.2843297269101984,0.6062858347970703,0.15842118791850743,0.0
w035,8,47um,0.6497395833333334,0.0537109375,0.6117621527777778,0.3988715277777778,0.5662251655629138,0.7442872687704026,0.45691382765531063,0.37641337386018237,0.7180565851643667,0.8566376496191512,0.6180694722778891,0.5278470811465935,0.8208595532351582,0.926822633297062,0.7366399465597863,0.6445106087821395,0.35843595059086525,0.6692145729738226,0.2639832503473841,0.09619614096876346,0.4259982638888889,0.6451482751664314,0.8145695364238411,0.5340681362725451,0.3870206489675517,0.7461580683759181,0.9009169638308712,0.6367735470941884,0.5154627211574281,0.8119879284420581,0.9462557310239429,0.7110888443553774,0.616790589510811,0.3507912549008439,0.6890077475107335,0.286298642778406,0.10759124195467275
w035,8,94um,0.7086588541666666,0.09223090277777778,0.6719835069444444,0.4867621527777778,0.6571661976944722,0.806954971020954,0.5542795896493645,0.4952182558469842,0.7814243790829744,0.9003566651805618,0.6902465166130761,0.6436522563752768,0.8550922904761125,0.9493981275078021,0.7778288164140255,0.7440508567333166,0.5501019920149683,0.7093407229510034,0.4410758391721618,0.17924381515481563,0.5014105902777778,0.7092898134863702,0.8558753516554858,0.6055734190782422,0.5052356020942408,0.7968611511306812,0.9339969703527375,0.6948399938753637,0.6354761719769081,0.8481176380013857,0.9651590564812811,0.7563925891900168,0.7202679550976262,0.5489933197715515,0.6963204518955178,0.4559237525852962,0.17847341845212383
w035,9,19um,0.3040364583333333,0.025824652777777776,0.2788628472222222,0.2080078125,0.5433354524263615,0.6687532603025561,0.45753033547466093,0.370905052748473,0.720310580946305,0.7970787689097548,0.6570306923625981,0.4965332530417695,0.8403954479025812,0.8784559207094418,0.805496074232691,0.5955956882547059,0.38953543588956835,0.7531733459089375,0.10938859399341246,0.029234067433248877,0.19346788194444445,0.5500545256270447,0.7072349971957376,0.45003568879371875,0.3621683967704729,0.674455131535436,0.8199663488502524,0.5728051391862955,0.4677047289504037,0.7634587190210069,0.8794167134043747,0.6745182012847966,0.5618399071561971,0.46386102936760554,0.6985299299496822,0.04812907844378975,0.009724923589886079
w035,9,47um,0.3206380208333333,0.033854166666666664,0.2951388888888889,0.236328125,0.5602961231248783,0.660238751147842,0.48663282571912014,0.4349412241588974,0.7318429912796168,0.7878787878787878,0.683248730964467,0.5895533011890098,0.8487349687402489,0.8700642791551882,0.8284263959390863,0.709774181696852,0.3626760563380282,0.7496683345175572,0.2447319491788038,0.07869187531936638,0.2177734375,0.5630794034663442,0.6960637767812655,0.4727580372250423,0.4304010077682133,0.6880717870987814,0.807673143996014,0.5993231810490693,0.5493338544807895,0.7764546952945045,0.872446437468859,0.6994923857868021,0.653823946364099,0.38441094036918916,0.6960806069457528,0.14612045017626496,0.06324110671936758
w035,9,94um,0.3413628472222222,0.0675998263888889,0.3167317708333333,0.2764756944444444,0.6044959606603442,0.6754317111459969,0.5470438652256834,0.4597150422393141,0.7665444066871553,0.8014128728414442,0.7345835982199619,0.6012924561939988,0.8683062180587169,0.8826530612244898,0.8544183089637635,0.7068984446191362,0.3767737062545477,0.7412439769352395,0.38731350729099445,0.25718608169440244,0.2626953125,0.5931381354409915,0.6819496076001652,0.5247933884297521,0.460276781137878,0.7186609412936609,0.7889301941346551,0.6598855689764781,0.5825109671355644,0.8006061962702472,0.8574969021065675,0.7507946598855689,0.6813351816070096,0.35897360389221117,0.6835049497588391,0.2846603943286206,0.2842333587782516
w035,10,19um,0.22471788194444445,0.17513020833333334,0.0546875,0.11968315972222222,0.3163201008191556,0.4551223934723481,0.2423949782713665,0.3308578745198464,0.44047666241169614,0.585675430643699,0.3529695799130855,0.4679870330905384,0.5441237518504614,0.6645512239347234,0.4606470304200869,0.5673432277320589,0.3747661962251318,0.41405981436919903,0.021423220973782773,0.1701474993168941,0.1274956597222222,0.3068391866913124,0.4238297872340426,0.2404635441815548,0.3092783505154639,0.4260209017006815,0.5548936170212766,0.34572670207629164,0.4360146335449013,0.5246738516044203,0.6417021276595745,0.4437469821342347,0.5366979618852501,0.4415735576384345,0.2453474801061008,0.0,0.1160944631871403
w035,10,47um,0.4694010416666667,0.3674045138888889,0.1337890625,0.3197699652777778,0.5695036436133646,0.7027485578554462,0.4787332408691632,0.528973229413758,0.7018122342568746,0.8008143875127248,0.6245954692556634,0.6384148353093956,0.7898473096548422,0.8500169664065151,0.7376329172445677,0.7243634233796931,0.6599679392412185,0.549636228671444,0.04163740757569499,0.20497228603882517,0.3234592013888889,0.5778021075680855,0.7081516269708151,0.48797965788257053,0.521900269541779,0.706234127795824,0.8128144917812814,0.6243643088303282,0.6336215234492542,0.7900759517938395,0.8648104662864811,0.7272306981044845,0.7063064153822858,0.6777372064503212,0.5340974194799865,0.02863722301371827,0.19515151515151513
w035,10,94um,0.7042100694444444,0.548828125,0.2945963541666667,0.5358072916666666,0.7299614980749037,0.8446739570676387,0.6426810477657935,0.5282038594755072,0.8339099933890859,0.9179829890643986,0.763944530046225,0.6431619357194263,0.8970844170862688,0.9499797488861887,0.849768875192604,0.7312112503293619,0.7496262080166692,0.6368671369420777,0.36436415826174895,0.47770210803255,0.5196397569444444,0.740668498980406,0.8722071413656296,0.6436055469953775,0.5154379332073095,0.832178363371929,0.9444560451033619,0.7437596302003082,0.6222163740517506,0.8861450492359937,0.9749425767383587,0.8121725731895223,0.6956669387039704,0.7500656023145065,0.6603802184032713,0.3925770040176009,0.44772926210873554
w035,11,19um,0.24772135416666666,0.046549479166666664,0.20128038194444445,0.2523871527777778,0.5328704708179649,0.5279449699054171,0.5378887428821726,0.0676077265973254,0.6765048029973505,0.650042992261393,0.7052124397722295,0.09700804196812036,0.7664923083145951,0.7321582115219261,0.8042049934296978,0.12741889112501933,0.4110514671834536,0.7073778023639535,0.21201328412649992,0.019476985650044396,0.24576822916666666,0.5800351802990327,0.5823399558498896,0.5777485764345159,0.02888635499809958,0.7178723788842875,0.7147902869757174,0.7209811651335961,0.047455387353400366,0.8058203160426861,0.7933774834437086,0.8186596583442839,0.07469275500573389,0.5514543541055555,0.7201646541226823,0.14240182813157737,0.00821656518230504
w035,11,47um,0.3600260416666667,0.0851779513888889,0.2788628472222222,0.3815104166666667,0.5856014047410009,0.5691126279863481,0.6030741410488246,0.1373265157048941,0.7142833167181903,0.6916951080773607,0.7383966244725738,0.20105698529411767,0.8055955632072515,0.7852673492605233,0.8270042194092827,0.25783913708636064,0.47683152863135314,0.6975957524188632,0.2748408856176357,0.07247210622260722,0.3843315972222222,0.6052478134110787,0.5861095426312818,0.6256781193490054,0.10694410839583837,0.7353334811796937,0.709768492377188,0.7628089210367691,0.16339356606818123,0.8220068760630428,0.7958780350084698,0.8499095840867993,0.21812567611018757,0.5603551647536723,0.7067119423863794,0.22636362160143333,0.017616295072942472
w035,11,94um,0.5196397569444444,0.1472439236111111,0.4097222222222222,0.5052083333333334,0.7178401270513499,0.7280927835051546,0.7078722071413657,0.1714082503556188,0.8320485973674719,0.8301116838487973,0.8339945708916267,0.2415613076483335,0.8913317578898646,0.8846649484536082,0.8980998120693255,0.306274914424877,0.5964009131135132,0.7826282089142547,0.40871668512561216,0.22760364544029724,0.5189887152777778,0.742164646886753,0.7426301484424002,0.7416997285445813,0.14327942966440618,0.8479936964474432,0.8475851975747439,0.8484025892670704,0.2160266247339737,0.9043851118817774,0.9000627221409158,0.908749216955523,0.28808981200745015,0.6353057188294905,0.8002051926756452,0.3515497650367379,0.21747045214449395
w035,12,19um,0.2918836805555556,0.06076388888888889,0.24229600694444445,0.3305121527777778,0.37796373779637377,0.35587655942219304,0.4029739776951673,0.34835566382460414,0.5605123917036537,0.5436638214051215,0.5784386617100372,0.4711362718663451,0.7156955167599431,0.7032173342087984,0.7286245353159851,0.5767459688395831,0.2656875458081976,0.37390771407712253,0.37909859112687355,0.1933147211952011,0.2642144097222222,0.33717073170731715,0.35482546201232035,0.32118959107806694,0.3098259073473001,0.4952111373031956,0.5379876796714579,0.4587360594795539,0.42020266238766074,0.6318394020913837,0.686652977412731,0.5851301115241636,0.5162685791991154,0.26567431163355265,0.3889292706748474,0.22267696028276437,0.14823903959673676
w035,12,47um,0.4509548611111111,0.1005859375,0.3778211805555556,0.4729817708333333,0.5409277745155608,0.5283321862812572,0.5541385948026949,0.5064023130937629,0.7024507080547961,0.7003899977058958,0.7045235803657363,0.640308927565395,0.82129255154681,0.8242716219316357,0.818334937439846,0.7424370844691953,0.33283424658758753,0.47684058242224897,0.578447232749802,0.2345325267961371,0.34765625,0.4516304347826087,0.5187265917602997,0.39990375360923963,0.39863993434165784,0.5971935857479941,0.6906991260923845,0.5259865255052936,0.5145998988921242,0.7067963503869432,0.8089887640449438,0.6275264677574591,0.6066191305889295,0.28325786841402795,0.4342495753722104,0.40214559662383215,0.20794308925978153
w035,12,94um,0.6115451388888888,0.14832899305555555,0.5359157986111112,0.6295572916666666,0.6943521594684385,0.6844191658048948,0.7045777146912704,0.6554717287255617,0.8321250716495228,0.8329886246122027,0.8312633073101491,0.7671116516648245,0.9120210544464823,0.9136504653567735,0.9103974449964514,0.8423409462736414,0.44332632896933183,0.7055199604591417,0.6614781231033251,0.36360742708113375,0.4852430555555556,0.6141669964384646,0.6940966010733453,0.5507452093683464,0.545057743020824,0.7482112018641587,0.8293828264758497,0.6815117104329311,0.6622668908862518,0.8374392504048715,0.9007155635062611,0.7824698367636622,0.7481171195157893,0.3101626116739513,0.5915497630005101,0.4859975783817564,0.3783050312308243
w035,13,19um,0.4405381944444444,0.015516493055555556,0.427734375,0.24967447916666666,0.5455117119949693,0.7540199913081269,0.4273399014778325,0.2971223021582734,0.6744299481498426,0.8548457192524989,0.5568965517241379,0.3924062253161467,0.7669850558654095,0.9161234245980009,0.6596059113300493,0.4783782467390548,0.5562422744128553,0.6653819645267249,0.08184466165943083,0.0077108433734939755,0.4000651041666667,0.6627081450884214,0.6962299972877678,0.6322660098522167,0.39706305787503604,0.7783361181295959,0.8066178464876593,0.7519704433497537,0.49705621208352985,0.8532655898595002,0.8828315703824248,0.825615763546798,0.5853490295313625,0.4588607594936709,0.7949641361928822,0.10130092210498816,0.009370607527721382
w035,13,47um,0.5170355902777778,0.023328993055555556,0.5041232638888888,0.3059895833333333,0.5919578114700065,0.7960992907801419,0.47114375655823715,0.3608070684425689,0.7133796437944342,0.8804964539007092,0.5995802728226652,0.4707067787023104,0.7967168570586086,0.9294326241134752,0.6971668415529906,0.5654727139504508,0.5177832919768404,0.6654266484874708,0.19803459628535708,0.05918069325954962,0.4869791666666667,0.7249540689506107,0.7473262032085561,0.7038824763903463,0.4849205491298238,0.8160992984808219,0.839795008912656,0.793704092339979,0.5988417383029397,0.8764470464492259,0.9001782531194296,0.8539349422875131,0.68686802099042,0.4081632653061224,0.8030863600093434,0.25510185047394535,0.05187216546935548
w035,13,94um,0.5233289930555556,0.024088541666666668,0.5116102430555556,0.3230251736111111,0.6158974358974358,0.806852536110178,0.49803027161517727,0.41482254697286014,0.7337071239499484,0.8938528720188109,0.6222268297739996,0.5321262405954004,0.8110087034484468,0.94054417198522,0.712834335475845,0.6303285606981626,0.4491694352159468,0.6726294260812216,0.2950715379270402,0.08239089324780303,0.4975043402777778,0.7342687074829931,0.7533260632497274,0.7161517727555463,0.55684662138005,0.8271938917761121,0.847546346782988,0.8077959776072984,0.6785729859172143,0.8882245541360907,0.9092693565976009,0.8681318681318682,0.7725631820466615,0.3500432152117545,0.8079712970460952,0.388796725374858,0.07164907071188877
w035,14,19um,0.23914930555555555,0.10774739583333333,0.1325954861111111,0.20930989583333334,0.6184369707234454,0.6625194401244168,0.5798548094373865,0.2955268178927284,0.7440038111805841,0.8045619491964748,0.691923774954628,0.37238006236953625,0.8317520725651703,0.8963193364437533,0.7758620689655172,0.4326312676254168,0.8335373174643588,0.6198427112790447,0.026343743360951775,0.016872160934458147,0.23567708333333334,0.7212065813528337,0.7265193370165746,0.7159709618874773,0.33145161290322583,0.8347607128479159,0.8586556169429097,0.8121597096188747,0.40797329741757926,0.9031629823976811,0.9313996316758748,0.8765880217785844,0.4701547600270542,0.8552221104131745,0.7799675957924899,0.05653183750383452,0.024945770065075923
w035,14,47um,0.3450520833333333,0.16883680555555555,0.1882595486111111,0.2833116319444444,0.6050768433776549,0.6710072769054002,0.5509433962264151,0.3635820895522388,0.7088407486301461,0.7793948678667177,0.65,0.4393540721903675,0.7861101254699985,0.8521639218690157,0.7295597484276729,0.5014265184440068,0.747732825778463,0.6166538026937686,0.13645267633896577,0.07011393514460999,0.3157552083333333,0.7169129720853858,0.7501718213058419,0.6864779874213837,0.39405629375625095,0.8056304136018587,0.8457044673539519,0.769182389937107,0.461904775658758,0.862565553577091,0.8979381443298969,0.829874213836478,0.5217517982336338,0.7792470536251485,0.7944598399680041,0.18097790785357515,0.08316535300010863
w035,14,94um,0.4542100694444444,0.2218967013888889,0.2673611111111111,0.365234375,0.663135593220339,0.7439096850861556,0.5981844242713807,0.49552914544425586,0.7747774480712165,0.8484848484848485,0.712852365026278,0.6059321657826751,0.8462077760097308,0.9087938205585264,0.7916865742952699,0.6874753314734632,0.6936616676372841,0.6895777238584896,0.31760422673630007,0.1887023013830516,0.396484375,0.7431122448979591,0.7972085385878489,0.6958910654562829,0.5195659322591253,0.8334640863419939,0.8886152162014231,0.7847587195413283,0.6112756205759194,0.8884862152041135,0.9373289545703338,0.8444816053511706,0.6760745390666013,0.7136661093171387,0.8203706776472082,0.3505773562446112,0.21078662121760902
w035,15,19um,0.1828342013888889,0.04481336805555555,0.13856336805555555,0.11848958333333333,0.2974432841195535,0.3782051282051282,0.2451038575667656,0.18545632015617378,0.4501369996271016,0.5641025641025641,0.3744807121661721,0.2664246449248557,0.5907034443149318,0.7161172161172161,0.5026706231454006,0.33674132045624844,0.3630759881058321,0.43321386404535234,0.07933188879132264,0.02418689876316995,0.0984157986111111,0.27083333333333337,0.3869900771775083,0.2083086053412463,0.10273447482749808,0.38895320195166,0.5600882028665931,0.29792284866468843,0.16002850090510778,0.5019258737683,0.7023153252480706,0.3905044510385757,0.21526027652850085,0.3624694645223278,0.3622463981182005,0.04388273229309514,0.005012531328320803
w035,15,47um,0.2990451388888889,0.0783420138888889,0.22265625,0.22200520833333334,0.4156601416076635,0.48778103616813295,0.3621190130624093,0.3176369863013699,0.5532912190687275,0.636852394916911,0.48911465892597966,0.4303618051356377,0.67419712818303,0.761485826001955,0.6048621190130624,0.5202713498490681,0.4467741696652007,0.4908049442267109,0.20684164346761702,0.0728514513375071,0.177734375,0.3627674101046882,0.48656898656898656,0.28918722786647316,0.2548484848484849,0.5026213953465065,0.652014652014652,0.40892597968069666,0.3433025275581784,0.6210152998817831,0.7814407814407814,0.5152394775036284,0.41195563471604624,0.4585601579362215,0.36224608329377067,0.13554755478424282,0.0760230628603572
w035,15,94um,0.5840928819444444,0.1169704861111111,0.4875217013888889,0.439453125,0.6138026078660023,0.7148148148148148,0.5378041984023778,0.5600708452228672,0.7534404546579611,0.840246913580247,0.6828905814601524,0.6891890113564121,0.8439130462736498,0.9145679012345679,0.7833921605052945,0.7695972176765913,0.5073445056799011,0.6006351839377049,0.35876273714760376,0.2079807296123736,0.3273654513888889,0.5409523809523809,0.7530659595624792,0.422069477986253,0.4488499452354873,0.6642586988009741,0.880344713291349,0.5333457180011146,0.5503366702359134,0.7542200305349828,0.9433211799801127,0.6282741965446776,0.6304913668718565,0.523558506199146,0.4664226271514998,0.27460137100359583,0.2368555385400715
w035,16,19um,0.3517795138888889,0.18153211805555555,0.18684895833333334,0.4302300347222222,0.5186624115443319,0.47137452711223204,0.5764959901295497,0.35662181877127574,0.690036654433587,0.6388398486759143,0.7501542257865516,0.4650894329684725,0.8106501499191694,0.765952080706179,0.8608883405305368,0.5504296691827497,0.5320283737397635,0.5699466736637343,0.19636027751975796,0.2751487691443644,0.2680121527777778,0.4467787114845939,0.5165991902834008,0.39358420727945714,0.34873769790329484,0.5836129880992195,0.6834008097165992,0.5092535471930907,0.45817888156648484,0.6871167904256068,0.802834008097166,0.6005552128315854,0.5450555574906824,0.4145421188076935,0.5189180241941046,0.17147874912652816,0.17524391749245055
w035,16,47um,0.4935980902777778,0.2765842013888889,0.2631293402777778,0.5633680555555556,0.6479827533107484,0.6078582434514638,0.6937788524950539,0.4627329192546584,0.7996631541211516,0.765793528505393,0.8366673994284458,0.5585044599630471,0.8926375308509029,0.8690292758089369,0.91756429984612,0.6369762426838217,0.628058906315361,0.6544454628780935,0.39533156364956,0.3845610425354601,0.3602430555555556,0.5477188969373491,0.6490963855421686,0.47373049021763025,0.4556923076923077,0.6919851794117549,0.8009036144578313,0.609144867003737,0.5592429852156092,0.7852601811139857,0.8903614457831325,0.7023521653110574,0.6408618929732138,0.4508098995534663,0.5790644948803197,0.31652790239550077,0.2771730925885791
w035,16,94um,0.6591796875,0.4288194444444444,0.3594835069444444,0.7607421875,0.7542411737734985,0.7038938810440736,0.8123456790123457,0.5699741002054122,0.8826720097768633,0.8492369134217658,0.9188477366255144,0.6749435401549682,0.9495353508172218,0.925830837255741,0.974485596707819,0.748523626783554,0.7199897501354421,0.7422930278089156,0.5581390611442475,0.520075182317119,0.5896267361111112,0.6862455469632461,0.7267206477732794,0.6500411522633744,0.5124740124740125,0.8192478528425328,0.8697092381302908,0.774320987654321,0.6135020662423819,0.8975500343740279,0.9370629370629371,0.8612345679012345,0.6885220190963592,0.647060655742347,0.6887456680888996,0.4296890999893583,0.3822394697652392
w035,17,19um,0.4712456597222222,0.2370876736111111,0.236328125,0.2731119791666667,0.5236151603498542,0.7135478744537147,0.4135390283214368,0.2832192589096059,0.6535685345816012,0.8410806515693285,0.5344232097628367,0.39698735313561645,0.7510514555914638,0.9213349225268176,0.6338936219203316,0.4855161050783855,0.6195100629228413,0.6624292136742612,0.039076820529911675,0.07059377870486305,0.2879774305555556,0.5856795769615549,0.7720422004521477,0.4717936909970067,0.2839506172839506,0.6988452676263983,0.8726450640542577,0.5827768823393967,0.3998834467961113,0.7835191844673635,0.9400904295403165,0.671655537646788,0.48995011932622884,0.6082982929474472,0.7490976838604774,0.001006036217303823,0.06981203278137822
w035,17,47um,0.5777994791666666,0.3143446180555556,0.2789713541666667,0.3577473958333333,0.6070517281373231,0.7937518956627236,0.49145539906103286,0.4195426785967903,0.7318229685110897,0.9087048832271762,0.6125821596244131,0.5396024641166416,0.8192018301263332,0.9690627843494085,0.7094835680751174,0.6304785213564446,0.7069069482099765,0.6938434632942184,0.10288499222830391,0.1602219861355687,0.3556857638888889,0.6293153551086831,0.8258084197681513,0.5083568075117371,0.3998860723440615,0.7466355682921657,0.9197681513117755,0.6283568075117371,0.5179609031245487,0.8239632699641539,0.9722391702257475,0.7149295774647887,0.6094978726024478,0.650881798855659,0.7607516955621297,0.07748505966697973,0.15502955811207333
w035,17,94um,0.7080078125,0.4273003472222222,0.4291449652777778,0.4888237847222222,0.6990027198549411,0.855715871254162,0.5908045977011495,0.5499951788641404,0.8124570195436003,0.9347391786903441,0.7184674329501916,0.6883555806327029,0.8826219715185257,0.9731409544950056,0.8075095785440614,0.7834771467720437,0.7455432151402943,0.7252934789595993,0.3985593526639024,0.39358905340505934,0.4679904513888889,0.692194131758627,0.8696962670994667,0.5748659003831418,0.5501522742902052,0.7966253643439614,0.9383259911894273,0.6921072796934866,0.6768697270513655,0.8675402712600683,0.9756549965221424,0.7809961685823755,0.7707227784576328,0.7034121355790396,0.6836751643602921,0.3895297714888963,0.3490593652722128
w035,18,19um,0.3025173611111111,0.05588107638888889,0.2592230902777778,0.17588975694444445,0.5039691540031754,0.6853793954349168,0.398493543758967,0.2581967213114754,0.6642285229225618,0.8044417026526836,0.5656384505021521,0.3556108286566176,0.766868814853038,0.879086983343615,0.6800573888091822,0.440872159100258,0.3597563854397809,0.6301175354099215,0.0466340729597593,0.24393495126624182,0.13563368055555555,0.45616641901931654,0.7368,0.33034433285509324,0.21115199547127086,0.6212887217844963,0.8456,0.49103299856527977,0.3153092935872411,0.728547152173008,0.908,0.6083213773314203,0.4084390550579646,0.4422081022514416,0.6241781521626725,0.029373780413080572,0.03977860774872879
w035,18,47um,0.4436848958333333,0.07020399305555555,0.3993055555555556,0.3244357638888889,0.6659132645853935,0.788294314381271,0.5764245536806065,0.4556119213696893,0.7774273842008036,0.8715719063545151,0.7016385424309122,0.5662306291634591,0.8520003098271853,0.9177257525083612,0.7950599168500856,0.6514839349110924,0.591239591157783,0.745890629996802,0.24586123442859054,0.19389550729922111,0.2613932291666667,0.6441982148353339,0.8688252386882523,0.5118610907312301,0.4470054129561725,0.757656720195742,0.9319219593192196,0.6382978723404256,0.5635174205408858,0.8298540516392052,0.9634703196347032,0.7287845438982636,0.6560642279747114,0.656025538707103,0.7119281877264222,0.1760492180609633,0.03903867038103782
w035,18,94um,0.5934244791666666,0.14420572916666666,0.501953125,0.5330946180555556,0.7260643421306106,0.7671483818440871,0.6891570671055037,0.587920016491445,0.8407849044635085,0.8746183594545085,0.8094715670140794,0.6833921619367151,0.9110744338762661,0.9350702218603705,0.888279392942037,0.7480662460472832,0.5471915163607396,0.7907278218836757,0.5002639316334455,0.23201521529461605,0.4312065972222222,0.6877051784390554,0.8170608958228485,0.5937100018284879,0.5406824146981627,0.7930163115376554,0.894816305988928,0.712013165112452,0.651350925330607,0.8595915132651317,0.9368394564670357,0.7941122691534102,0.7271548670648035,0.5154654447056035,0.75795820055289,0.3587262131441764,0.16352215261690767
w035,19,19um,0.3313802083333333,0.2150607638888889,0.11631944444444445,0.19542100694444445,0.5277033985581874,0.711271515824542,0.4194499017681729,0.2714123652864436,0.6372703441021352,0.7801221543586896,0.5386378519973805,0.35854938960888927,0.717151710591432,0.832870627429206,0.6296660117878192,0.4314253519281426,0.533993047768558,0.6739142492650728,0.17711376848700264,0.023031100644178154,0.10503472222222222,0.3818995524614619,0.7933884297520661,0.25147347740667975,0.09937288953207912,0.4813509709158988,0.8770661157024794,0.33169613621480026,0.16129850789728745,0.5528873146852065,0.9163223140495868,0.39587426326129665,0.22594034898401388,0.262345026022934,0.7556811029621238,0.023346303501945526,0.0
w035,19,47um,0.5226779513888888,0.349609375,0.1919487847222222,0.3157552083333333,0.5787498382295846,0.768384879725086,0.464189329458169,0.4115531580130366,0.7103132632223955,0.8601374570446736,0.6049408345443222,0.5249068865858821,0.8064869722696913,0.911340206185567,0.7232717458999377,0.616678980102637,0.575850834935464,0.6620362192071209,0.20688343362926623,0.16330210171068138,0.21744791666666666,0.47588330156868497,0.8098802395209581,0.3369317002283579,0.27202202202202197,0.6082566145536081,0.9246506986027944,0.4531866306829977,0.3784171134734837,0.7000357063255968,0.9725548902195609,0.5468133693170023,0.4724101155604903,0.3366054211112012,0.7467895471819235,0.08571865911526097,0.1649343544857768
w035,19,94um,0.7018229166666666,0.5134548611111112,0.3096788194444444,0.4998914930555556,0.707900677200903,0.8508790970262644,0.6060606060606061,0.5676063925300772,0.8292870218765679,0.9205556761449968,0.7544836116264688,0.6934366193174938,0.8996809014236143,0.9596266550900803,0.8467841682127396,0.7805489828017352,0.6879445503677737,0.7122554921940923,0.34663537166970465,0.4276026254798737,0.4149305555555556,0.6620676253400699,0.8909518828451883,0.5267470624613482,0.5050700144857557,0.7754841252162497,0.9597280334728033,0.6505875077303649,0.6263337727810636,0.8420587375274888,0.9856171548117155,0.7350030921459493,0.7182710519424487,0.5082155837855485,0.7694497815617872,0.2388562501655923,0.45216532645502694
w039,0,19um,0.4480251736111111,0.2974175347222222,0.17057291666666666,0.4010416666666667,0.6152076677316295,0.6512445887445888,0.5829498667958344,0.3551301065120669,0.754630298697051,0.8095238095238095,0.7067086461612981,0.4460713277500705,0.8417005870558769,0.8841991341991342,0.8031000242189392,0.5298485751287878,0.6390011482059161,0.3452237230006433,0.334538900628646,0.3701362700058604,0.3365885416666667,0.5982575024201355,0.6972920696324951,0.5238556551223057,0.3599589623332845,0.7382991767525855,0.8513862024500323,0.6517316541535481,0.44831378700380486,0.8287850491513605,0.9223081882656351,0.7524824412690724,0.5290373556911462,0.5549722372618293,0.4099202283928048,0.3399092840328415,0.31613864248099643
w039,0,47um,0.5817057291666666,0.4300130208333333,0.2316623263888889,0.5391710069444444,0.7554695062923524,0.7852686657275105,0.7278492818504011,0.5431803550078176,0.8641768172512014,0.8917287180519219,0.838276440962507,0.6418049036017178,0.9241468014297916,0.9416381565707386,0.9072934154075732,0.7177117916007968,0.7738542866462159,0.42107342455819796,0.43967193873344296,0.45434583875315193,0.4437934027777778,0.7059570415829013,0.8156479217603912,0.6222719641857862,0.5337202321392835,0.8277521582403907,0.9200488997555012,0.7522850214512218,0.6367394083315268,0.9015488372107083,0.9623471882640586,0.8479761238574893,0.7162658113470034,0.6725527432703572,0.4929707188405115,0.4244857597642376,0.42088114626314965
w039,0,94um,0.6974826388888888,0.5617404513888888,0.2810329861111111,0.6433376736111112,0.801650886137412,0.8353853938269523,0.7705351586807716,0.6733266733266734,0.8913958594321025,0.9310170349131388,0.8550093341630367,0.7647197617737989,0.9376070082785357,0.9689660988362288,0.9082140634723086,0.8249492681879005,0.8559060118766647,0.3913276000029592,0.5219325342888916,0.48156885600328,0.5405815972222222,0.7353198948290974,0.8420313127258129,0.6526135656502801,0.6290402784684237,0.8445894754888296,0.9341629867523084,0.7706907280647168,0.7341265084770378,0.9098020548238606,0.9706945002007226,0.8560983198506534,0.810101600309487,0.7656481346545839,0.4225209209761311,0.5111440126704551,0.4413986833021886
w039,1,19um,0.2934027777777778,0.17588975694444445,0.1240234375,0.3053385416666667,0.6480608916274012,0.6353944562899787,0.6612426035502958,0.40863552984337514,0.7880395905679765,0.7782515991471215,0.7980769230769231,0.5225867600107705,0.8580037547106181,0.8486140724946695,0.867603550295858,0.6091211234814,0.7044497647155948,0.6824052990737793,0.23442758941356118,0.1646908605101684,0.3335503472222222,0.6701280719972309,0.6297983083929733,0.7159763313609467,0.4216687083163196,0.7983263366513124,0.7742355237475602,0.8239644970414202,0.5257122836705969,0.8672013735025326,0.8480806766428106,0.8872041420118343,0.6104371724854729,0.6951024153012231,0.7154083150614429,0.21155655488047967,0.14919512032784701
w039,1,47um,0.5210503472222222,0.3965928819444444,0.19520399305555555,0.4772135416666667,0.718695652173913,0.7517053206002728,0.6884631403581841,0.5435816164817749,0.8302485203600841,0.8767621646202819,0.7884214910453977,0.6582472364887081,0.8822798276627853,0.9254206457480673,0.8429820907955019,0.737778874983575,0.7100516536094079,0.7737200576161061,0.4380091719009321,0.40248982515828186,0.4814453125,0.7258361294512392,0.7556907820599504,0.6982507288629738,0.5555007400098668,0.8228308249874444,0.8803245436105477,0.7723865056226572,0.6539488925135334,0.873809510434514,0.9323867478025692,0.8221574344023324,0.728098189234138,0.6968266460048144,0.8291228983322032,0.3951285537541957,0.371789268223551
w039,1,94um,0.7677951388888888,0.6507161458333334,0.2977430555555556,0.6830512152777778,0.8150474908383816,0.8656076250992851,0.7700678349349915,0.7261786883997258,0.9079409688111145,0.9513899920571882,0.8682871678914641,0.8340016391620089,0.9542960591651565,0.9830023828435266,0.9272187676653476,0.8984538978106699,0.8667870724290642,0.7527958221882562,0.5485803490025839,0.5007655673122207,0.6934678819444444,0.8242370238360436,0.8684086997340009,0.7843414358394574,0.7218147448015123,0.9112692249847025,0.9524331090596151,0.8735161107970605,0.8215524039662497,0.9551555706802619,0.9845094664371773,0.9275014132278123,0.8855985754690067,0.8611574893723077,0.8090048254262604,0.5037930980091522,0.5022914869599084
w039,2,19um,0.20713975694444445,0.044379340277777776,0.17643229166666666,0.1433376736111111,0.6507739938080496,0.7956093868281605,0.5505500261917234,0.14623484999006559,0.7670410576593466,0.9364118092354277,0.6495547407019382,0.21534549606392903,0.8320379796762035,0.9848599545798638,0.7202723939235202,0.2793970580213466,0.5641128650205606,0.5578267785063699,0.40220635772156427,0.0,0.12120225694444445,0.5789821546596167,0.7842435094001791,0.45887899423782086,0.11638020294056742,0.6983134679059235,0.9203222918531782,0.5625982189628077,0.19072032812099463,0.7598531713038615,0.9767233661593554,0.6217915138816134,0.2548249139483494,0.5755417350580511,0.6146739620759013,0.20840417779936848,0.0024024024024024023
w039,2,47um,0.2952473958333333,0.06532118055555555,0.2690972222222222,0.2064887152777778,0.671280276816609,0.815554387808723,0.5703785373024624,0.2649091785886514,0.7716554104794269,0.9138202837624803,0.6677692024990812,0.35355042413260257,0.8272442603094202,0.9527062532842879,0.7309812568908489,0.42303211564480525,0.5626893486697254,0.5594396544751613,0.44291503689484807,0.08350249843847596,0.18858506944444445,0.6203184570531509,0.7957422324510932,0.5082690187431091,0.24504623513870544,0.73230805073625,0.8935558112773303,0.6203601617052554,0.3312679445499552,0.7953628114473006,0.9424626006904487,0.6879823594266814,0.4035782513323398,0.5517195653182869,0.6014558578220857,0.29108808178173523,0.09275576746707742
w039,2,94um,0.3526475694444444,0.09776475694444445,0.3134765625,0.2548828125,0.7051259153420253,0.8403575989782887,0.6073846153846154,0.38094047023511757,0.8081554421172937,0.9280544912728821,0.7156923076923077,0.4684993575452226,0.8709695421870496,0.9702000851426139,0.7901538461538462,0.5353560319236105,0.5258192437075303,0.5586498749345588,0.6537865363384022,0.18247972138462054,0.2250434027777778,0.6555221637866265,0.8413693346190936,0.536923076923077,0.36679186633855715,0.7643722919030383,0.9247830279652844,0.6513846153846153,0.45192305565150714,0.8315931216418021,0.970106075216972,0.7276923076923076,0.520520332578423,0.5663795888897312,0.58841416032056,0.5055521767477265,0.20202020202020202
w039,3,19um,0.17513020833333334,0.13194444444444445,0.04481336805555555,0.13270399305555555,0.3813887909763835,0.4423548650858545,0.3351920693928129,0.11331203407880724,0.543059925767784,0.6402289452166803,0.4714993804213135,0.18202550451626331,0.6762713906257345,0.785772690106296,0.5935563816604709,0.24243648695401845,0.3719166645460222,0.6091589502836899,0.018689162881245943,0.168978740600282,0.08854166666666667,0.3777777777777778,0.5625,0.2843866171003718,0.09748134328358209,0.5160318746094917,0.7781862745098039,0.38599752168525403,0.12844140340464566,0.6308929745374966,0.8872549019607843,0.48946716232961585,0.1622397809823268,0.2243937378491763,0.7638421786563858,0.008633093525179856,0.1691865938300306
w039,3,47um,0.3353949652777778,0.2808159722222222,0.06032986111111111,0.2427300347222222,0.3941441441441441,0.4693786320965579,0.3396958912973148,0.33217344753747324,0.5336530713732957,0.6182387125614662,0.4694273697832417,0.4684964153248401,0.6486723320709663,0.7255252570406795,0.5865415723066969,0.5783282639360929,0.44130567906493784,0.6365711719135437,0.0836509682535622,0.1523165096603582,0.1537543402777778,0.3855368234250222,0.6132674664784756,0.28113879003558717,0.17498496692723992,0.5235225388894975,0.7734650670430487,0.39566483338725333,0.27377607950380356,0.6226589371640702,0.8623853211009175,0.4872209640892915,0.37056602783314185,0.3853564905744992,0.7402161226547675,0.0494009519120302,0.1613391062957055
w039,3,94um,0.5845269097222222,0.4937065972222222,0.169921875,0.3661024305555556,0.5551877639538866,0.7208061647895673,0.45145721180620013,0.5105046141763205,0.7067392651985401,0.8500296384113811,0.6047893075923519,0.6515264885796432,0.8138455586783937,0.9276822762299941,0.7248932615555969,0.7582541287281802,0.5536799939603069,0.5511557161160856,0.33346604009732184,0.3458734486198147,0.3181423611111111,0.5354008895299917,0.759549795361528,0.4134026359754966,0.43986042692939237,0.6733435136646643,0.8792633015006821,0.5455726749582328,0.5835982887733182,0.7641677444378936,0.934856753069577,0.6461852608130685,0.6892359253621357,0.46062200068528425,0.6127764649656161,0.28093678606643063,0.35702545718052847
w039,4,19um,0.2593315972222222,0.1577690972222222,0.1023220486111111,0.1806640625,0.5045622688039457,0.6144144144144145,0.4280334728033473,0.2382388419782871,0.660388177175542,0.751951951951952,0.5887029288702929,0.31799741614572985,0.7749943775799654,0.8378378378378378,0.7209205020920502,0.3834161116235147,0.6624847397747966,0.5682984399479754,0.008633093525179856,0.10082957766282588,0.2309027777777778,0.575475874280655,0.6109022556390977,0.5439330543933054,0.2413336861603599,0.7212430954300006,0.7711466165413534,0.6774058577405858,0.3135413987253137,0.8173658080730792,0.8637218045112782,0.7757322175732217,0.36935709892539215,0.6556587464904899,0.7112126839022996,0.013145839142731944,0.106435368314032
w039,4,47um,0.3207465277777778,0.2082248263888889,0.1351996527777778,0.2702907986111111,0.594088489076556,0.6495383380168607,0.547361299052774,0.3814829043411448,0.7437744708324121,0.7800080289040546,0.7107577807848444,0.47726190153472,0.8370254121691105,0.8554797270172622,0.8193504736129905,0.5449037986585324,0.6844657724023856,0.5647579147493786,0.2480494387213979,0.18682012872229525,0.3016493055555556,0.649581589958159,0.6701438848920863,0.6302435723951285,0.3843494085532302,0.7869805778602179,0.8205035971223021,0.7560893098782138,0.4746201580878815,0.8703553864701523,0.9057553956834532,0.8376184032476319,0.5324838155315041,0.7131379508101121,0.7107474475283141,0.2525411241581202,0.1942651339002618
w039,4,94um,0.4111328125,0.2710503472222222,0.1948784722222222,0.3403862847222222,0.6482818365578978,0.7156518967166082,0.5925046186328846,0.4693638229258282,0.7800229903479076,0.8377430666241632,0.7297439957772499,0.5609049478338458,0.8617166088102076,0.9037296780363404,0.8234362628661916,0.6265641693315049,0.693976809416396,0.4854119392081115,0.4763802818037298,0.2242693696701162,0.3894314236111111,0.7064245052859854,0.7261075508498189,0.687780416996569,0.4797910365686005,0.8280271967613018,0.8548342156589579,0.8028503562945368,0.5559164411971913,0.8960310811599294,0.9214265812203957,0.871997888624967,0.610216320407246,0.7145379257214394,0.6101693213591891,0.5131158103707487,0.25198415484779774
w039,5,19um,0.3767361111111111,0.3020833333333333,0.0812717013888889,0.3075086805555556,0.5794481446241675,0.6446718419195483,0.5262096774193549,0.24732006125574274,0.7221031454608383,0.7911079745942131,0.6641705069124424,0.3378091047905417,0.8174693812816464,0.8676781933662667,0.7727534562211982,0.4181131910854623,0.6756387936365571,0.5746394077682269,0.033537224413574956,0.16313134068635193,0.3471137152777778,0.6379853095487932,0.6652078774617067,0.6129032258064516,0.27983539094650206,0.7710770165578004,0.7933729290403251,0.75,0.37061784314972335,0.8570697481141861,0.8640200062519537,0.8502304147465438,0.45195772743815593,0.7298352936503146,0.7453009544020055,0.03241512270038885,0.07014025463202567
w039,5,47um,0.5680338541666666,0.4879557291666667,0.12879774305555555,0.435546875,0.693264136663423,0.7987045341305431,0.6124164278892072,0.2901004304160688,0.8187452440327618,0.9150473343298455,0.7407831900668577,0.39031436515236434,0.8933850674383063,0.9623816641753862,0.8336198662846227,0.47373893798274597,0.7589627965772484,0.5324473011771185,0.22170727623987863,0.3527914084119195,0.4842664930555556,0.7401526087853166,0.8041676002688775,0.6855778414517669,0.3202587949858472,0.8514212498907604,0.9047725745014564,0.8040114613180516,0.42008785818069555,0.9200785550827038,0.953170513107775,0.889207258834766,0.5033059505030003,0.8023541011238071,0.7012335235144133,0.18230998275572757,0.2511638759474721
w039,5,94um,0.7391493055555556,0.6388888888888888,0.2698567708333333,0.6435546875,0.7805069449894059,0.83847580509189,0.7300352319436288,0.4207818930041153,0.8887975779719038,0.9276681841173495,0.8530534351145038,0.5441688191677069,0.9430866119988033,0.9696509863429439,0.9179389312977099,0.6332042555207864,0.8094181575803432,0.6621912108498793,0.45187341318610036,0.6266553466441998,0.6864149305555556,0.8045364591261989,0.8354410369901992,0.7758367586611862,0.44844290657439445,0.902265436662373,0.9219095795131205,0.8834409864944216,0.5666494721083706,0.9546856626110599,0.9656971229845084,0.9439224897240165,0.6569419564224419,0.823723237904047,0.6888980644825683,0.4484719284496135,0.600788131471636
w039,6,19um,0.3072916666666667,0.15538194444444445,0.1548394097222222,0.20865885416666666,0.4092534174553102,0.5059802392095684,0.3435734463276836,0.22126109720009107,0.562954435376193,0.6354654186167447,0.5052966101694916,0.33957960085316174,0.6965708178757549,0.748829953198128,0.6511299435028248,0.4449174832472837,0.6850653006231343,0.4119796826066899,0.034573373436757954,0.0707621358547641,0.2455512152777778,0.4918547595682041,0.5536897923110915,0.4424435028248588,0.2586097612507923,0.6314023703386357,0.6721166593018117,0.5953389830508474,0.36953899341529506,0.7426002938565837,0.7666813963764914,0.7199858757062146,0.4592067401297657,0.7208880699042977,0.5048562693808523,0.03627729041619946,0.0690952111880209
w039,6,47um,0.5308159722222222,0.3399522569444444,0.2611762152777778,0.3904079861111111,0.6162544169611307,0.7270705947748749,0.5347506132461161,0.43704345672898354,0.7445029216924651,0.8179544191217343,0.6831561733442355,0.5973074624400175,0.8406832913708981,0.886881600889383,0.7990596892886345,0.7170757131975489,0.7607166048582104,0.4871372287633022,0.2603582581908412,0.3106386937712239,0.4064670138888889,0.6406575596202825,0.7386545648691938,0.5656173344235487,0.48656534954407293,0.7570058741465232,0.8296849973304858,0.696034341782502,0.6429521149355089,0.8459121283018367,0.893486385477843,0.803147996729354,0.7494934216327818,0.7491679802891347,0.5647055399937312,0.24862632263820986,0.3077602730145391
w039,6,94um,0.7506510416666666,0.5538194444444444,0.4469401041666667,0.5018446180555556,0.6921944035346097,0.8637837837837837,0.5774790401850246,0.5697074010327023,0.8062348651222049,0.9269189189189189,0.7133564614050304,0.7147282677818432,0.8847402768183077,0.9675675675675676,0.8149754264238219,0.8155421653898772,0.7739628215629423,0.5067638346931715,0.506359701202686,0.4937082291016675,0.5262586805555556,0.7078518014955811,0.8587628865979381,0.6020526163631107,0.6256669474866611,0.8113117607942015,0.9301030927835051,0.7194275802254987,0.7555785147717128,0.8825435900211648,0.9703092783505155,0.8093379589476727,0.844209053704098,0.7524647094542503,0.587016071505067,0.5182788064374242,0.5276479475738471
w039,7,19um,0.4287109375,0.26171875,0.17100694444444445,0.0988498263888889,0.34306869600987244,0.9154774972557629,0.21108580106302202,0.1360544217687075,0.49424593418239654,0.9791437980241493,0.33054922804353326,0.2172665047471848,0.5910565737403585,0.9879253567508233,0.4216654011642622,0.285386807386006,0.3373223034294434,0.6157461957720299,0.061952440550688354,0.010482180293501049,0.1554904513888889,0.46619613670133725,0.875785066294487,0.31764110351809666,0.19184952978056427,0.5764956736544296,0.9539427773900907,0.41305998481397116,0.2576276491615303,0.6520862177905203,0.9804605722260991,0.48848392811946345,0.31331153052537003,0.38722577923860835,0.7284724085481179,0.07420637206890592,0.0039033910709929246
w039,7,47um,0.5064019097222222,0.3336588541666667,0.1843532986111111,0.22764756944444445,0.47036215816703625,0.7583412774070544,0.34090422112706237,0.25753424657534246,0.5846473322106209,0.844137273593899,0.4471823441182773,0.3586500299298811,0.6727680824986628,0.8813155386081983,0.544032569102207,0.453595044162656,0.4616727936432231,0.6218765181168929,0.2574039643809856,0.014546714001212227,0.2776692708333333,0.5444229172432881,0.7686596326690114,0.4214698950074995,0.29977848880137825,0.636579753837368,0.854630715123095,0.5071780587100921,0.40155325449355844,0.7091389126829276,0.8972254787026183,0.5862438397257339,0.4934018294595763,0.4610965337833087,0.7471970758226568,0.2504417909461758,0.016554842888064494
w039,7,94um,0.6394314236111112,0.509765625,0.20540364583333334,0.4772135416666667,0.572150422699446,0.6693951796271033,0.4995757678601731,0.48215745028602564,0.6949361007003908,0.755343337880855,0.6434753096894621,0.6372228205879079,0.7770677540406704,0.8037744429286039,0.7520787374851519,0.7550800346187279,0.6091953412068931,0.6930522789139387,0.2845836469501343,0.12438213614684204,0.5111762152777778,0.6293851376838929,0.7083421778815538,0.5662650602409639,0.5179233621755253,0.7281765588172273,0.7890044576523031,0.676056338028169,0.6593474766519459,0.8010943831765777,0.8361282105710041,0.7688783302222977,0.7693285551117659,0.6282766929127009,0.7311208534754704,0.2630842444351124,0.13720760571294854
w039,8,19um,0.2465277777777778,0.010525173611111112,0.23643663194444445,0.3115234375,0.5218743923779895,0.4674329501915709,0.590669014084507,0.30346051464063883,0.6667279824159212,0.6137234413096482,0.7297535211267606,0.41434914083085345,0.7607217653414821,0.7084639498432602,0.8213028169014085,0.5132189523461967,0.09708836359947245,0.29186458181776687,0.5599541110715157,0.0,0.1052517361111111,0.38371375694016036,0.6412371134020619,0.2737676056338028,0.12055132688747171,0.49354838709677423,0.788659793814433,0.3591549295774648,0.17955440946408532,0.5686045976016763,0.8804123711340206,0.4198943661971831,0.24340336244833832,0.24083802573217153,0.041258526683503674,0.4251432818186256,0.0
w039,8,47um,0.4652777777777778,0.052300347222222224,0.41796875,0.4548611111111111,0.6044811320754717,0.6114026717557252,0.597714552238806,0.45002426006792823,0.7623547130666934,0.7819656488549618,0.7437033582089553,0.5893209291167548,0.8538171770231244,0.8761927480916031,0.8325559701492538,0.6923295195861248,0.20137143040030728,0.49696684235627453,0.5951643115190897,0.10460403703740226,0.1935763888888889,0.40316205533596844,0.6860986547085202,0.28544776119402987,0.2457162440027416,0.5278973585101461,0.820067264573991,0.3892257462686567,0.3525647373989619,0.6246026968456537,0.9159192825112108,0.47388059701492535,0.45678967454264785,0.16060017718798894,0.2504643671909834,0.3663604492776277,0.08697000232540113
w039,8,94um,0.5818142361111112,0.06879340277777778,0.5228949652777778,0.6021050347222222,0.6976445788653651,0.6858893494323302,0.7098097724729578,0.5410944865751177,0.833528733477852,0.8280771310145972,0.8390525923162999,0.6560073059051904,0.9084817096988229,0.9055685709136782,0.9114136516225289,0.745552404910241,0.18489696016806112,0.6316399010865831,0.6676359705754447,0.12922751586757075,0.2903645833333333,0.4744961433192337,0.7126307922272048,0.355650876538605,0.36223674655047206,0.6015115884822941,0.8370702541106129,0.46941439761283105,0.48114951824003854,0.6993099398032594,0.9166666666666666,0.5652741514360313,0.5875920408402023,0.14578808036926422,0.4039936216862667,0.33226155670648966,0.16459546654376336
w039,9,19um,0.4027777777777778,0.03211805555555555,0.3713107638888889,0.19618055555555555,0.6228260869565218,0.9507743362831859,0.4630926724137931,0.15294117647058825,0.7331627007769659,0.9845132743362832,0.584051724137931,0.2318053116942691,0.8123709288589616,0.9983407079646017,0.6848060344827587,0.30351028652169576,0.09646302250803859,0.7676946218606203,0.0,0.0,0.24934895833333334,0.7184692179700499,0.9395126196692777,0.5816271551724138,0.2052516411378556,0.8096870206071585,0.9786771105308965,0.6904633620689655,0.2931515848250944,0.876188360582149,0.9969538729329852,0.7815193965517241,0.36858115090867843,0.16149068322981366,0.842857139668248,0.0005822416302765647,0.004397215097105166
w039,9,47um,0.4685329861111111,0.07606336805555555,0.4083116319444444,0.2390407986111111,0.6210703879773041,0.9192010894235134,0.46896711440481703,0.2600523802187644,0.7356996263836689,0.9600544711756696,0.5963408985641501,0.367390787104208,0.8156358182699789,0.9791193826600091,0.6989346919870311,0.4629363727090277,0.29664328262411743,0.7630917863945111,0.11223123325220222,0.0777285866487824,0.2972005208333333,0.7215530678758679,0.9295363271266885,0.5896248263084761,0.301408851572506,0.8165191011672083,0.9656809054399416,0.7072718851320056,0.40660163822470147,0.8810179872678503,0.9839357429718876,0.7975914775358962,0.49630929635017446,0.2845703726516785,0.8469434656044125,0.14891234455450433,0.10151701959207884
w039,9,94um,0.6127387152777778,0.2906901041666667,0.4767795138888889,0.4006076388888889,0.672020558946354,0.8499458288190682,0.5556932884717549,0.4013695604152861,0.7817111012335433,0.9087215601300108,0.6858508942801488,0.5245298288388829,0.8595252024768846,0.9414951245937161,0.7906853196387462,0.627460688618353,0.5874348337911317,0.7379864683976313,0.48602903849302304,0.36598256049398314,0.474609375,0.7514220137710806,0.8607681755829903,0.6667256950593236,0.4375513557929334,0.8506566812695221,0.9197530864197531,0.7912165751726581,0.5668436255486757,0.9113877493060981,0.952217649748514,0.8739153532849301,0.6696671899253042,0.6325196183291341,0.8038899330676781,0.5047621085974788,0.4036225237050289
w039,10,19um,0.2680121527777778,0.2265625,0.04611545138888889,0.2119140625,0.587836310196699,0.6656426011264721,0.5263157894736842,0.009174311926605503,0.7376984040857009,0.8187403993855606,0.671255060728745,0.021276595744680854,0.8310647936494742,0.9139784946236559,0.7619433198380566,0.03619909502262444,0.6984265330113275,0.5991978917263407,0.06307065125838078,0.1619310259349921,0.2269965277777778,0.6085050416483998,0.6634799235181644,0.5619433198380567,0.008567348881485007,0.7483288521842679,0.8130975143403442,0.6931174089068826,0.019876952200662566,0.8367641978823747,0.904397705544933,0.7785425101214575,0.03383458646616541,0.7056095474838775,0.6292376811245076,0.026810584958217268,0.1524185064913851
w039,10,47um,0.4860026041666667,0.41796875,0.09440104166666667,0.4011501736111111,0.6183953033268101,0.6837976737895591,0.5644116990399642,0.11469009272816008,0.7560243930217005,0.8441979983770624,0.6845277963831212,0.18803273762174968,0.8386296785986188,0.9350824993237761,0.7602143335565975,0.24656024984112337,0.7215676589731189,0.5115636865723162,0.21243537196281714,0.2947503458443628,0.3943142361111111,0.636755823986195,0.7107870115575123,0.5766912257200268,0.11350681536555142,0.7628564434229949,0.8621353880022015,0.6840812681402099,0.18586822882765602,0.8425809292510411,0.9435883324160704,0.7611073900424202,0.24412260375870637,0.7133043818671199,0.5558654571797363,0.21195888229332563,0.314196078502663
w039,10,94um,0.6329210069444444,0.5110677083333334,0.20052083333333334,0.5668402777777778,0.7510174550058786,0.7947932618683001,0.7118121035487742,0.4322179605872239,0.8704159871906464,0.9119448698315467,0.8325047145551174,0.5400092401744863,0.9393003526246899,0.9678407350689127,0.9123949939996572,0.6286585555783235,0.8438547101272719,0.5871317254174397,0.3242293515040872,0.35341119574389424,0.5161675347222222,0.7535410764872521,0.83876392684465,0.6840390879478827,0.41217930645616013,0.8594843211530965,0.9358839604792937,0.7946168352477284,0.5154998523642303,0.9183333908391057,0.9781374816060542,0.865420881193211,0.5958130803078406,0.8110347222573403,0.6679654179768916,0.31513129428477815,0.382441775816113
w039,11,19um,0.2979600694444444,0.0016276041666666667,0.2966579861111111,0.23958333333333334,0.3798950343157044,0.42617753623188404,0.342680262199563,0.3560845275686179,0.4723207363024792,0.49728260869565216,0.4497450837581937,0.4915184188355482,0.5529994589930115,0.5665760869565217,0.5400582665695557,0.5920989394764665,0.0,0.522711762854736,0.24567152941725787,0.01452025410444683,0.3342013888888889,0.466529351184346,0.44123376623376626,0.49490167516387473,0.3792343154940869,0.5678948519615835,0.5298701298701298,0.6117989803350328,0.5045354780336837,0.6521467815161055,0.602922077922078,0.7101238164603059,0.598551801649644,0.0,0.6018087403172042,0.2098963463158822,0.014257939079714841
w039,11,47um,0.3560112847222222,0.0018446180555555555,0.3544921875,0.3650173611111111,0.4842738901429646,0.47829964328180735,0.49039926851569643,0.4065735414954807,0.5840647044704874,0.5585612366230678,0.6120085339835416,0.5028428200800955,0.6700598519940107,0.633769322235434,0.7107589149649497,0.5823264715210937,0.0,0.5119961580138238,0.4419661163197605,0.02136241410218106,0.4606119791666667,0.5508902471432368,0.488339222614841,0.6318195672051203,0.4375538329026701,0.649171497715238,0.583510011778563,0.7314843035659859,0.5313788707047798,0.7258746966803078,0.656301531213192,0.8119475769582445,0.6060862410232202,0.0,0.5863778522724048,0.4527646372795975,0.020319461045311314
w039,11,94um,0.3617621527777778,0.0018446180555555555,0.3602430555555556,0.3955078125,0.49118784926207193,0.47023319615912207,0.5140971805638872,0.41247280638143585,0.5883602678038432,0.5492455418381345,0.6334733053389322,0.50173810015544,0.674515092505798,0.6244170096021948,0.7333533293341332,0.5781149127301233,0.0,0.5306061831018097,0.4402250428393087,0.01986111111111111,0.4985894097222222,0.553159288687098,0.47725788900979327,0.6577684463107378,0.4489483747609943,0.6503018431832689,0.570620239390642,0.7558488302339532,0.5360419814526002,0.7276453959136229,0.6433079434167573,0.8374325134973005,0.6098327487993748,0.0,0.6073278844894983,0.47568036329222785,0.018959748555206327
w039,12,19um,0.3832465277777778,0.030056423611111112,0.3532986111111111,0.1467013888888889,0.5204750204750206,0.9400887573964497,0.3598527746319366,0.3499905713746936,0.6427132202747907,0.9704142011834319,0.4804643261608154,0.4568431759787053,0.7257099167590967,0.9792899408284024,0.5764439411098528,0.5404632814911268,0.5465693430656934,0.6525383150059282,0.0,0.0,0.19791666666666666,0.6348020911127707,0.9320175438596491,0.4813137032842582,0.45437229437229437,0.7354879320415136,0.9654605263157895,0.5939977349943375,0.539501590968475,0.8149250639878091,0.9824561403508771,0.6962061155152888,0.6076252824037888,0.6128662628908168,0.7483472706252634,0.0,0.0
w039,12,47um,0.4684244791666667,0.06781684027777778,0.4173177083333333,0.22938368055555555,0.5072306017726637,0.7715231788079471,0.37780866342367386,0.3878483999410116,0.6166176047978382,0.8174077578051088,0.49501968959925874,0.4990955807287175,0.6960589755155215,0.8415326395458845,0.5934676858929813,0.5903122960375332,0.38505670694555694,0.6494131094875529,0.07958928260317086,0.06096682464454977,0.2652994791666667,0.6406388642413487,0.8858895705521472,0.501737317581654,0.4741282339707537,0.739645259498488,0.9361963190184049,0.6113041463979616,0.5616746565624459,0.8178625485091243,0.9648261758691207,0.7097521426916841,0.6337645564111384,0.5849739463583276,0.7462492725996279,0.12402275304642356,0.08266923818707811
w039,12,94um,0.5278862847222222,0.1284722222222222,0.447265625,0.2907986111111111,0.5502982107355865,0.7746268656716417,0.42672147995889004,0.4661145456666278,0.6529414067086774,0.8190298507462687,0.5428571428571428,0.5738577714917595,0.7285803815565262,0.8444029850746269,0.6406988694758479,0.657190553464561,0.4788529040513202,0.6661341752366278,0.17957162615479838,0.15226357481824424,0.3172743055555556,0.6745410193863141,0.8984268125854993,0.5399794450154163,0.5292049449926279,0.7637674567327233,0.9374145006839946,0.644398766700925,0.60962458241277,0.8350440861348228,0.9651162790697675,0.7358684480986639,0.6748033791237639,0.6388175821523235,0.7484683136818058,0.23382356412738134,0.16857416019232732
w039,13,19um,0.4037543402777778,0.07378472222222222,0.3551432291666667,0.3192274305555556,0.6477562659462704,0.7335146159075459,0.5799516259070142,0.2855118668083599,0.7670927602317076,0.849082256968049,0.6995431335662456,0.37354277940359487,0.8397562374255251,0.9177430319510537,0.7739854877721043,0.441569769422796,0.49482764605824975,0.48705823347503097,0.5386481355973787,0.02445941155618575,0.1703559027777778,0.4328104328104328,0.7292993630573248,0.3077129803816178,0.19419747309312121,0.5376078364028051,0.8280254777070064,0.3980112872883633,0.25988157188852495,0.6173816047034902,0.9082802547770701,0.46761623219564635,0.3144595226953673,0.38855069999433206,0.10968802248680387,0.4760770674714279,0.06217616580310881
w039,13,47um,0.640625,0.11469184027777778,0.5833333333333334,0.5347222222222222,0.7450147710487445,0.8187905844155844,0.6834349593495935,0.45652620760534435,0.8372622255945995,0.8944805194805194,0.7869241192411924,0.5702386226057079,0.8966549129360272,0.9433847402597403,0.8543360433604336,0.6508315079758583,0.6245984911514079,0.6240568451148062,0.5982567913093843,0.11900313317427923,0.2897135416666667,0.5117797993935153,0.8217228464419476,0.37161246612466126,0.27676659528907926,0.6308585070473925,0.8966292134831461,0.4866192411924119,0.3698773301119408,0.7226803606043748,0.9468164794007491,0.584349593495935,0.45634063895989435,0.46820791874133444,0.24750005805050368,0.5029460587267459,0.08568964455122281
w039,13,94um,0.7686631944444444,0.1430121527777778,0.7222222222222222,0.6551649305555556,0.8123761621704009,0.882742630009937,0.7523997741389046,0.6652432514869605,0.8916608316690366,0.9496522027161312,0.8403444381705252,0.7756605508026602,0.9403771145185976,0.9801258694932097,0.9037267080745341,0.8550664290675513,0.6143470117511779,0.7831618094219348,0.6083409839394345,0.308986020626955,0.3824869791666667,0.6190969931190499,0.9316312056737589,0.46357989836250707,0.4695783416658805,0.7358676898028104,0.9781560283687943,0.5897797854319593,0.5960647929385525,0.8152640743028229,0.9943262411347518,0.6908526256352343,0.6974547805479302,0.46040267333206625,0.4894078805705498,0.5100432326355954,0.2522304993001705
w039,14,19um,0.4222005208333333,0.0035807291666666665,0.4186197916666667,0.19911024305555555,0.6213761788333916,0.9694822888283379,0.4572089437162683,0.15366772977674686,0.7438256658595642,1.0,0.5921356977640709,0.22303598028411223,0.8200151630022745,1.0,0.6949370341814444,0.2898183502110073,0.0,0.7478091528724441,0.0,0.0,0.3106553819444444,0.7616227420787681,0.8983583653510304,0.6610125931637111,0.18717891445164173,0.8583168563360546,0.9675165909884736,0.7712670264713442,0.2663729187898833,0.9148378144503102,0.9965071603213412,0.8455409920328965,0.3406817362273156,0.0,0.8623866050319311,0.0,0.0
w039,14,47um,0.4396701388888889,0.012803819444444444,0.4268663194444444,0.22298177083333334,0.6556410676273129,0.9742092457420924,0.4940769990128332,0.2642829382044306,0.758007662835249,1.0,0.6103158933859822,0.3558257129400054,0.8307603520415525,1.0,0.7105133267522211,0.44725917028157275,0.0,0.7719681598251912,0.0,0.0,0.3349609375,0.7760190502871551,0.8973113054745708,0.6836130306021717,0.33408870184525735,0.8662968312715518,0.9663103336572725,0.7850444225074038,0.43613559365895427,0.9211029802336448,0.996760609005507,0.8561204343534057,0.5297227421986396,0.5157232704402516,0.874125347979836,0.0,0.0
w039,14,94um,0.4567057291666667,0.029839409722222224,0.4268663194444444,0.23914930555555555,0.6580383595820989,0.957350272232305,0.5013067236873366,0.35489395336582796,0.7618384653544106,0.984573502722323,0.6212877167973391,0.4610252782585699,0.8353608890535789,0.9895644283121597,0.7227369921596579,0.5515992423847885,0.5296161377945295,0.7721598002496879,0.02738933065228651,0.0,0.3644748263888889,0.7843551797040168,0.8835963084251265,0.7051556189118555,0.4717585181797393,0.8747634857461989,0.9508782375707056,0.8099311000237586,0.5712456958883638,0.9294731466926145,0.985412325096755,0.879543834640057,0.6575482807747949,0.6774774774774774,0.874443736229014,0.05412108760434597,0.0
w039,15,19um,0.3637152777777778,0.3094618055555556,0.0627170138888889,0.2794053819444444,0.5419267757718913,0.6236893203883496,0.47911694510739855,0.2592935084150176,0.69558084258829,0.7704854368932039,0.6339498806682577,0.3797760866103663,0.7831985436154827,0.8368932038834952,0.7359785202863962,0.4937576573833109,0.662114091937364,0.6282258863959291,0.06612782187829175,0.17292377701934014,0.2616102430555556,0.532708658684713,0.6366652841144753,0.4579355608591885,0.2487125691398054,0.6854012203011303,0.7718788884280382,0.6163484486873508,0.3552861310495406,0.7763496433524403,0.8328494400663625,0.7270286396181385,0.4653495509603933,0.6186164234693885,0.7904401560194586,0.05689743777989869,0.14222705283537043
w039,15,47um,0.6040581597222222,0.5251736111111112,0.130859375,0.5675998263888888,0.7106871642896833,0.7335117568342573,0.6892401652595653,0.5217820804109454,0.8303409318151052,0.8338749761039954,0.8268367163642896,0.663494173591814,0.8944894006414735,0.8833874976103996,0.905873899766481,0.7749317552865082,0.8036653792231778,0.6104633810090061,0.22290384559117551,0.3429399153905308,0.5092230902777778,0.6824561403508772,0.7460046878329427,0.6288844979342554,0.46113719353155974,0.8047577802372167,0.8448753462603878,0.7682773486617568,0.6039612078872229,0.873988995986353,0.8928190922650756,0.8559367702532783,0.7190731482744457,0.7390347229235126,0.7525831065318819,0.1786384447947159,0.31212928525581846
w039,15,94um,0.7177734375,0.6402994791666666,0.1875,0.7380642361111112,0.8231348289483491,0.8118200529256101,0.8347694633408919,0.7346938775510204,0.9173884472607375,0.9029697147897677,0.9322751322751323,0.8501692384483538,0.9583299974284261,0.944722140546898,0.9723356009070295,0.9246035664978397,0.8930890857118571,0.5819536131605888,0.3270876031128972,0.43341100069542743,0.6407335069444444,0.765814696485623,0.8118543607112616,0.7247165532879819,0.648522186695781,0.8678293049397924,0.8995766299745978,0.8382464096749811,0.7823695972576209,0.924119806706559,0.9407281964436918,0.9080876795162509,0.8777021980281204,0.813848973157388,0.7169512674168728,0.33537535093578613,0.4281285651878663
w039,16,19um,0.3224826388888889,0.07215711805555555,0.2505425347222222,0.3039279513888889,0.30902477048328425,0.31845769368082827,0.3001345895020188,0.23685457129322596,0.4594753672674591,0.4759014637629418,0.44414535666218036,0.31269728248672407,0.6223642188542374,0.6419136022848982,0.6039703903095559,0.3844876183269387,0.14564858726238597,0.09564945078969293,0.3873759728826946,0.1843050355314434,0.4328342013888889,0.39505818129579084,0.3446979192780145,0.4626514131897712,0.28879138412445154,0.5642521508651649,0.5041363750313361,0.6406460296096904,0.37193631999369803,0.7121016021481468,0.6522938079719228,0.7839838492597577,0.44814973985359335,0.19980806263619316,0.27397894539254486,0.40297947047421884,0.20963716644269534
w039,16,47um,0.4544270833333333,0.09233940972222222,0.3657769097222222,0.3843315972222222,0.4289780077619663,0.46809712027103334,0.3958930276981853,0.3433006743860542,0.565130194814066,0.6038961038961039,0.5310410697230181,0.45185250708300057,0.6967498038295408,0.7348955392433654,0.6623686723973257,0.5473327818709963,0.20599660175140505,0.15944760362243635,0.4663498746230085,0.29227007553357914,0.5387369791666666,0.5207035944499072,0.47995971802618326,0.5690066857688634,0.43912949795302736,0.6587539549754005,0.6161127895266868,0.7077363896848138,0.5455033130345807,0.7687168673142745,0.7307150050352468,0.8108882521489972,0.6293962477913885,0.25893447602866776,0.3234093291923717,0.49322569042004716,0.2686805105252337
w039,16,94um,0.4645182291666667,0.09581163194444445,0.3732638888888889,0.4069010416666667,0.4345660565309426,0.4653333333333333,0.4076150432142023,0.41555426581543814,0.5693501200363511,0.6002666666666666,0.541462275169353,0.517986322814534,0.6988680847368841,0.7301333333333333,0.6701705209063303,0.6048260829869144,0.20155900843875388,0.15409429029946406,0.4571820039025157,0.42770970889853965,0.5627170138888888,0.5211788317312771,0.4757038179714616,0.576267227283345,0.5088050940204955,0.6576355178055522,0.6120323949093713,0.7105816398037842,0.5964562448018328,0.7669023707841897,0.7269571924411878,0.8114926419060967,0.6683292322525402,0.2562220172753625,0.3285771868112318,0.48635408486962395,0.3620932893983938
w039,17,19um,0.0009765625,0.0,0.0009765625,0.0078125,0.2222222222222222,0.125,1.0,0.0049680624556423,0.4347826086956522,0.2777777777777778,1.0,0.011336261867649144,0.5742574257425743,0.4027777777777778,1.0,0.021867328799977426,,0.4347826086956522,0.0,0.0,0.010633680555555556,0.16822429906542058,0.09183673469387756,1.0,0.004922644163150493,0.35294117647058826,0.21428571428571427,1.0,0.012658227848101267,0.5263157894736842,0.35714285714285715,1.0,0.02184590415990433,,0.35294117647058826,0.0,0.0
w039,17,47um,0.043511284722222224,0.0009765625,0.042534722222222224,0.046332465277777776,0.4251207729468599,0.41217798594847777,0.4389027431421446,0.1413160733549083,0.6051980257730218,0.5995316159250585,0.6109725685785536,0.22159050720952245,0.7047536990704687,0.7166276346604216,0.6932668329177057,0.28061542969733694,0.0,0.6120009562514941,0.0,0.0,0.056206597222222224,0.4766050054406964,0.42277992277992277,0.5461346633416458,0.19478810213214004,0.6550739570370747,0.5888030888030888,0.7381546134663342,0.3052764210116166,0.7680321250081841,0.7162162162162162,0.827930174563591,0.3794683428665357,0.0,0.6652714732063905,0.0,0.0
w039,17,94um,0.2535807291666667,0.05392795138888889,0.2007378472222222,0.1508246527777778,0.6262409444593507,0.839568345323741,0.4993581514762516,0.4098221845893311,0.7486484747641508,0.9446043165467626,0.62002567394095,0.49315583144046304,0.8077381829505297,0.9676258992805755,0.693196405648267,0.5505349317658319,0.777944588508257,0.724598310311763,0.03169213355970572,0.015500514877242426,0.1869574652777778,0.6911330049261084,0.8142774230992456,0.6003423192126658,0.4824995056357525,0.8064471563435415,0.9239698200812536,0.7154471544715447,0.5589463622275701,0.8609654276257132,0.9651770168311086,0.7770646127513907,0.6103764057239437,0.7941101198708486,0.7956868822357369,0.040710649109756455,0.007773782917112039
w039,18,19um,0.4636501736111111,0.0,0.4636501736111111,0.15299479166666666,0.43357381664613764,0.873758865248227,0.28832202199859586,0.24646280237334553,0.5862081408775981,0.9574468085106383,0.4224198455417739,0.35229142650028983,0.6889103587193118,0.9893617021276596,0.5284343552539199,0.44650319224240087,0.0,0.31525493419691364,0.47607935827899356,0.0,0.1527777777777778,0.4326703045238515,0.8728693181818182,0.28761993915282,0.217351598173516,0.550504215572822,0.9375,0.38965597940556984,0.28544740358014414,0.6407215641548574,0.9680397727272727,0.47882050081909666,0.34937513652186447,0.0,0.4837442924844992,0.12523869085466996,0.0
w039,18,47um,0.6182725694444444,0.0,0.6182725694444444,0.2271050347222222,0.4862020279810037,0.904921165790731,0.3323973323973324,0.370960038210476,0.6493247620127826,0.9718107978977544,0.48753948753948756,0.5084993010451893,0.7539573994946533,0.9904443382704252,0.6086346086346086,0.6131689627920058,0.0,0.35498033398304857,0.5413311633301277,0.0,0.2398003472222222,0.484825493171472,0.867420814479638,0.33643383643383645,0.3185370428258831,0.6234142265584274,0.948868778280543,0.4641979641979642,0.4248985849056604,0.7266049117949719,0.9733031674208145,0.5796770796770797,0.5264748148421091,0.0,0.5642706522966199,0.2009332756049454,0.0
w039,18,94um,0.7415364583333334,0.0,0.7415364583333334,0.3646918402777778,0.613437959784208,0.9303778637310325,0.4575651155984782,0.5278722847422141,0.7419052780419098,0.9848259446593276,0.5951126719344454,0.6496497219299914,0.8167606632322775,0.995834573043737,0.6922739244951712,0.7383000481527092,0.0,0.38857915575923363,0.6559255856666907,0.0,0.3428819444444444,0.5927556533920352,0.9373417721518987,0.4334211296458882,0.3891950006719527,0.7157019100969862,0.9854430379746836,0.5618964003511853,0.5062257478079472,0.7998285523489814,0.9965189873417721,0.6679836113549897,0.6081705130472181,0.0,0.6212364509307786,0.33470596615816234,0.0
w039,19,19um,0.1791449652777778,0.07671440972222222,0.10492621527777778,0.0947265625,0.6188589540412044,0.8946162657502864,0.4730466384009691,0.20951619352259093,0.7308313146751052,0.9633447880870561,0.5887341005451242,0.2803664940810183,0.7977476393124857,0.9885452462772051,0.6686856450635978,0.3423920389811852,0.4731120392152799,0.8639211859085014,0.0,0.017955336101447648,0.10264756944444445,0.5976126299576434,0.8202959830866807,0.4700181708055724,0.2210837438423645,0.7203415365760348,0.9217758985200846,0.5911568746214415,0.291408232089315,0.7947591773168959,0.9630021141649049,0.6765596608116293,0.35719608704192085,0.29843561973525873,0.8931991378346544,0.0,0.03577690480946357
w039,19,47um,0.2945963541666667,0.1591796875,0.1459418402777778,0.16373697916666666,0.6425189393939393,0.899271040424122,0.4998158379373849,0.29112081513828236,0.749710030425793,0.94831013916501,0.6198895027624309,0.3900225387379314,0.8049419354495582,0.9582504970178927,0.6939226519337016,0.46788608173642093,0.5315325276201979,0.8490719839764652,0.06333064840918244,0.1452880131086929,0.17198350694444445,0.6251162790697674,0.8479495268138801,0.4950276243093923,0.31125827814569534,0.7337611102613457,0.9274447949526814,0.6069981583793739,0.4061447216723299,0.7939315057696282,0.9589905362776026,0.6773480662983425,0.4775859316294787,0.4099509295510534,0.8852197646204268,0.02869832593098736,0.15073705331651757
w039,19,94um,0.3998480902777778,0.2647569444444444,0.1554904513888889,0.3234592013888889,0.6357635763576357,0.7108352901710835,0.575033921302578,0.5471357211180784,0.7222370623184082,0.7745722911774572,0.6765264586160109,0.6546158207013304,0.7791055839230913,0.8218718550821872,0.7405698778833107,0.7272502199493979,0.5962750387101331,0.8535879660641756,0.12175115417440127,0.12498030373006602,0.2947048611111111,0.6608342446492735,0.7787187039764359,0.5739484396200815,0.5041557305336833,0.7550213012425241,0.8494108983799705,0.6795115332428765,0.6161895566999076,0.8072787476344634,0.8895434462444771,0.7389416553595658,0.6910518094396592,0.6040449849773898,0.8891699294141483,0.07117054109373697,0.13788320211296712
w040,0,19um,0.2482638888888889,0.15364583333333334,0.10308159722222222,0.18196614583333334,0.39747793190416136,0.469886702444842,0.34440559440559443,0.26724922628800296,0.5612153981475512,0.6505664877757901,0.49344405594405594,0.38433956843544,0.6816032863977951,0.7769827072152653,0.6070804195804196,0.47447858488787165,0.40925319060376725,0.693407344944126,0.13123919422897304,0.08056376932202489,0.09537760416666667,0.26902431323018633,0.48464163822525597,0.1861888111888112,0.13205537806176784,0.4189559222236408,0.6928327645051194,0.30026223776223776,0.1994014267992935,0.552541888995195,0.856655290102389,0.40777972027972026,0.25573200603943724,0.3729447253260823,0.3520952528220194,0.10577056649904147,0.02651515151515152
w040,0,47um,0.3332248263888889,0.22840711805555555,0.134765625,0.2904730902777778,0.4871259568545581,0.5229734777736272,0.4558775643112993,0.38310745401742496,0.6238632044491756,0.6667911841613747,0.5861282969716705,0.5029018192319838,0.7274915020555125,0.7758685095255884,0.6847932269619017,0.5950956851735114,0.5241163377468804,0.6824298873403418,0.28403397004499237,0.20371476710544867,0.173828125,0.3560881660603466,0.519350811485643,0.2709215239335721,0.25372096258172205,0.4855668044710781,0.6903870162297129,0.37447085639856725,0.3435440499667751,0.5957084610690746,0.8039950062421972,0.47313578638879844,0.4243572371885794,0.4489422722097504,0.30786053331345214,0.22330821996994102,0.09464733567657696
w040,0,94um,0.5198567708333334,0.3811848958333333,0.20084635416666666,0.4147135416666667,0.6097759201207477,0.6870748299319728,0.5481110415362137,0.5344982885966492,0.7389918348054814,0.8178963893249608,0.6739720308912545,0.6486943951432153,0.8285483832461946,0.891156462585034,0.7741598831141724,0.733377368687432,0.635868891791098,0.6371298334096861,0.4154772613979498,0.3059365970628623,0.2646484375,0.46085753803596125,0.6830668306683066,0.3477353370903778,0.3862537298075934,0.6032041617007688,0.8343583435834359,0.472343978292632,0.4948291988255279,0.7079584159663902,0.9056990569905699,0.5810895428929242,0.5836384154209944,0.5164732104096994,0.43010376425358793,0.33789589427635386,0.16265307242549373
w040,1,19um,0.2121310763888889,0.034722222222222224,0.17740885416666666,0.1396484375,0.36890808143121534,0.46464646464646464,0.3058823529411765,0.2820740740740741,0.5071372785802887,0.5773115773115773,0.45217391304347826,0.3981432449582384,0.6194286086442664,0.6658896658896659,0.5790281329923274,0.502538111310758,0.18867924528301888,0.517102064322695,0.05909107717339054,0.0,0.17296006944444445,0.5714285714285714,0.6361355081555834,0.5186700767263427,0.3530689842476915,0.6886414736908445,0.7440401505646174,0.640920716112532,0.4627727403555656,0.7666755730150575,0.8136762860727729,0.7248081841432225,0.557486684302056,0.49325355890241385,0.6629644049649382,0.11091783119060927,0.0
w040,1,47um,0.3475477430555556,0.04774305555555555,0.3001302083333333,0.20768229166666666,0.44635528630056676,0.5966562173458725,0.35654074305338745,0.3920989477570611,0.5712631262117825,0.6839080459770115,0.49047767717764595,0.5280436767032768,0.6669109824740401,0.7549634273772204,0.5972525757102716,0.6364364060170212,0.5283529737546536,0.540893680165882,0.0749868073878628,0.0,0.2361111111111111,0.5844952593418851,0.7224264705882353,0.4907898844832969,0.47367494277161476,0.6938135156982761,0.8258272058823529,0.5981891976272244,0.5838747204795106,0.7695264730917284,0.8809742647058824,0.6831095847642835,0.6748443979957178,0.5769916503380466,0.6453077566600877,0.17075686326414918,0.0
w040,1,94um,0.5113932291666666,0.08268229166666667,0.4605034722222222,0.2693142361111111,0.5253648366921473,0.7614826752618856,0.4010184595798854,0.43562674432714477,0.6536719048878882,0.8376309427880742,0.535964353914704,0.5706437928249043,0.7405569189925931,0.8795326349717969,0.6395077445363887,0.669318810840698,0.4436754827784828,0.5888064405542592,0.24224953874987437,0.1437613881192654,0.3126085069444444,0.6320779562812747,0.8330440819160014,0.5092297899427116,0.47916666666666674,0.7266793820588883,0.9180839986115932,0.6013155102906853,0.5765877459176826,0.7897767594124627,0.9500173550850399,0.6757903670698069,0.6519133214843836,0.5080846308145969,0.6296620648253158,0.34313038875999285,0.1264068912274999
w040,2,19um,0.2353515625,0.0866970486111111,0.1501736111111111,0.1937934027777778,0.5810366624525918,0.6433370660694289,0.5297372060857538,0.16101488167845815,0.7054077979613473,0.7536394176931691,0.6629783310281235,0.24982966159436745,0.8036079940042082,0.8376259798432251,0.7722452743199631,0.35099704961040784,0.42993952291798554,0.7888510460476308,0.0,0.07872579421845448,0.2667100694444444,0.6068727036956992,0.5711960943856794,0.6473029045643154,0.25361559421504926,0.7229580307797618,0.7054515866558178,0.7413554633471646,0.34780123652832934,0.8026762136232004,0.7990235964198535,0.8063623789764869,0.42955124620893465,0.5784177388447851,0.7597023526052326,0.015557476231633534,0.04893639439455846
w040,2,47um,0.3661024305555556,0.1765407986111111,0.2035590277777778,0.2939453125,0.6943942133815553,0.7796234772978959,0.6259632483698874,0.241112284406899,0.8149303293331371,0.8837209302325582,0.7560758743331357,0.34688288698351827,0.8852726913922367,0.9387227759320783,0.8375815056312982,0.4461249594040981,0.613529561174001,0.8807535627956118,0.22345047366521023,0.15582089552238806,0.3598090277777778,0.7321375186846039,0.73854041013269,0.7258446947243627,0.3259659723326443,0.8305759707096735,0.8588661037394452,0.8040901007705987,0.4262906540136731,0.888115221960215,0.9176718938480096,0.8604030823947837,0.5172420882509986,0.6642008141913895,0.8613494756807789,0.23793299353696296,0.14684968637293758
w040,2,94um,0.4877387152777778,0.3226996527777778,0.21223958333333334,0.3721788194444444,0.703596214511041,0.8128279883381925,0.6202447163515017,0.33163598380989684,0.8215469816433149,0.9072886297376094,0.7506117908787542,0.4649456006129105,0.8906006465939461,0.9553935860058309,0.8340378197997775,0.5686533336535111,0.6824603638368374,0.8878184220342626,0.30554901748738855,0.2690456882954874,0.4200303819444444,0.7310542672722925,0.7899767501937484,0.6803114571746385,0.4130864197530864,0.8212287970534741,0.8982175148540429,0.7563959955506118,0.5402982488943284,0.8757436333695203,0.947300439163007,0.814238042269188,0.6392021223771759,0.6640306419666783,0.8590697571960717,0.30510742268092805,0.26787677470550597
w040,3,19um,0.18782552083333334,0.12565104166666666,0.06380208333333333,0.1857638888888889,0.3694452512343886,0.37149532710280375,0.36741767764298094,0.16521264994547438,0.5309980417474665,0.5216121495327103,0.5407279029462738,0.232395156436492,0.6424078228578163,0.6244158878504673,0.6614673599075679,0.29334787350054525,0.5037283365186557,0.3740079860244572,0.0,0.1724871115253546,0.2822265625,0.4404432132963989,0.36678200692041524,0.5511265164644714,0.2045205178845732,0.5714449822311225,0.48981161091887737,0.6857307914500289,0.27920036713781987,0.6629609295243113,0.5774702037677816,0.7781629116117851,0.34466645601803875,0.5334806568788586,0.43402298850574716,0.00601684717208183,0.19350414727097703
w040,3,47um,0.42578125,0.24012586805555555,0.18880208333333334,0.2754991319444444,0.5189540461086183,0.6604962583694368,0.42737003058103973,0.2546562817473756,0.6601655146722479,0.8089799133517133,0.5575942915392457,0.3381482446096162,0.7609695893364677,0.8936589208349744,0.6625891946992865,0.411910371054041,0.5568236482815807,0.5227412101390024,0.12087388282025818,0.19107453696867183,0.3779296875,0.5986229242608344,0.6365202411714039,0.5649847094801224,0.31970802919708025,0.7251407414105792,0.775480907263853,0.6809378185524975,0.39676510755440564,0.8180107060544833,0.8722365776629343,0.7701325178389399,0.47106222473252557,0.6049872224639502,0.6008283808252513,0.1479864085568663,0.20629219520526917
w040,3,94um,0.5159505208333334,0.3240017361111111,0.20789930555555555,0.33203125,0.5793985924504158,0.7398692810457517,0.476130389064143,0.34494059811552646,0.7021937623302829,0.8614379084967321,0.5926393270241851,0.4346368188381836,0.7848241613029718,0.9245098039215687,0.6818086225026289,0.5088796655521035,0.5499995207020081,0.5069237127137254,0.33388088836506935,0.23167962567948808,0.4308810763888889,0.644281457712583,0.7078821455552757,0.591167192429022,0.4197230993441826,0.7573783464711151,0.8307731050113322,0.6958990536277603,0.5124171747613255,0.8325237948951374,0.9070763031981869,0.7692954784437435,0.5884759494585416,0.6236632347759079,0.6000466959105702,0.3127388630975155,0.2719397064859771
w040,4,19um,0.4140625,0.003472222222222222,0.4124348958333333,0.2679036458333333,0.45346062052505975,0.5771567436208992,0.37342767295597484,0.05887708649468893,0.5849974083431375,0.7176994734710409,0.4937106918238994,0.12351333382581074,0.6971969898477675,0.8185500202511138,0.6071802935010482,0.19018102551805494,0.0,0.5528760739313217,0.20488179546052762,0.0029083858458555504,0.17610677083333334,0.4125758411472697,0.6913123844731978,0.2940251572327044,0.07758268681094324,0.5030134392652698,0.8151571164510166,0.3637316561844864,0.14262467395959047,0.5817090873709408,0.8841651263093038,0.4334381551362683,0.19933461936313568,0.008385744234800839,0.45404472074209157,0.11345874763038362,0.0
w040,4,47um,0.6062282986111112,0.017578125,0.5981987847222222,0.3891059027777778,0.5878120571241687,0.7518126045733408,0.4825487739395024,0.1607373271889401,0.7231405522246769,0.8859453430005577,0.6108824055843923,0.23191681503009154,0.8149246012599977,0.9478527607361963,0.7146948272776087,0.292250459958351,0.009800718719372754,0.5939060957503812,0.5229501726046022,0.01481151511776825,0.2900390625,0.5096852300242131,0.7875046763935653,0.37676749597279396,0.20257092198581558,0.6117310630986723,0.8997381219603442,0.46339717200644354,0.28346470148456687,0.6853847214312894,0.9438832772166106,0.538034723465187,0.3417119837794606,0.04920049200492004,0.38187658947932007,0.40692225099475776,0.0
w040,4,94um,0.7899305555555556,0.048502604166666664,0.7847222222222222,0.5953776041666666,0.7251507793530195,0.843630399125205,0.6358516483516483,0.42803198578409596,0.8410795468755569,0.9267359212684527,0.7699175824175825,0.5776380696694061,0.9080053194670606,0.9675596865318025,0.8553571428571428,0.6811387972170917,0.060947414391039643,0.6231185648737919,0.7409220331315652,0.062405275260159,0.4095052083333333,0.6095531029491587,0.8926868044515104,0.4627747252747253,0.45261281031408584,0.7066003856854142,0.9456809750927399,0.564010989010989,0.5831127516828778,0.7812290015271617,0.974827768945416,0.6517857142857143,0.6748186716869866,0.08362090767435978,0.41320049916199153,0.5611488607096342,0.0
w040,5,19um,0.1889105902777778,0.18565538194444445,0.0032552083333333335,0.18684895833333334,0.509384926364424,0.5121951219512195,0.5066053991958644,0.14302461899179367,0.6479721594971332,0.6538908246225319,0.6421596783457783,0.21232566717187415,0.7351870113236464,0.7334494773519163,0.7369327972429638,0.27291571405527143,0.6856020381360917,0.3121387283236994,0.0,0.05589605295415543,0.23231336805555555,0.5703245749613602,0.5170481083605791,0.6358414704192993,0.1844577284372331,0.6922079980209807,0.6581036898645493,0.730040206777714,0.24812516859994604,0.7706335833003087,0.7529191966370855,0.7892016082711085,0.29855718440769746,0.7071436213845003,0.33569739952718675,0.0,0.052122781841727625
w040,5,47um,0.2881944444444444,0.2768012152777778,0.016276041666666668,0.3753255208333333,0.6354865085854455,0.5617230413414281,0.7315512048192772,0.3537434706906558,0.7726908205282013,0.7097427002023706,0.8478915662650602,0.4287958827701587,0.85470905197841,0.8048568950563747,0.911144578313253,0.4829546559719521,0.8074593077517084,0.4019112627986348,0.0321823667448877,0.12288178080818209,0.4385850694444444,0.6351149596894594,0.5262246412666997,0.8008283132530121,0.33632107023411373,0.7610652088740998,0.6825828797624938,0.8599397590361446,0.3971312050247994,0.8353025667325804,0.7874814448292924,0.8893072289156626,0.442607222460819,0.7984070253320812,0.42004993400442087,0.038369304556354906,0.16239828476888274
w040,5,94um,0.5617404513888888,0.4283854166666667,0.1765407986111111,0.5362413194444444,0.7836742761142406,0.80230675839741,0.765887579679351,0.5232023411371237,0.8729556076857693,0.8915418858761635,0.8551284527718757,0.5954867333600388,0.9245241987772472,0.9350465398624039,0.9142360440409504,0.6494650655351306,0.8633433059096227,0.5807310209202183,0.21073830954254089,0.39992640475073143,0.5963541666666666,0.8010868546800337,0.7778384279475983,0.8257678192003091,0.5317131001778305,0.8852905777765375,0.8779112081513828,0.892795055051188,0.5975679495957847,0.9312337473573313,0.9274017467248908,0.9350975468418002,0.6496503984111642,0.8545301815008584,0.6506392662427986,0.22592504054219942,0.413937064580947
w040,6,19um,0.21223958333333334,0.1443142361111111,0.0685763888888889,0.1430121527777778,0.4422724496029321,0.5493171471927162,0.37014314928425357,0.15611675959330926,0.5924852148568521,0.6858877086494689,0.5214723926380368,0.23278501784797923,0.7055962661053622,0.779969650986343,0.6441717791411042,0.30777833744546795,0.40973194305575394,0.488799688188516,0.0,0.2592785814033146,0.17296006944444445,0.5701408450704224,0.6348808030112923,0.5173824130879345,0.15278195488721802,0.7093615421269844,0.7772898368883312,0.6523517382413088,0.22104372005384898,0.8026559797276499,0.8701380175658721,0.7448875255623721,0.2836615039644055,0.5660121011151218,0.6095582087280439,0.0,0.26481609993060373
w040,6,47um,0.3653428819444444,0.2899305555555556,0.07660590277777778,0.21278211805555555,0.46058558558558554,0.6257011728709841,0.3644193644193644,0.3109600679694138,0.6003886255060545,0.7429882712901581,0.5037125037125038,0.407264790426563,0.7083115051644687,0.817440081591025,0.6248886248886248,0.4894372714280456,0.4835575418457482,0.49538148709136487,0.001904761904761905,0.23867788745730653,0.2679036458333333,0.5986977381768335,0.7075739165654111,0.5188595188595189,0.2887533239480682,0.7312170622844572,0.8339408667476711,0.651024651024651,0.3706916917489956,0.8228272386764875,0.9096800324017821,0.7511137511137511,0.44431768525035675,0.6375929109810805,0.5879228142259711,0.01529219006007646,0.2665709186472259
w040,6,94um,0.4625651041666667,0.4053819444444444,0.0812717013888889,0.3070746527777778,0.6132806992809813,0.7685512367491166,0.5102040816326531,0.37125906394199076,0.7562556180833765,0.8826855123674912,0.661505981703026,0.4909214582293428,0.8518294710715648,0.9335689045936396,0.7832512315270936,0.5898590585187847,0.6845465730826409,0.49214948731254266,0.10689601445888255,0.3458852492923598,0.38671875,0.7080618372301011,0.7774971941638609,0.6500117288294628,0.4024522178146412,0.8295675658802618,0.8942199775533108,0.7736335913675815,0.5121794620299083,0.9081389443781561,0.9559483726150393,0.8648838845883181,0.6008468757185957,0.7781771526710884,0.5812916527463693,0.11866160745084513,0.3611564206986198
w040,7,19um,0.11480034722222222,0.047309027777777776,0.07942708333333333,0.08051215277777778,0.3477777777777778,0.42183288409703507,0.29584120982986767,0.08309455587392552,0.5095118805496305,0.5592991913746631,0.4678638941398866,0.1211544286270607,0.6405287038863682,0.7035040431266847,0.5879017013232514,0.15562334505024852,0.5013027618551329,0.3866753755715219,0.24292919193938992,0.01358695652173913,0.09461805555555555,0.3316062176165803,0.3669724770642202,0.30245746691871456,0.11933701657458565,0.453040076485283,0.4988532110091743,0.41493383742911155,0.1562689545258702,0.5615696990977512,0.6284403669724771,0.5075614366729678,0.19054686484378386,0.3161946212810186,0.5043451160895154,0.0498220640569395,0.0
w040,7,47um,0.3400607638888889,0.11859809027777778,0.2586805555555556,0.2263454861111111,0.5141762452107279,0.6433365292425696,0.4282067645181876,0.19008686765457333,0.6569887931238304,0.7761265580057526,0.5695596681557116,0.2717716512661954,0.7732375574899605,0.8811121764141898,0.688895979578813,0.35014853437446425,0.603845436403887,0.5603858333443748,0.25676672818127916,0.2100654769546797,0.2549913194444444,0.5320933625091174,0.6208510638297873,0.46553924696873006,0.23145884270578648,0.672559910796337,0.7591489361702127,0.6037013401403957,0.32414410155986223,0.7819843214034878,0.865531914893617,0.7131461391193363,0.40205817961633283,0.4786196123717293,0.5904467559076741,0.14606801558913032,0.23275180747935936
w040,7,94um,0.4581163194444444,0.1613498263888889,0.3470052083333333,0.3436414930555556,0.6027879280010827,0.7031891379854752,0.5274751302700142,0.30315557392862064,0.7427960102161094,0.8228607514998422,0.6769303647560397,0.39386265895665823,0.840917301014558,0.899273760656773,0.7896731406916153,0.4751275999921998,0.7015055925818244,0.6329275045484944,0.30494213458570857,0.24596354080258012,0.3949652777777778,0.6283388450775883,0.6785714285714286,0.5850307910942681,0.3648124191461837,0.7456542344038863,0.7978021978021979,0.6999052581714827,0.4580543097240651,0.8233680758121987,0.8730769230769231,0.7790146849834202,0.5389905945008746,0.6278889321123294,0.6546965109024788,0.2412538334019307,0.2607285628111933
w040,8,19um,0.2509765625,0.02734375,0.2236328125,0.1396484375,0.43166666666666664,0.6037296037296037,0.3359273670557717,0.17767503302509907,0.5519812760373808,0.77000777000777,0.4301772589710333,0.2660428914465513,0.6514936364766204,0.8803418803418803,0.5170773886727195,0.3357296722119852,0.16770186335403725,0.5909386549348006,0.0,0.0,0.1242404513888889,0.4852515905147484,0.7327510917030567,0.3627323821876351,0.13097713097713096,0.5727628000739944,0.868995633187773,0.42715088629485515,0.19095161255523088,0.6409802316823268,0.9528384279475982,0.4829226113272806,0.23403053161731338,0.0,0.6178968590064913,0.0,0.0
w040,8,47um,0.3225911458333333,0.07758246527777778,0.2527126736111111,0.2055121527777778,0.41380727347441953,0.5316789862724393,0.33871510258997645,0.218021978021978,0.5438672450031882,0.6705385427666315,0.4574503868146653,0.31831338720818786,0.6457403872572995,0.7624076029567054,0.5600403632694249,0.4039052155512761,0.261023560691567,0.6195438909292225,0.011152070877606021,0.10404682106948125,0.15104166666666666,0.42840778923253153,0.6716954022988506,0.3144971409350824,0.15019762845849802,0.5009674245874293,0.7844827586206896,0.3679784729229734,0.2037735202385441,0.5605353588498792,0.8419540229885057,0.42011436259670365,0.2403020246053822,0.013086150490730641,0.6149596774827801,0.0,0.0839227174443747
w040,8,94um,0.4588758680555556,0.23209635416666666,0.2890625,0.4055989583333333,0.5891803690222166,0.6278758694489032,0.5549775360605345,0.43073471676948955,0.7401989438120731,0.7859818084537186,0.6994561362024119,0.567645512598734,0.8360370560879442,0.8838951310861424,0.7930952943958383,0.6713582053580283,0.5770160028417295,0.6799449698588695,0.43622188950329877,0.37550485754830254,0.1931423611111111,0.40938592111832256,0.6910112359550562,0.2908489004492788,0.1894494753485698,0.5163239809012813,0.85,0.37077323244265786,0.28489037062273387,0.6149384073621055,0.9443820224719102,0.45589973989122723,0.3736117186599259,0.17418452137329743,0.5987094946952364,0.06540093617393586,0.2981861380796875
w040,9,19um,0.2759331597222222,0.0,0.2759331597222222,0.1732855902777778,0.45169082125603865,0.5854727614276769,0.36767597325992923,0.22056937676327265,0.6180774158818576,0.6975579211020664,0.5548564687377113,0.3094639471243143,0.7438790580751973,0.8008766437069506,0.6944553676759733,0.40214942969423945,0.0,0.5564076276994924,0.42055570121459834,0.0,0.1511501736111111,0.36483739837398377,0.5154343144292893,0.2823436885568226,0.1548037889039242,0.4951039166502544,0.6396267049533381,0.4038537160833661,0.22687699427339772,0.602595957488509,0.7437185929648241,0.5064883995281164,0.3052506110119186,0.0,0.36983840339576274,0.31919001122056445,0.0
w040,9,47um,0.3725043402777778,0.0,0.3725043402777778,0.3231336805555556,0.6694743409764466,0.7206178643384822,0.6251092339062044,0.35146443514644354,0.8045780942909418,0.7955003357958361,0.8138654238275561,0.4864145030141819,0.8885701997187209,0.8582941571524513,0.9210602971162248,0.5869149379627403,0.0,0.762987758645499,0.5418367799709928,0.0,0.24620225694444445,0.5661171518765346,0.7113265755839577,0.4701427323041072,0.2724795640326975,0.6722872885318899,0.7774349933891582,0.5921934168365861,0.37811623225454255,0.760675025708951,0.8320846187747907,0.700553451791436,0.4782412181924042,0.0,0.5277306496723485,0.4216189764210763,0.0
w040,9,94um,0.501953125,0.0010850694444444445,0.5014105902777778,0.5133463541666666,0.732072245377792,0.7239484252800676,0.740380458279291,0.5672520556288702,0.8345275415219523,0.796871697315578,0.8759187202766969,0.6767357098517057,0.8985821670633479,0.8573240329740013,0.9440121054907047,0.7501999029530962,0.0,0.7058379128362893,0.6830235664204569,0.0,0.3692491319444444,0.6446630962759995,0.7605054363796651,0.5594466061392132,0.48762172943799137,0.7309881332433216,0.8119306494269762,0.6647211413748378,0.5884431027115629,0.8022416324147765,0.8615927123126653,0.7505404236921747,0.6724196265111667,0.0015942606616181746,0.486816245589207,0.5815975593929387,0.0
w040,10,19um,0.4117838541666667,0.1769748263888889,0.2478298611111111,0.2472873263888889,0.5064208100098783,0.6748573935936815,0.405270092226614,0.36085022244191794,0.6702658653356423,0.813953488372093,0.5696969696969697,0.48285908769678343,0.7817089411286179,0.8924967090829311,0.6953886693017127,0.5763722993123181,0.6395664305024156,0.3280331406742242,0.3479711263756389,0.21268364953290256,0.1911892361111111,0.44232499550116966,0.6975028376844495,0.3238471673254282,0.29466858789625366,0.5925491615098877,0.8382519863791147,0.4582345191040843,0.4052130644834669,0.6962055409945588,0.9222474460839954,0.5591567852437418,0.4955028389639063,0.5341539902670636,0.22547625963636922,0.33723959230986655,0.1383653988092309
w040,10,47um,0.5977647569444444,0.2748480902777778,0.3858506944444444,0.3741319444444444,0.6294518253879647,0.8175754060324826,0.5117081139952805,0.47033948079407967,0.7746028013659465,0.9138631090487239,0.6721728081321474,0.5905928258906481,0.862615424489388,0.951276102088167,0.7890724269377383,0.687064700034612,0.6832821690420451,0.5189168055258184,0.5081705136573915,0.2577052030664799,0.3152126736111111,0.5814119324934633,0.8419965576592082,0.44400072608458885,0.440150564617315,0.7194790278097344,0.9345955249569707,0.5848611363223816,0.5561345791761457,0.8139784316380576,0.9752151462994837,0.6984933744781266,0.6506167008712838,0.625995494784585,0.41619697894096186,0.46755492247358865,0.20539255854828747
w040,10,94um,0.7835286458333334,0.3639322916666667,0.6277126736111112,0.5448133680555556,0.7304362032347655,0.8904600677155945,0.6191663204542307,0.6166120024820495,0.8526544346524793,0.9512049392551285,0.7726076720675806,0.7445445749142663,0.920863993513964,0.9780920135431189,0.8699626090569174,0.8318088268988502,0.704053243160047,0.6770300254184087,0.6234681897311488,0.4657089171108547,0.5276692708333334,0.7234359483614696,0.8988278840222085,0.6053178230162027,0.6005574035781714,0.8296061062518196,0.9524984577421345,0.7348012740617643,0.7133030809550616,0.8967095835516672,0.9788196586469258,0.8273092369477911,0.7957403965727203,0.6447614404467557,0.6762219360618106,0.5314280099859799,0.4746927152859901
w040,11,19um,0.2787543402777778,0.007921006944444444,0.2722439236111111,0.11566840277777778,0.3774415405777166,0.6435272045028143,0.2670299727520436,0.2041399000713776,0.47181669643196417,0.701688555347092,0.35539120280264697,0.2795510650495697,0.5400913337175044,0.7476547842401501,0.4227325807707279,0.3408115219978485,0.0,0.459794466403162,0.0856403909491248,0.0,0.17057291666666666,0.39942042984786286,0.5260814249363868,0.3219151420786298,0.27988957315778296,0.4924778289314272,0.6081424936386769,0.41377968080965355,0.37445355211263887,0.5631990974741621,0.6692111959287532,0.4861813935383418,0.436977128482127,0.03954305799648507,0.4693989801697198,0.1350871401018227,0.0097442143727162
w040,11,47um,0.388671875,0.045464409722222224,0.3633897569444444,0.21006944444444445,0.44581370061616526,0.6353305785123967,0.34338358458961477,0.34180216802168023,0.5492826352302108,0.7277892561983471,0.44109436069235064,0.42700751504322465,0.6304534589518487,0.7995867768595041,0.5203796761585706,0.4948941709610949,0.2940235701874461,0.44168447761073426,0.24456874864635222,0.017734426956328975,0.2630208333333333,0.4795204795204795,0.594059405940594,0.4020100502512563,0.4164580725907384,0.561808912608929,0.6877062706270627,0.4748743718592965,0.4962155431306004,0.6346878498716324,0.7698019801980198,0.5399218313791178,0.5582056809207091,0.2869425780887634,0.43515596840793974,0.3024501518091458,0.034310221586847746
w040,11,94um,0.4684244791666667,0.07747395833333333,0.4321831597222222,0.3158637152777778,0.5534034311012728,0.6870491240123668,0.46328468844104703,0.37857666911225235,0.6578041364059005,0.7804878048780488,0.5684503127171647,0.4590239913446302,0.7323470350187927,0.846444520783236,0.6453555709983785,0.5271071812234573,0.2682703845494543,0.5114508664258579,0.4300156827384042,0.09692050608737168,0.3581814236111111,0.5615647151483328,0.6479854589518328,0.4954829742876998,0.44584500466853405,0.6570033785560142,0.7467434110875493,0.5865184155663655,0.5226331353310818,0.7308689673832414,0.826113299000303,0.655316191799861,0.5854585172182963,0.2814119700056608,0.4787870643568695,0.4731147132832812,0.08418225992071948
w040,12,19um,0.3103298611111111,0.23914930555555555,0.08072916666666667,0.10579427083333333,0.24458930899608866,0.48102564102564105,0.16398601398601398,0.21151008362026563,0.37006825593012793,0.6851282051282052,0.2534965034965035,0.31922233627093116,0.4667184667184668,0.8153846153846154,0.3269230769230769,0.3926289489536939,0.2816611356690321,0.3655730720068172,0.21396891481478605,0.07193568883118318,0.04578993055555555,0.11151736745886655,0.43364928909952605,0.06398601398601399,0.19054054054054054,0.1813665091789067,0.6421800947867299,0.1055944055944056,0.2929331935786396,0.24556224819498187,0.7677725118483413,0.14615384615384616,0.3608832443354019,0.03951344231812195,0.3916859693010902,0.13368983957219252,0.06286523362080061
w040,12,47um,0.4432508680555556,0.3603515625,0.11024305555555555,0.2769097222222222,0.33720054241374114,0.43847962382445144,0.27392900856793145,0.44600773830460777,0.49697508336453294,0.6324451410658307,0.40930232558139534,0.5727036953229709,0.6246246747982477,0.7739028213166145,0.5236230110159119,0.6625650724631943,0.4201718129327563,0.30055929318310776,0.24961991849104598,0.16111443731032063,0.19889322916666666,0.2125718148022981,0.3431533006001091,0.1539779681762546,0.36480773102476344,0.33186488370426054,0.5297326786688489,0.2416156670746634,0.47083547725173425,0.4477945409394129,0.6857610474631751,0.3324357405140759,0.555742638512929,0.24067545508168833,0.3251870907390084,0.2759422624159226,0.09126250716971512
w040,12,94um,0.5872395833333334,0.5105251736111112,0.1333550347222222,0.4421657986111111,0.5000527036997997,0.5820858895705522,0.43828529194382854,0.5093407255634567,0.6606703666548008,0.7619631901840491,0.5831485587583148,0.6347068850759284,0.7676328360477427,0.858159509202454,0.6943828529194382,0.719445644002491,0.5975533128437119,0.19381687863381303,0.27505313189949565,0.3296607963910818,0.3420138888888889,0.397711349836525,0.5402918781725888,0.31467110125646713,0.412801735828587,0.5424634304217634,0.7195431472081218,0.43532889874353287,0.5217448762187981,0.6593713963999731,0.8232868020304569,0.549889135254989,0.6138235372674682,0.45716283179391887,0.26217980914113515,0.29693849091013247,0.2151260612940086
w040,13,19um,0.3403862847222222,0.07194010416666667,0.2759331597222222,0.1996527777777778,0.36728953184649393,0.4967391304347826,0.291361173095314,0.18350978504972731,0.4951761516146017,0.6021739130434782,0.4204654128147912,0.2565667129218428,0.6129314481636287,0.7010869565217391,0.5444692381255977,0.31735067575492965,0.051157781367797514,0.4912076807566014,0.02583341247981765,0.10157660503446629,0.08430989583333333,0.22534491568727644,0.5675675675675675,0.1405801721389863,0.11976630963972736,0.35929705045863086,0.6898326898326899,0.2429072362129423,0.18342457585777006,0.4836436576763331,0.8108108108108109,0.34459674848581445,0.24014343408732822,0.13032348149872006,0.30080026771127777,0.08789564308058453,0.09234861602549625
w040,13,47um,0.4305555555555556,0.1418185763888889,0.3251953125,0.2859157986111111,0.4940178706648493,0.6189753320683112,0.4110383064516129,0.22625439733382707,0.6243568599746492,0.7195445920303606,0.5514112903225806,0.30739292841015703,0.7270896229161905,0.789753320683112,0.6736391129032258,0.3806249709508437,0.45539116289364173,0.5121230444408226,0.19681184426059947,0.26967618482933337,0.1978081597222222,0.43032291486789853,0.6834887547997806,0.31401209677419356,0.12726084114186095,0.5511417591137242,0.7849698299506308,0.4246471774193548,0.20459198491806613,0.6529648244405045,0.8656061437191442,0.5241935483870968,0.27485083916384084,0.5291585868797452,0.37109046518335564,0.2516349428889341,0.2007192108475471
w040,13,94um,0.5715060763888888,0.3803168402777778,0.3590494791666667,0.4014756944444444,0.5941786550685848,0.72,0.5057907727359028,0.3938941811086882,0.7131989221013686,0.7972972972972973,0.645149041199924,0.5087015817616308,0.8031849217293846,0.8578378378378378,0.7550787924814885,0.599428536602172,0.5364520177900401,0.5713257708215024,0.4038945895393039,0.40622435452307304,0.3885633680555556,0.619122965641953,0.7648701480033511,0.5200303778241884,0.3970211775657435,0.7274708149025751,0.838034068695895,0.6426808429846212,0.5070640770477043,0.8050455935055325,0.8961184026808154,0.7307765331308145,0.5915573968466865,0.6064619096532772,0.485083314553371,0.4602593816816597,0.36744057351276566
w040,14,19um,0.2265625,0.11219618055555555,0.1183810763888889,0.1283637152777778,0.27514521553041876,0.3803888419273035,0.21551724137931033,0.21320801385110066,0.37049128209507515,0.4885883347421809,0.29837164750957856,0.3017197706972404,0.48758946586554613,0.6077768385460693,0.407088122605364,0.3756809840925439,0.09320914861916293,0.633677011627166,0.07718959694750231,0.0,0.11588541666666667,0.33396704689480355,0.4934456928838951,0.2523946360153257,0.15020366598778004,0.4061431898611657,0.5758426966292135,0.3136973180076628,0.21204451611503614,0.49351329259931026,0.6722846441947565,0.38984674329501917,0.2729447585906916,0.03078982597054886,0.6942929924095804,0.0,0.0
w040,14,47um,0.3800998263888889,0.17957899305555555,0.2170138888888889,0.22819010416666666,0.37887977167320724,0.5049928673323824,0.3031687125321153,0.3057530704589528,0.5052493576716346,0.6367094626723728,0.4187838995147017,0.4327679443616121,0.6374927199674859,0.7584403233475987,0.5498144447616329,0.5320224067698923,0.18612244897959185,0.6098634698834148,0.2297476472849301,0.10924055368499813,0.1850043402777778,0.42165898617511527,0.6439882697947215,0.3134456180416786,0.2711571675302245,0.5412506400409627,0.763049853372434,0.41935483870967744,0.3716008140508847,0.6550624426182945,0.86158357771261,0.5284042249500428,0.45184460091529854,0.14698774697317452,0.6604195186033235,0.15248883188872342,0.11072037010987638
w040,14,94um,0.6248914930555556,0.3570963541666667,0.3785807291666667,0.4602864583333333,0.5993400659934007,0.7065063649222065,0.5204028477166175,0.5127408328154133,0.7415832002087088,0.8427628477133428,0.6620941135613821,0.6508381880539602,0.8363052680084836,0.9130127298444131,0.7714881055738844,0.7407319603771461,0.5110709010582591,0.6322688635683177,0.4958853587932996,0.30362813264253846,0.4367404513888889,0.6199918233851185,0.7535403726708074,0.5266539329744747,0.5135106495708381,0.7465527378948136,0.8762732919254659,0.6502865080743184,0.6394702115429765,0.8270390123431355,0.9316770186335404,0.7435318631706893,0.7223253318321357,0.494616200739225,0.6782161296706064,0.4581088661957551,0.31877938931250654
w040,15,19um,0.13856336805555555,0.0886501736111111,0.06412760416666667,0.10167100694444445,0.3134598012646793,0.3703308431163287,0.2717306186374315,0.24767540152155537,0.4398408355221191,0.5464247598719317,0.36805011746280347,0.314682276528124,0.5521759131474836,0.6616862326574173,0.47376664056382145,0.36584918673988776,0.5184888921208596,0.1883924958798393,0.08330440819160015,0.13839633249718883,0.1257595486111111,0.3070607553366174,0.32269197584124243,0.29287392325763506,0.27210335082761405,0.44034979752163445,0.4883520276100086,0.4009397024275646,0.33180606965582626,0.5448706224177292,0.5936151855047455,0.5035238841033672,0.3802825334605359,0.5906897395059739,0.11542089784140724,0.1325323681952166,0.0
w040,15,47um,0.3001302083333333,0.1939019097222222,0.14735243055555555,0.1814236111111111,0.3862100045065345,0.5125598086124402,0.3098336948662328,0.2929954045397577,0.5003966277267647,0.6566985645933014,0.4041937816341287,0.36468376765866123,0.6001365000609128,0.7488038277511961,0.5007230657989877,0.4296032657413364,0.5563704481873055,0.21866638046476913,0.18288392728876357,0.08859407090844967,0.18489583333333334,0.4067114093959731,0.5334507042253521,0.3286334056399132,0.29391376680992654,0.5209755418710643,0.6725352112676056,0.42516268980477223,0.36365269673378986,0.6091412880209027,0.7488262910798122,0.5133767172812725,0.4270517796642753,0.6230295095864539,0.1723238678698568,0.2151944448522395,0.005451448040885861
w040,15,94um,0.5439453125,0.3766276041666667,0.2502170138888889,0.3722873263888889,0.6117953576504027,0.7528417371028855,0.5152603231597845,0.5120165227187382,0.7359936291110719,0.8563101136694841,0.6453221623778177,0.6219646202673238,0.8128974585573447,0.9076071116292626,0.7360861759425493,0.6939211300056766,0.7832032286691196,0.3728840865017496,0.2750944516181534,0.10573116084693152,0.3764105902777778,0.6036312190521103,0.7379648313635053,0.5106722521444245,0.5101964452759589,0.7225914443291069,0.8414528682617469,0.6331538001196888,0.6163068513689561,0.8032811229871545,0.8927644854424907,0.7301017354877319,0.6936085248409656,0.8046671682747633,0.32173715006481907,0.27961813668224295,0.06512783519045874
w040,16,19um,0.2497829861111111,0.0,0.2497829861111111,0.11968315972222222,0.5585903083700441,0.8621940163191296,0.41311902693310165,0.07667354762606901,0.7118749232489449,0.956482320942883,0.5668983492615117,0.12140514693955275,0.7890090376473401,0.9800543970988214,0.6602953953084274,0.1611279736152917,,0.7118749232489449,0.0,0.0,0.22450086805555555,0.6135895676046672,0.6481391976800387,0.5825369244135534,0.17856323158136334,0.7561073798354851,0.7936201063315611,0.7219808861859253,0.24421782872160544,0.8415467577269792,0.8714354760753987,0.8136403127715031,0.3037048398983909,,0.7561073798354851,0.0,0.0
w040,16,47um,0.3511284722222222,0.05056423611111111,0.3050130208333333,0.1570095486111111,0.5667307281657057,0.917069799585349,0.4100741656365884,0.14431164231961047,0.7096596732591013,0.972356599861783,0.5587144622991347,0.20469565602691708,0.7921474166711483,0.9930891499654457,0.6588380716934487,0.2613837410008773,0.4615706660154205,0.7352441569974606,0.0025599999999999998,0.01395224040783472,0.2684461805555556,0.6241681260945708,0.7202910266774454,0.5506798516687268,0.23697024346257892,0.7510801803322765,0.8371059013742926,0.681087762669963,0.31669168804242015,0.8320294367291887,0.9082457558609539,0.7676143386897404,0.3894585565017569,0.5514791071290647,0.7534727215176675,0.02210170878952215,0.03856831822318477
w040,16,94um,0.5555555555555556,0.2475043402777778,0.4047309027777778,0.2817925347222222,0.5867565115977712,0.8717751251443974,0.4421875,0.3492149431510558,0.7104145820199466,0.934924913361571,0.5728515625,0.45309544843795585,0.7921058875961364,0.9599537928378898,0.67421875,0.5408853512690741,0.5358207716382416,0.6909496058532342,0.27233714595995867,0.33096827880568724,0.4241536458333333,0.6658544689334368,0.7689946277820414,0.587109375,0.4422988505747127,0.7691385904643819,0.8659503709388591,0.691796875,0.5523608032073762,0.8405106698713989,0.9183934510104886,0.7748046875,0.6424943651674275,0.6946798831096339,0.6818785525397715,0.39074741460357254,0.3485952682997005
w040,17,19um,0.2981770833333333,0.2023654513888889,0.1208767361111111,0.1343315972222222,0.36979427997992975,0.5953150242326333,0.26819505094614265,0.19841502788376875,0.5452509079733209,0.7722132471728594,0.42139737991266374,0.303257498337404,0.6869596572196247,0.9111470113085622,0.5513100436681223,0.3956319695697718,0.31568728658280054,0.532209710283487,0.08574166540575982,0.2144293744520654,0.2189670138888889,0.5434326479227863,0.6417244796828543,0.4712518195050946,0.3243372342966324,0.7094593408049001,0.800792864222002,0.6368267831149927,0.4272526725082234,0.8245727733432385,0.9172447968285431,0.7489082969432315,0.5032713338013313,0.5214484679665737,0.6425218810186885,0.1636708818598661,0.24866321834730998
w040,17,47um,0.4106987847222222,0.2760416666666667,0.17198350694444445,0.2962239583333333,0.5565617805065234,0.6641025641025641,0.47899603698811094,0.2804718217562254,0.726805775963407,0.826007326007326,0.6488771466314399,0.38147010887613875,0.8452475450447194,0.9373626373626374,0.7696169088507265,0.47265999876939924,0.4917091808174887,0.6730361332707648,0.18360708210523252,0.3393162527260461,0.4301215277777778,0.6942831333075236,0.6786074672048436,0.7107001321003963,0.3832106841101118,0.8163976553972047,0.8198789101917255,0.8129458388375165,0.47342965418190697,0.8956593736781063,0.9129667003027245,0.878996036988111,0.5530122548706333,0.6279098482702518,0.756931090625402,0.2320662207095125,0.3689088963143429
w040,17,94um,0.4437934027777778,0.3034939236111111,0.18663194444444445,0.3527560763888889,0.5822095082413841,0.6573362042448477,0.5224938875305624,0.4002065582235993,0.7382791521557477,0.8065210704398647,0.6806845965770171,0.5180624126470259,0.8524825752676584,0.9123346662565365,0.8,0.6197208488606105,0.5478674479184504,0.6654611010955485,0.2530957307170349,0.360078426252156,0.4968532986111111,0.7061944860998961,0.6684865691198951,0.7484107579462103,0.5236940709720079,0.8137403346521944,0.7964621096309238,0.8317848410757946,0.6220065749597533,0.8878622638708417,0.8860013103297664,0.8897310513447433,0.702041399808317,0.6685565861221668,0.7429692907621622,0.2911185110263522,0.3977645894105137
w040,18,19um,0.0896267361111111,0.03233506944444445,0.057291666666666664,0.09212239583333333,0.3426865671641791,0.3380447585394582,0.3474576271186441,0.11234640140433003,0.48795380016831597,0.5323910482921084,0.45036319612590797,0.15811869091814001,0.6266905862116432,0.71849234393404,0.5556900726392252,0.19887596748150868,0.42666666666666664,0.4347249834327369,0.10044642857142858,0.0,0.10264756944444445,0.3058690744920993,0.2864693446088795,0.3280871670702179,0.12119487908961593,0.4303982961101833,0.452431289640592,0.41041162227602906,0.16180987339875647,0.5543095074751564,0.6437632135306554,0.48668280871670705,0.2032189362688052,0.46946590656982184,0.30016743033795734,0.09744745116486346,0.019574259848299486
w040,18,47um,0.19954427083333334,0.06315104166666667,0.13780381944444445,0.17371961805555555,0.47441860465116276,0.509681449094316,0.4437194127243067,0.15898128497009456,0.6504819324528115,0.7151780137414117,0.5965198477433388,0.21202355757566388,0.771571491847221,0.8532167395377889,0.7041870581837956,0.2617755730113838,0.48562014254503777,0.5427455063598329,0.22555602182123374,0.0935795838344564,0.1538628472222222,0.3893153208474056,0.44710860366713684,0.344752582925503,0.18240000000000003,0.5068276356716693,0.6248236953455572,0.42631865144100056,0.23544342664142057,0.6035068947643778,0.7693935119887165,0.4964654703643284,0.28554868268927047,0.5523298408916304,0.2361680724290026,0.22405013709361535,0.15969949317092708
w040,18,94um,0.3816189236111111,0.10405815972222222,0.2867838541666667,0.2240668402777778,0.4518093873163741,0.6106537530266344,0.3585442138185954,0.2466311501096835,0.5945386742086682,0.7917675544794189,0.4759738413420529,0.3259252288329261,0.7012031928783073,0.9084745762711864,0.570941143019619,0.3958936663119219,0.494083914084867,0.3640739896971549,0.3357041803605611,0.10732246858959957,0.2004123263888889,0.40417598806860555,0.586897671900379,0.3082172305942565,0.2780661907852044,0.49690791499336656,0.7439090416892258,0.3730452089849303,0.3484654302529548,0.5800956526093851,0.8635625338386573,0.43673585442138185,0.4062311823078636,0.6164698804464439,0.1574021306918554,0.23363130038860022,0.16417540672227268
w040,19,19um,0.4112413194444444,0.1362847222222222,0.2749565972222222,0.23046875,0.5170781197159283,0.7198681732580038,0.4034300791556728,0.23290022064231425,0.624168476148602,0.8210922787193974,0.5034300791556728,0.3033821238303449,0.7010698360303791,0.8677024482109228,0.5881266490765171,0.3651972384117572,0.560588119202684,0.6419077989898125,0.0,0.012143770208286338,0.2707248263888889,0.626252983293556,0.7887775551102204,0.5192612137203166,0.2552808988764045,0.720323550890744,0.9022044088176353,0.5994722955145119,0.32063955058607463,0.7883970057583813,0.9643286573146292,0.666754617414248,0.3808361643850338,0.6517330799841138,0.7485853439840784,0.0,0.004285918377065575
w040,19,47um,0.5495876736111112,0.2273220486111111,0.3409288194444444,0.2961154513888889,0.5265588914549654,0.7519237816049835,0.40513326752221124,0.37322993931220494,0.6187496230587873,0.8050567973616709,0.5024679170779862,0.4784488217583534,0.6944099430899604,0.844265298644192,0.5897334649555775,0.5661745488417521,0.4681933613703878,0.659638607834472,0.029177355596739,0.0948162689405558,0.2893880208333333,0.6389032591826177,0.9261342332208474,0.4876604146100691,0.2954003407155026,0.7102274816679911,0.9756280464941882,0.5583415597235933,0.36553119500382797,0.7650975237206327,0.9985001874765654,0.6201382033563673,0.43290445877642886,0.5631506813475204,0.7478761668249673,0.009084485717169678,0.10101536058318146
w040,19,94um,0.6792534722222222,0.3607855902777778,0.4442274305555556,0.4044053819444444,0.6113948132572344,0.8191574993292192,0.4876996805111821,0.4708530805687204,0.7147405296435735,0.8840890796887577,0.5998402555910544,0.5783898035458045,0.7887086041325179,0.9259458009122619,0.6869009584664537,0.6539652074607805,0.45196334314157766,0.66325080345708,0.39832293848460154,0.3199837717060889,0.3665364583333333,0.6237808673998755,0.8898756660746003,0.4801916932907348,0.42837720924483996,0.7050182783390033,0.9399052693901717,0.5640575079872204,0.5230076394605006,0.7655119165420506,0.9635879218472468,0.6349840255591054,0.5983058423243502,0.5287878059540939,0.7038373774336532,0.14745092363311424,0.3455913763263951
w041,0,19um,0.3270399305555556,0.2511935763888889,0.08821614583333333,0.1452907986111111,0.5150470939581897,0.8371919342793129,0.3719309887193099,0.20084121976866456,0.6542544659106745,0.8969380134428678,0.5149303251493033,0.286955495920955,0.7475463906467874,0.9253174010455564,0.6270736562707365,0.3672955014129687,0.5778756070060557,0.5507471852610031,0.19991499215875946,0.06993145922320453,0.14583333333333334,0.5153740247820101,0.8355654761904762,0.3725945587259456,0.1774744027303754,0.6305163520104203,0.921875,0.47909754479097544,0.25045845590890237,0.7161392919746282,0.9583333333333334,0.5716655607166556,0.3164836976683475,0.5924126236934679,0.518486442426481,0.1809639868924442,0.007898448519040903
w041,0,47um,0.4568142361111111,0.3338758680555556,0.185546875,0.2938368055555556,0.71176640647586,0.9091580502215657,0.5847980997624703,0.2865909788278613,0.8284282455773639,0.9519940915805022,0.7332541567695962,0.387713831295474,0.8920089199953958,0.9689807976366323,0.8263657957244656,0.47460608344247046,0.7828011901338262,0.6566335476329632,0.25398117023036126,0.24053510930939628,0.302734375,0.7351428571428572,0.9222222222222223,0.6111638954869358,0.2821212121212121,0.8295840905425428,0.9695340501792115,0.7249406175771972,0.36017972646027746,0.881737823607474,0.9824372759856631,0.7997624703087886,0.4222316629416871,0.7772227817860821,0.6767725732013603,0.20315998002866853,0.16785381677769423
w041,0,94um,0.5757378472222222,0.4207899305555556,0.3104383680555556,0.4312065972222222,0.7872844827586206,0.9192249622546552,0.6884658876743309,0.439771335238873,0.8735229583832717,0.9635128334172118,0.7989068978514888,0.5576741546610258,0.92342568429256,0.9838953195772522,0.8699585375047116,0.6501061874307675,0.8352330902331287,0.7510288068491137,0.4037484653214303,0.39509335685421565,0.4614800347222222,0.8161941625693064,0.9172348930166941,0.735205427817565,0.45161290322580644,0.8866519746667206,0.9684928285915824,0.8175650207312476,0.5579853722735145,0.9284232439392435,0.9877733364683753,0.8758009800226159,0.6420262208430911,0.8282239981681323,0.8179577236325236,0.3723120735706083,0.38835554939493105
w041,1,19um,0.2909071180555556,0.13899739583333334,0.15690104166666666,0.3393012152777778,0.46831955922865015,0.4349216501439079,0.5072734054457292,0.3887759251728345,0.6403640833008377,0.6440677966101694,0.6367027228646027,0.5116348492921033,0.7573740433516701,0.7834985609210106,0.7329354718388661,0.6159429767926478,0.48629611885944474,0.5525997623995541,0.28145883722041054,0.13800175798417816,0.2384982638888889,0.4587005533920885,0.5090991810737033,0.41738157403953746,0.30935071446477813,0.6137136530197982,0.7060964513193813,0.5427079447967177,0.41590510197905955,0.7331649789458287,0.83803457688808,0.6516225289071242,0.5039419974547317,0.450549138059585,0.6092850731719872,0.08577328610697044,0.10869542849499428
w041,1,47um,0.4670138888888889,0.2150607638888889,0.2785373263888889,0.4748263888888889,0.6497695852534562,0.6444241316270567,0.6552044609665427,0.48962540036206653,0.7809155720072021,0.7963893967093236,0.7660315985130112,0.5856552912549378,0.8609891692640999,0.8893967093235832,0.8343401486988847,0.6593191442872463,0.5639813683817407,0.7047818519770673,0.4750359841870793,0.2060119490269283,0.3604600694444444,0.6173616574875426,0.7086092715231788,0.5469330855018587,0.43251183287089934,0.7386703131152648,0.8407585791691752,0.6586895910780669,0.5151390854756952,0.8157345409226732,0.9151113786875377,0.7358271375464684,0.5785990493221452,0.4794362978569928,0.7080521485349341,0.22930240749867667,0.1907513244120143
w041,1,94um,0.6715494791666666,0.4080946180555556,0.4261067708333333,0.6490885416666666,0.7680552132117328,0.7813440320962889,0.7552108579738245,0.5935088275716249,0.8710282249327286,0.8948512203276496,0.8484407820326385,0.6756206149875229,0.9259774745614092,0.9488465396188566,0.9041848440782032,0.7351201607851796,0.6941086557648102,0.8000339716737431,0.6435333700970086,0.5043739794762907,0.5529513888888888,0.7464776251661498,0.826530612244898,0.6805622879301988,0.6172868307476962,0.8493050221890265,0.9224882260596546,0.7868799482953628,0.6947408833505732,0.9083233847383245,0.9676216640502355,0.8558733236387138,0.7498643904453776,0.6604426618725977,0.7983858293733263,0.48793242352322813,0.47200058523146315
w041,2,19um,0.2674696180555556,0.09765625,0.1726345486111111,0.3069661458333333,0.3180959576879486,0.2976316719688936,0.3415821501014199,0.19236994219653183,0.5065355374659667,0.4828561329091552,0.532657200811359,0.2775917724064714,0.6624760609531511,0.6408624955814776,0.6855983772819473,0.3529229553353145,0.24187485674994272,0.5504011792379073,0.269666968251002,0.08881252891032843,0.2299262152777778,0.3019197207678883,0.32656913638508733,0.28073022312373225,0.21576763485477177,0.47891267054876485,0.5403492213308164,0.4300202839756592,0.30324114880355973,0.6416527146615641,0.7234544596507787,0.5764705882352941,0.37950213071814065,0.2780529072364857,0.5031712825290406,0.03524092379981383,0.09248674690473312
w041,2,47um,0.4134114583333333,0.17350260416666666,0.2643229166666667,0.4904513888888889,0.4921968787515006,0.45353982300884954,0.5380577427821522,0.34844315713251267,0.6698123092804433,0.6320796460176992,0.7123359580052493,0.4403247710774515,0.794481615598073,0.7610619469026548,0.8309711286089239,0.5191613771759431,0.3767083370031464,0.6098470237191628,0.5009724310253172,0.1567326757950455,0.3640407986111111,0.41814375436147944,0.4464977645305514,0.3931758530183727,0.34529616724738676,0.5722424910824928,0.6274217585692996,0.525984251968504,0.43052771042171833,0.6972090423830027,0.7624441132637854,0.642257217847769,0.5084213449500745,0.31979079561522206,0.5379796058898416,0.24702438168425483,0.13770972625204994
w041,2,94um,0.6317274305555556,0.2979600694444444,0.4749348958333333,0.5824652777777778,0.6516532618409295,0.6792101341281669,0.6262452765372725,0.4847676228596842,0.8000074382490362,0.8097988077496274,0.7904500171762281,0.601410081722792,0.8888420141666938,0.8891579731743666,0.8885262796289934,0.686958898803877,0.5390379398844081,0.6888380664921148,0.6811999932858456,0.379986641247285,0.4905598958333333,0.5853234071352607,0.6695421366954214,0.5199244245963587,0.4762489259850251,0.7169454215003179,0.7996018579960186,0.649776709034696,0.5708128131293955,0.8091882419194083,0.8774607387746074,0.7507729302645139,0.6467915557412551,0.4082898762942139,0.6251663319865484,0.5028744503014241,0.3644444046071797
w041,3,19um,0.2111545138888889,0.036566840277777776,0.17762586805555555,0.1252170138888889,0.47935483870967743,0.6438474870017331,0.381808838643371,0.22040423484119345,0.6331174328155242,0.7842287694974004,0.5308324768756424,0.3238668534135948,0.7346018462819723,0.8700173310225303,0.6356628982528263,0.4081977604056623,0.05646196150320807,0.6961442230925424,0.04306537102473498,0.04753551015788581,0.1159939236111111,0.384742951907131,0.5425631431244153,0.29804727646454265,0.25841316629820676,0.5249973150861473,0.6613657623947614,0.4352517985611511,0.3773110110697021,0.6365675332014693,0.7577174929840973,0.5488180883864338,0.4621708301787649,0.10595358224016145,0.6035071775690318,0.04320871688897239,0.0031982942430703624
w041,3,47um,0.3605685763888889,0.12662760416666666,0.2613932291666667,0.20789930555555555,0.5256728383279252,0.7186847599164927,0.4143845922359314,0.3023667686362905,0.6612056838940839,0.8094989561586639,0.5588323803791755,0.4112871922277363,0.7600892599563807,0.877348643006263,0.6704784832982245,0.4916833711409523,0.25783984530588355,0.7698440369058931,0.173411780534124,0.13700047933951306,0.22395833333333334,0.5090031557453129,0.6642441860465116,0.41257899488414085,0.35791791162132414,0.645799636214075,0.7693798449612403,0.5564249172434547,0.4658098818363567,0.7467214339202951,0.8420542635658915,0.6707794161901895,0.5407620661868409,0.3260137153234092,0.6939430632718239,0.2545009613703898,0.0396352652231601
w041,3,94um,0.5490451388888888,0.21940104166666666,0.3977864583333333,0.3412543402777778,0.5686776355880561,0.74181240063593,0.46106719367588933,0.5233972602739726,0.6960444268029059,0.8321144674085851,0.5982213438735178,0.6432477499064512,0.7843841177817972,0.8899841017488076,0.7011857707509881,0.7221931332054227,0.30830965499243357,0.6933593034666597,0.42417385565455146,0.21898651361277563,0.3786892361111111,0.6051461988304094,0.7412607449856734,0.5112648221343874,0.5845828933474129,0.7223242337794321,0.8392550143266476,0.6339920948616601,0.6864612985000197,0.8046846739051795,0.9011461318051576,0.7268774703557312,0.7534108369407357,0.35049664628797383,0.6443034085332247,0.5066584937671604,0.1812047302759569
w041,4,19um,0.2593315972222222,0.0022786458333333335,0.2578125,0.2007378472222222,0.3117924528301887,0.3572972972972973,0.27656903765690377,0.19817767653758542,0.42743619186805154,0.4837837837837838,0.38284518828451886,0.28206105463874315,0.5416368445941342,0.6048648648648649,0.4903765690376569,0.3576025206777184,0.0,0.0016670455406531787,0.4396336585906581,0.0,0.21516927083333334,0.35124628401554997,0.38729198184568836,0.3213389121338912,0.1717421124828532,0.4757288357625288,0.5163893091275845,0.4410041841004184,0.2586844826047937,0.5909222120355627,0.6359051941502774,0.5518828451882846,0.3435223581609675,0.0,0.006460875807609476,0.48615963696807896,0.0
w041,4,47um,0.4294704861111111,0.008029513888888888,0.4245876736111111,0.2637803819444444,0.39223665675379554,0.5154257507198684,0.31657402728650835,0.3066012002182215,0.5193605085071206,0.6392431098313451,0.4373420919656392,0.42649690746009994,0.641933627227131,0.7577128753599341,0.5568468923698838,0.5407067673809157,0.004122011541632317,0.07778120447077089,0.5046707559985124,0.0,0.2827690972222222,0.4338817794028032,0.5464313123561013,0.35977766548762,0.2791681353542474,0.5695529539853078,0.6734458940905602,0.4934310257705912,0.3859430264454257,0.6894521222071259,0.7877973906369916,0.6129358261748358,0.49206908706379976,0.0016253555465258025,0.12325977049798519,0.5456990859492681,0.0
w041,4,94um,0.5181206597222222,0.021050347222222224,0.5048828125,0.3394097222222222,0.44033911172972284,0.5562659846547314,0.3643979057591623,0.4444185504544395,0.5658854459762734,0.6742327365728901,0.4875392670157068,0.5815105896641918,0.6863651395604925,0.784846547314578,0.6098429319371728,0.6905584848234667,0.02718361294928471,0.1369322386271539,0.5486840634796896,0.0038095238095238095,0.3792317708333333,0.48585247883917776,0.5748211731044349,0.4207329842931937,0.45859872611464975,0.6276017833073351,0.7087267525035765,0.5631413612565445,0.5842454006859994,0.7450525972573931,0.8220314735336195,0.6812565445026179,0.6839004967485235,0.03946495688702189,0.2126339740135321,0.5983725612252336,0.02190580503833516
w041,5,19um,0.4302300347222222,0.16569010416666666,0.2864583333333333,0.20638020833333334,0.5096301346514402,0.7860147213459516,0.3770491803278688,0.2452243447356731,0.6561880731121915,0.8759200841219769,0.5245901639344263,0.37166239563528153,0.7619962240897431,0.9369085173501577,0.6421185372005044,0.48138529765791177,0.43600649035046396,0.6602750271178138,0.20740208408192598,0.1600249566154645,0.3416883680555556,0.6758504357604723,0.7634169577643697,0.6063051702395965,0.3451034962602192,0.7824533389198288,0.8421721181327405,0.7306431273644388,0.47735619117213973,0.8569932850067268,0.8945697046681487,0.8224464060529634,0.5762725355195606,0.5442536551472862,0.7909150162555479,0.2508699636633962,0.18486545267234555
w041,5,47um,0.4402126736111111,0.1767578125,0.3156467013888889,0.24153645833333334,0.5350946999840841,0.7551662174303684,0.4143455755484348,0.2971098265895954,0.6644652001367153,0.8387241689128482,0.550160216909046,0.40762060002882167,0.764764060357428,0.9065588499550764,0.6613261030317968,0.5016993698500678,0.44518781324482065,0.662863446472529,0.2656597642650663,0.21985851878902363,0.369140625,0.6823971041694596,0.7480893592004703,0.6273108208035494,0.42317193675889325,0.7778355618281908,0.8201058201058201,0.7397091446881933,0.5335904678265411,0.849278203768112,0.8703703703703703,0.8291841262016268,0.6160710977161279,0.5309302158494904,0.8114113001130164,0.3345506174700825,0.25559362044759554
w041,5,94um,0.4402126736111111,0.1769748263888889,0.3156467013888889,0.2419704861111111,0.5360267218069031,0.7556053811659192,0.41533152575794924,0.32370082564351627,0.6647357563743627,0.8390134529147982,0.5504067044614247,0.42790110309700874,0.7649885041301543,0.9067264573991032,0.6615725905841755,0.5196108828044699,0.44632535831916786,0.662863446472529,0.26721247535451925,0.22084501709674748,0.3694661458333333,0.6823907799517556,0.7477239353891336,0.627557308355928,0.4615875039846988,0.7776426071137506,0.8196769456681351,0.7397091446881933,0.5576432086896174,0.8493325714729629,0.8704845814977974,0.8291841262016268,0.6323220721858044,0.5304085191181965,0.8114113001130164,0.33718995166019494,0.25632216399573815
w041,6,19um,0.21419270833333334,0.03342013888888889,0.18077256944444445,0.15006510416666666,0.34554661900506406,0.4193781634128706,0.2938196555217832,0.07912745936698032,0.457461203236252,0.5509761388286334,0.3910840932117528,0.13441910950720715,0.550305508233958,0.6536514822848879,0.475177304964539,0.19281583106445235,0.2937151279082008,0.4739278448485068,0.0292781423523473,0.0,0.15125868055555555,0.3752969121140142,0.4533715925394548,0.32016210739615,0.15532323447834437,0.4733122184769566,0.5473457675753228,0.41691995947315097,0.22362775915681338,0.5612927883719724,0.6276901004304161,0.5075987841945289,0.2945493410275109,0.3351347063431467,0.47472458023092035,0.0531670436420326,0.0
w041,6,47um,0.3765190972222222,0.045355902777777776,0.3311631944444444,0.2404513888888889,0.3978192050650722,0.5103790613718412,0.3259365994236311,0.21374927787406126,0.5326590580604182,0.6773465703971119,0.43890489913544667,0.2940873843621091,0.6387099375504739,0.7951263537906137,0.5337175792507205,0.3681443587208262,0.1864473168820995,0.49119017519575,0.19488166033226473,0.0,0.2463107638888889,0.44703832752613243,0.5651982378854625,0.3697406340057637,0.26855832616795644,0.5716653991095767,0.7101321585903083,0.4783861671469741,0.3457759309745326,0.6731767562320863,0.8136563876651982,0.5740634005763688,0.4138765410858212,0.22962450694124273,0.5276870270046731,0.18874810577510492,0.0
w041,6,94um,0.4740668402777778,0.1083984375,0.3929036458333333,0.3151041666666667,0.4718823044135845,0.5909090909090909,0.3927672236209659,0.40412282585355375,0.6087960876537732,0.7506887052341598,0.5120164797436484,0.5011236210482046,0.7146338550526292,0.8471074380165289,0.6179903868162051,0.5813976766905113,0.2732286705243192,0.5274184867284213,0.35191197985284106,0.12066820215497842,0.3146701388888889,0.5318475718805888,0.6665517241379311,0.44243533989471273,0.39613319011815257,0.6512816774880336,0.7958620689655173,0.5511558709086748,0.4798060760287769,0.7374994010943706,0.8675862068965517,0.6413366903181507,0.5486442776574114,0.23673333872498734,0.5850274496854397,0.38073101094706985,0.15831302270011952
w041,7,19um,0.3041449652777778,0.1554904513888889,0.15711805555555555,0.2222222222222222,0.4498041640898784,0.53271484375,0.3892258294684267,0.2449140825597472,0.5982433181710616,0.68701171875,0.5297895112379594,0.34972156734119914,0.7038367028652556,0.78662109375,0.636817695326436,0.442642462015505,0.5733095273676841,0.4827999841447558,0.08848423620436877,0.2090754363707818,0.26171875,0.5211888782358581,0.5634328358208955,0.48483767392079913,0.29703335175971995,0.671949613122304,0.7338308457711443,0.6196931858722797,0.38486265574077866,0.774567348940694,0.8362354892205639,0.7213699607563325,0.461206639103283,0.6232279469761582,0.57139911543656,0.053617723308979494,0.18106798104886607
w041,7,47um,0.43359375,0.21397569444444445,0.2505425347222222,0.3636067708333333,0.5275622703144139,0.5783348254252462,0.484984984984985,0.35489000795123243,0.6795916080286418,0.7367949865711728,0.6306306306306306,0.4785659509543177,0.7832075284433349,0.8388540734109221,0.7344844844844844,0.5776354715247586,0.527763958599042,0.5974244269793437,0.21395905841093374,0.29936607307257285,0.4133029513888889,0.6070467648942985,0.6219480178524547,0.5928428428428428,0.3858070964517741,0.7465913553465245,0.7844578629561565,0.7122122122122122,0.4962408827992361,0.8384236876844844,0.888684694145445,0.7935435435435435,0.585291989487331,0.5722606922872953,0.6813605787248608,0.09449461328784142,0.31016319485684923
w041,7,94um,0.6125217013888888,0.4193793402777778,0.3325737847222222,0.4891493055555556,0.645129518368955,0.7264862466725821,0.5801594331266607,0.5304117126854673,0.7765776089482015,0.8584738243123337,0.7089459698848538,0.6525839437468158,0.860197020887595,0.9347826086956522,0.7966341895482728,0.7400137855320397,0.6694362194119569,0.6048088204034032,0.3918736563148852,0.46740475854327923,0.5623914930555556,0.7002216475803472,0.731429673934015,0.6715677590788308,0.5715075562108368,0.8191072363432632,0.8549102836195254,0.7861824623560674,0.6898834687499353,0.8970435447379741,0.9340150491993054,0.8628875110717449,0.7712936741098203,0.6759745809019945,0.697200381542663,0.3718756521771602,0.5054928546382618
w041,8,19um,0.3257378472222222,0.10904947916666667,0.2189670138888889,0.2626953125,0.4204314954822054,0.4708798017348203,0.379746835443038,0.2763010108573568,0.5933296123198789,0.6559273027674515,0.5416389073950699,0.40490703992487753,0.7196946376900819,0.7806691449814126,0.6675549633577615,0.5065499772234723,0.27693485578509663,0.6014377838863001,0.31887945164655046,0.08737226164525455,0.3037109375,0.48957076366143765,0.5073240443015362,0.47301798800799466,0.3167832167832168,0.6531446280454563,0.6852447302608075,0.6239173884077281,0.44163123579136165,0.7685001020090446,0.795998570918185,0.7428381079280479,0.5387742350995665,0.3393986120221637,0.6589155024235458,0.26373535964087974,0.12004831349637012
w041,8,47um,0.4660373263888889,0.2309027777777778,0.2727864583333333,0.4588758680555556,0.5933833880807132,0.5980137148262,0.5888242142025611,0.4592833876221499,0.7321814626667146,0.7443840151336013,0.720372526193248,0.5588210256217758,0.822275648241497,0.8238354220855995,0.8207217694994179,0.6327838451169508,0.5021016947684191,0.6600448403135772,0.3975111417832671,0.24729307417739518,0.4695095486111111,0.636511250289956,0.6341576149757338,0.6388824214202561,0.47153465346534656,0.7607832402486288,0.7712040674832448,0.750640279394645,0.568569999584554,0.8359845164213727,0.8384562052230182,0.8335273573923166,0.6427027784023479,0.5123152709359606,0.71716507529741,0.38101899208415596,0.2605329531555426
w041,8,94um,0.6488715277777778,0.3641493055555556,0.4424913194444444,0.5758463541666666,0.6869850270222381,0.7305445637836819,0.6483277591973244,0.5276060764798324,0.8154495429682767,0.8505747126436781,0.7831103678929766,0.6282589889006371,0.8931619546956856,0.9120030148859997,0.8750836120401337,0.7053017563733239,0.6167854211249428,0.6472207518676522,0.5446385923584026,0.44270148345287685,0.5593532986111112,0.699416255051639,0.7553831231813773,0.6511705685618729,0.5220909187692964,0.8091314547105538,0.8682832201745878,0.7575250836120402,0.6187235907597352,0.8788409850334207,0.9198836081474296,0.841304347826087,0.6930356341939388,0.5561902096519558,0.6914426881755338,0.5061444409669158,0.4414744570968638
w041,9,19um,0.3169487847222222,0.2310112847222222,0.08843315972222222,0.16764322916666666,0.5575459023734884,0.8058252427184466,0.4262238959260527,0.18548094373865703,0.6936156173518266,0.9009708737864077,0.5638479972612119,0.23864631086391352,0.7786462677985685,0.9449838187702265,0.6621020198562136,0.2890527724370534,0.6559631681504333,0.6636783934232664,0.05368569295186246,0.071232191952012,0.23600260416666666,0.6365777080062794,0.7457471264367816,0.5552892844916124,0.22899022801302932,0.7339593257690384,0.8455172413793104,0.6484080794248545,0.2744354964196483,0.7919377127641646,0.9103448275862069,0.7007874015748031,0.32045687494376934,0.7173959055372345,0.6601467898303867,0.003549695740365111,0.10525409164565178
w041,9,47um,0.4072265625,0.3109809027777778,0.13075086805555555,0.2718098958333333,0.6698625759028444,0.8367265469061876,0.5584865440980549,0.22858884486437062,0.7899875274068303,0.9217564870259481,0.6911803890221156,0.2860840042023053,0.8658307903394183,0.9660678642714571,0.7844391153743672,0.3419118401785817,0.6946443146857539,0.8496420725492518,0.1873227286843104,0.2208571389780636,0.3556857638888889,0.7580713980941546,0.8129957291031117,0.7100985877964295,0.2718473074301295,0.844344203133918,0.901464307504576,0.794031441513456,0.32320173754268466,0.8959130739927063,0.9579011592434411,0.8414601652011724,0.3745885505244407,0.7488451075687961,0.8505959146559283,0.13871767390763187,0.2643345074918689
w041,9,94um,0.4598524305555556,0.3480902777777778,0.1667751736111111,0.3346354166666667,0.7164709095875444,0.8505188067444877,0.6189240207645116,0.26746954208094104,0.8203572106260987,0.9273670557717251,0.7354884379424257,0.32971113999254653,0.8776445179102986,0.9666018158236057,0.803680981595092,0.3887313985652185,0.724749177707226,0.8435724880336288,0.28386326826357516,0.25749897239048386,0.4100477430555556,0.7808407134838468,0.8282614448266737,0.7385559226050024,0.2988769780500255,0.8575300784380867,0.9145276528182059,0.8072203869749882,0.35537006362195206,0.900884777144525,0.9653347446414395,0.844502123643228,0.41177553384216,0.7734585472053868,0.8585568261135873,0.26913359885688787,0.3237348014518875
w041,10,19um,0.1623263888888889,0.10731336805555555,0.0576171875,0.1150173611111111,0.568075117370892,0.6849056603773584,0.4852941176470588,0.2830952888509913,0.7167110669616653,0.809433962264151,0.643048128342246,0.36104063899786515,0.819692194718967,0.8867924528301887,0.7620320855614974,0.4287600093080606,0.6699663432983567,0.463101001133464,0.02123347167261847,0.3745179014434447,0.13368055555555555,0.5901759530791789,0.6534090909090909,0.5381016042780749,0.3162656796216327,0.7248849676122403,0.7816558441558441,0.6758021390374331,0.4004210654367388,0.8226784506423198,0.864448051948052,0.7847593582887701,0.4725653441644144,0.6152621508824145,0.5297534262751205,0.02697895048917877,0.3838597152823607
w041,10,47um,0.2587890625,0.16710069444444445,0.10416666666666667,0.22526041666666666,0.7020847343644923,0.7543352601156069,0.6566037735849056,0.44020542920029343,0.8076685497366323,0.8448940269749519,0.7735849056603774,0.529625695118982,0.8766213886337636,0.9036608863198459,0.8511530398322851,0.5987779083322944,0.7380650820438012,0.5522671783123667,0.18178206019668222,0.4100305484253538,0.2573784722222222,0.7223039730922851,0.7242833052276559,0.720335429769392,0.46716354943045985,0.8255168586096849,0.8246205733558178,0.8264150943396227,0.5541110602691257,0.8895926294545629,0.8844856661045531,0.8947589098532495,0.6223354747469226,0.7130784964372401,0.6115726630249494,0.21892015861742425,0.4365041147527171
w041,10,94um,0.3934461805555556,0.3169487847222222,0.12467447916666667,0.3774956597222222,0.7065446868402534,0.7214716872664558,0.692222835079978,0.5441363769961791,0.8191774243258405,0.8407588387467663,0.7986762272476559,0.6419762163954683,0.8886452288751411,0.9085944236849669,0.8695532266960838,0.7147605710324273,0.7329287448447477,0.5612101898796539,0.28886792683972606,0.4169295167988309,0.4087456597222222,0.7420532936561611,0.7281656490576055,0.7564809707666851,0.5711291090995713,0.846878028926933,0.8470931775949031,0.8466629895201324,0.664259392381341,0.9092827878149478,0.9131935226971064,0.9054054054054054,0.734566667111864,0.7751148632039888,0.6141663940586829,0.2777747175368779,0.47494910684205327
w041,11,19um,0.2821180555555556,0.24479166666666666,0.052083333333333336,0.1906467013888889,0.35391324305714944,0.4388161639157655,0.29653846153846153,0.2541596334699783,0.5143663746339869,0.601593625498008,0.4492307692307692,0.3527082832006109,0.6317582391690436,0.7182697780307342,0.5638461538461539,0.42530355538372333,0.45186577332855976,0.26863547411492616,0.21454597413731513,0.18291677454045763,0.21375868055555555,0.3632385120350109,0.4213197969543147,0.3192307692307692,0.2908256880733945,0.49996405711095643,0.584263959390863,0.4369230769230769,0.3924978839982808,0.59868705616269,0.698477157360406,0.5238461538461539,0.4692072434082069,0.4328857608803796,0.33424018655266224,0.2296561604584527,0.19361084220716357
w041,11,47um,0.5093315972222222,0.4576822916666667,0.08832465277777778,0.359375,0.6092930302273295,0.7364130434782609,0.5195994887089902,0.48418156808803303,0.7751732496343489,0.8979468599033816,0.681934384320409,0.6121381468732021,0.8639590729446077,0.9592391304347826,0.7858968896463571,0.7104535369171945,0.7303493891416949,0.4769950999418424,0.22868749979490646,0.2539534289805635,0.4059244791666667,0.6506224066390041,0.7334937182571505,0.5845760545377077,0.48681646967138587,0.7974031270782911,0.8887997861534349,0.7230507030251385,0.6161188437710549,0.8789665383173156,0.9508152900294039,0.8172134639965913,0.7156753090458086,0.7490822175627421,0.5256019170688967,0.2435034727775755,0.2713998851144682
w041,11,94um,0.6516927083333334,0.5642361111111112,0.21321614583333334,0.4466145833333333,0.6978857933214779,0.858114674441205,0.588078588078588,0.5607918119446631,0.8240229169698161,0.9550534499514092,0.7246087246087246,0.6880945968589747,0.8965394236756781,0.9878522837706512,0.8206793206793207,0.7839314250727871,0.7850775093727999,0.5769542839603006,0.34288346839296385,0.3010641012735639,0.5072699652777778,0.7465593109259432,0.8528342245989304,0.6638361638361638,0.5754497354497354,0.8566105869364169,0.9490909090909091,0.7805527805527805,0.6998502842168078,0.9175824160968216,0.9863101604278075,0.8578088578088578,0.7922270831213755,0.8213496685045297,0.6223991387337348,0.35965191591297374,0.3198016733808491
w041,12,19um,0.3271484375,0.3011067708333333,0.027994791666666668,0.1921657986111111,0.5056414542415378,0.6832298136645962,0.4013266998341625,0.2920035938903863,0.6068699070657169,0.717673630717109,0.5257048092868989,0.38401827233736685,0.6870633162440438,0.7509881422924901,0.6331674958540631,0.46013328031504364,0.5973328785257738,0.29317830598278016,0.0,0.14985234961750415,0.15809461805555555,0.315742397137746,0.48455730954015097,0.2341625207296849,0.22861285645239246,0.41195735341908996,0.5593685655456417,0.32603648424543946,0.31365805032834415,0.48791895775239047,0.6135895676046671,0.40497512437810945,0.37965685131204,0.2733666493264826,0.31465811865085913,0.016150740242261104,0.18514881402024472
w041,12,47um,0.4551866319444444,0.4045138888888889,0.06228298611111111,0.2748480902777778,0.5508323424494649,0.7315436241610739,0.44171632896305124,0.3756033347959632,0.673148370552554,0.8199763126727201,0.5709177592371871,0.46865012272504736,0.7666355780761873,0.8760363205684959,0.6815256257449345,0.5366493645577899,0.5950482659731825,0.4256209313580093,0.07625721352019786,0.2793054799469677,0.2416449652777778,0.4571784490812831,0.6591827570722946,0.3499404052443385,0.35216659010871226,0.5583228419242379,0.7700942972608891,0.43790226460071513,0.42847537889552256,0.6338144592102753,0.8392456219128873,0.5091775923718713,0.486003739254611,0.3249778984374802,0.48330343103206297,0.1857011442525959,0.3039269152212756
w041,12,94um,0.6151258680555556,0.5750868055555556,0.08463541666666667,0.3892144097222222,0.6421780466724287,0.8285475327571787,0.5242547186452637,0.4959083469721768,0.7512291695411355,0.9015890716476164,0.6438525313106368,0.6088691199685222,0.8333743224610654,0.944800669082799,0.7454577526900688,0.6958569729146806,0.648683406124985,0.424209510016896,0.20366090015074295,0.34114886509320597,0.3531901041666667,0.5838189152846257,0.8003072196620584,0.45951666960663257,0.48983481575603555,0.6824291294365353,0.890937019969278,0.5530075851120128,0.5821649827599382,0.7547585584103622,0.9440860215053763,0.6286823072852354,0.6498548378693978,0.5005820939696872,0.4880760205694886,0.3078579198717676,0.3744932828662707
w041,13,19um,0.3965928819444444,0.025607638888888888,0.3773871527777778,0.3683810763888889,0.5146099290780142,0.5343151693667157,0.49630642954856363,0.43386243386243384,0.688155269809149,0.7051546391752578,0.6719562243502052,0.567712505640814,0.8153064647198162,0.8329896907216495,0.798358413132695,0.6554417465441809,0.05135387488328665,0.6272031799847605,0.44525928768457385,0.09027377552370829,0.3451605902777778,0.4370977179637215,0.46966362779000315,0.40875512995896035,0.43882807469414037,0.6017611366896786,0.6422508645080164,0.5660738714090288,0.5608871357882144,0.7273764737354768,0.7752279157497642,0.6850889192886457,0.6399666724988728,0.03495974332586718,0.5354132548521595,0.34984578423895146,0.08445916170378857
w041,13,47um,0.6446397569444444,0.059244791666666664,0.6259765625,0.5751953125,0.6863547411492616,0.7277872099603848,0.6493856253156034,0.5831605143094153,0.8214210677851356,0.847953216374269,0.7964989059080962,0.7167815670484853,0.9050872686017168,0.9268062629692511,0.8843629018683723,0.8152445433772932,0.1489187352063256,0.6882476129051845,0.6311399724470419,0.21827097608028356,0.5134548611111112,0.6508010868546802,0.7339391377852916,0.5845817202491164,0.5661707988980716,0.7767390444253696,0.8541842772612004,0.7121696684059923,0.686691561771354,0.8553844451481163,0.9296280642434489,0.7921225382932167,0.7728724565671284,0.1509962123177502,0.6324380613683472,0.5547487652014941,0.2531639474632504
w041,13,94um,0.7947048611111112,0.076171875,0.7909071180555556,0.6909722222222222,0.7804557405784399,0.8390389447236181,0.7295193883123976,0.6854052282225682,0.8740613672068789,0.9178706030150754,0.8342435827416712,0.7993220279133821,0.9266230177795249,0.9637248743718593,0.8922719825232114,0.8769875767279725,0.1827845804988662,0.7671091840262233,0.7058141146535838,0.2731838982818623,0.6266276041666666,0.7599053362852125,0.8618181818181818,0.6795466957946478,0.6751076658053402,0.849503908678808,0.9333333333333333,0.7794920808301474,0.7723855038453069,0.9014048124405333,0.9714285714285714,0.840797378481704,0.8390559027900192,0.19822232917776184,0.7338680598170014,0.6359449389241498,0.28463637282312115
w041,14,19um,0.3288845486111111,0.05783420138888889,0.2710503472222222,0.20182291666666666,0.6469024739317113,0.8505376344086022,0.5219399538106235,0.06739679865206404,0.7939408194823566,0.9129032258064517,0.7024084460574068,0.11563734391673063,0.8797966709857471,0.9333333333333333,0.8320686242164302,0.17470007013233851,0.47714285714285715,0.8428129496174381,0.0,0.0,0.1929253472222222,0.6167602412143897,0.8340832395950506,0.48927746618277795,0.07158165452207459,0.7105188377448751,0.905511811023622,0.5846255361266909,0.11658680671531634,0.7789645826344532,0.9313835770528683,0.6694160343121082,0.16555409242104782,0.326530612244898,0.7677487783717353,0.0,0.0
w041,14,47um,0.4712456597222222,0.13389756944444445,0.3404947916666667,0.3186848958333333,0.7052197802197802,0.8740211099761661,0.5910660833525213,0.29255861365953106,0.8406952167935485,0.9393939393939394,0.7607644485378771,0.39954559638186077,0.909168264724882,0.9574395641811372,0.8655307391204237,0.48908785508683394,0.7990966613650604,0.8493801776890084,0.0,0.010959857347888489,0.2981770833333333,0.64335072627274,0.8300582241630277,0.5252129864149205,0.28750489620054837,0.7396786474505933,0.915938864628821,0.6203085424821552,0.36184614244058166,0.8045423314780173,0.9454148471615721,0.7002072300253281,0.42464462974715417,0.6328422113575944,0.7662416316477099,0.006727938967982218,0.013787542834106027
w041,14,94um,0.6331380208333334,0.3071831597222222,0.3768446180555556,0.4460720486111111,0.7335612306454856,0.8873753344684991,0.6251928020565553,0.5081967213114754,0.8615538610266106,0.9593772804670396,0.7818337617823479,0.6309174667983674,0.9342909462632065,0.9866212600340549,0.8872322193658955,0.7182392205712085,0.7892625175231176,0.8557813477353247,0.11953355351118745,0.20602276968124436,0.4012586805555556,0.6912829119899297,0.8910221741481882,0.5646958011996572,0.45510930350788,0.7855202477186233,0.9678204434829638,0.6610111396743787,0.5490736675105398,0.8488464306530606,0.9924283396430503,0.7415595544130249,0.6249308332343174,0.711621308417043,0.787648975805674,0.15718425158558086,0.1820992199075403
w041,15,19um,0.1943359375,0.12890625,0.06586371527777778,0.1410590277777778,0.39987059204141057,0.4753846153846154,0.34505862646566166,0.22489217498459646,0.5179372964736665,0.6238461538461538,0.44276940256839753,0.3490836401017459,0.6104082926850901,0.7392307692307692,0.519821328866555,0.46405228758169936,0.48579708004946565,0.5407421403758667,0.06625652075300521,0.0017921146953405018,0.19032118055555555,0.45133991537376583,0.45610034207525657,0.44667783361250696,0.2913513513513513,0.5700235710339173,0.6009122006841505,0.5421552205471803,0.4159855792844653,0.662826274010931,0.7029646522234891,0.6270240089335567,0.5217868795658129,0.5321755424848208,0.6085402478744554,0.03681714946009483,0.005105296745373324
w041,15,47um,0.3043619791666667,0.22623697916666666,0.08246527777777778,0.19325086805555555,0.51155691234191,0.6586187535092645,0.41818181818181815,0.40086206896551724,0.6194469996212326,0.7883211678832117,0.5101604278074866,0.5233711839818078,0.6995943875367403,0.8691746209994385,0.5853832442067736,0.6195254479174501,0.5624695511807578,0.5751132868720802,0.15458814570376953,0.09667319698994818,0.2433810763888889,0.5748811410459589,0.6469014712438698,0.5172905525846703,0.46496586417535035,0.6768896203641734,0.782434239857334,0.5964349376114082,0.5651351113407542,0.7553337459889101,0.862238074008025,0.6720142602495544,0.6450257607810598,0.6198343689817445,0.6394908250574605,0.1192522494031132,0.1070426757943367
w041,15,94um,0.3772786458333333,0.3095703125,0.09038628472222222,0.24815538194444445,0.5791117279666897,0.729777000437254,0.4800115041702617,0.40479107118551794,0.6875409388876073,0.8342807170966331,0.5846994535519126,0.511262126315936,0.7636648208737811,0.8911237428946218,0.6681046879493816,0.5943747680809663,0.6490675046847774,0.4982092537042087,0.18498215051234285,0.24669468055879193,0.3039279513888889,0.6244026760114687,0.699750089253838,0.5637043428242738,0.4454903956239664,0.7231201620907952,0.8050696179935737,0.6563129134311187,0.5315778169186726,0.7982785016736362,0.8661192431274545,0.7402933563416738,0.6028861447693007,0.6686537815606,0.5539294232564053,0.16017751671380204,0.28553270873026854
w041,16,19um,0.3939887152777778,0.3011067708333333,0.09809027777777778,0.22743055555555555,0.427798149118212,0.5844465648854962,0.33737262462131645,0.30255607720396455,0.5734189696328325,0.7137404580152672,0.47920683007435966,0.43180247937703375,0.688023956556394,0.816793893129771,0.5943266317818783,0.5362993679789781,0.5615193294963878,0.3442795133872881,0.017293622053063337,0.14644749034542232,0.1552734375,0.3536151718688265,0.6254367575122292,0.2464885706416965,0.23987416437278802,0.49819641173163853,0.7617051013277428,0.37014596529881577,0.3521719549202741,0.6225658260616962,0.859538784067086,0.488019829248141,0.4487086805625817,0.4315311534205807,0.318672488322209,0.023420865862313695,0.14755097893096675
w041,16,47um,0.5142144097222222,0.4067925347222222,0.1318359375,0.4252387152777778,0.5982905982905982,0.6608828782852768,0.5465288035450517,0.47971602434077076,0.7289062687991454,0.7769839244705282,0.6864317366533024,0.6247971031080105,0.824892990971277,0.8698647614187293,0.7843426883308715,0.7345239334962047,0.6602542484318394,0.35008797399783315,0.2948350382447737,0.27310945135323805,0.275390625,0.5070770922083276,0.7269503546099291,0.38932264190757543,0.37480835004127844,0.6406210756451973,0.8278171788810087,0.5224730955897868,0.497534508597373,0.7448726765161503,0.9042553191489362,0.6332559611732433,0.6001867173712204,0.5634969960638078,0.3338866142894028,0.2533314825097168,0.2088620263619861
w041,16,94um,0.7300347222222222,0.5454644097222222,0.3943142361111111,0.6427951388888888,0.7530825165981664,0.8041863605671843,0.7080856123662307,0.7163345410628019,0.8600189927324298,0.8899392302498312,0.8320451843043996,0.8316560432863447,0.9221550627173528,0.9449696151249156,0.9004161712247325,0.8987262710458206,0.7339730644454655,0.6054517093337065,0.676883915861288,0.5982936103832701,0.4434678819444444,0.6361534905224226,0.8416931734768779,0.5112960760998811,0.5661204101305758,0.7664449152597004,0.9256178125764619,0.6539833531510107,0.6872713828850279,0.8547086421511836,0.9699045754832395,0.7639714625445898,0.7784360310506558,0.6269649001357496,0.43407246659221255,0.5561538057586144,0.49765822421257544
w041,17,19um,0.3133680555555556,0.1591796875,0.1625434027777778,0.16710069444444445,0.483739837398374,0.6954545454545454,0.37084487534626037,0.12749003984063745,0.637727049762426,0.8357142857142857,0.5155817174515236,0.18726873454995852,0.7399440972882796,0.9155844155844156,0.6208448753462604,0.24356924865571863,0.5529160520846823,0.6361203563552366,0.034109869495026014,0.10851350328075564,0.20106336805555555,0.4969415735076988,0.6357258499730167,0.40789473684210525,0.13378625555265225,0.6225562033155645,0.7722611980572045,0.5214681440443213,0.1986654426373265,0.709904463061271,0.8596869940636805,0.6045706371191135,0.260230199994899,0.6536574179090712,0.4844139021357498,0.05341705913134485,0.1835506703001262
w041,17,47um,0.5328776041666666,0.3081597222222222,0.2808159722222222,0.3305121527777778,0.6218424029156717,0.8122127380170716,0.5037670535532478,0.3284223449969307,0.7451855541249451,0.8949441891004596,0.6383628588882101,0.4346231596931558,0.827409194464071,0.93827971109652,0.7399714925677051,0.5277824883618759,0.6359360403322482,0.7123971374934719,0.16710486309859313,0.2792181643789243,0.3478732638888889,0.5824812122705434,0.7373674360573924,0.4813683567501527,0.2657279808268424,0.6884510400568571,0.8396756082345602,0.5833842394624312,0.3602053170232175,0.7630773641592717,0.9017467248908297,0.6613724292404806,0.44798726190815363,0.7222164270961551,0.5156363616557141,0.1991436800996445,0.34535834193870607
w041,17,94um,0.6659071180555556,0.4787326388888889,0.3210720486111111,0.4724392361111111,0.7471165761128586,0.9000918695452458,0.63858562815708,0.4963888570445948,0.8554907907874453,0.9556729444189251,0.7743197001792407,0.6170164145259978,0.9169350451371586,0.9751952227836472,0.8652436043669546,0.7008740818576912,0.7461265681411298,0.7815781125497012,0.3743257363767237,0.3995947689959268,0.4877387152777778,0.7345748683220465,0.8687430478309233,0.6363043832491445,0.4336642599277979,0.8278940759271947,0.9359288097886541,0.7422193254032915,0.5398153996463976,0.8843127977035424,0.9655172413793104,0.8157080006517843,0.6238922779022906,0.7994565216431007,0.6559578131914734,0.36869752771634035,0.4080500343201474
w041,18,19um,0.18033854166666666,0.0740017361111111,0.10633680555555555,0.1255425347222222,0.3157147924796027,0.38461538461538464,0.2677496991576414,0.2972908175497483,0.4570728351824443,0.5177182368193605,0.4091456077015644,0.4184739654160708,0.5643370077487704,0.6197061365600691,0.5180505415162455,0.511845078438924,0.5460996506567263,0.3384014671951725,0.03024694364619356,0.0,0.1459418402777778,0.3418689723977386,0.38215613382899627,0.309265944645006,0.3702684101858224,0.483545260906048,0.5130111524163569,0.457280385078219,0.48325570467015877,0.5911095491287539,0.6133828996282528,0.5703971119133574,0.5648953887928978,0.5232650784798024,0.40996306730794696,0.036847602924755966,0.0
w041,18,47um,0.3328993055555556,0.12662760416666666,0.21712239583333334,0.20128038194444445,0.468413568962015,0.6215633423180593,0.3758148631029987,0.3327287716405606,0.6176936434420618,0.7929919137466307,0.5058670143415906,0.43282565977447746,0.7211324004174691,0.8997304582210243,0.6016949152542372,0.5106193383193,0.5888562520881973,0.5187657738337539,0.17374618403837766,0.037408759124087594,0.22786458333333334,0.5197368421052632,0.6395238095238095,0.4377444589308996,0.36862123613312203,0.652225730973657,0.7919047619047619,0.5544328552803129,0.45755508393525646,0.7471861566564213,0.8871428571428571,0.6453715775749674,0.5273410517319929,0.5795705859278436,0.5742856280366178,0.20319287513700557,0.05539285795364253
w041,18,94um,0.591796875,0.2823350694444444,0.4220920138888889,0.3228081597222222,0.5616324593664729,0.7956302521008404,0.43399339933993397,0.39004951092863177,0.6859348420005236,0.8957983193277311,0.5557389072240557,0.4925064573015735,0.7736634915617807,0.9519327731092437,0.6516318298496516,0.5822132686346542,0.5854143072331766,0.5391613675226035,0.3600035016699251,0.24544205212582118,0.3798828125,0.6215522054718036,0.7949157383604685,0.5102676934360103,0.43624389690019305,0.7326978965940192,0.8937446443873179,0.6208287495416208,0.5344779237953501,0.8126915291056073,0.9485861182519281,0.7108544187752108,0.6210096227636048,0.5928149533306722,0.6368596531333164,0.3950685615371675,0.29879595939422815
w041,19,19um,0.3573133680555556,0.060980902777777776,0.3030598958333333,0.2240668402777778,0.5748413587159388,0.7457627118644068,0.4676586699058609,0.39194741166803615,0.7286477743326221,0.8503631961259079,0.6374126935924689,0.48896583829813944,0.8311679978059496,0.9031476997578692,0.7698147585788035,0.5674981516821391,0.5730437461491067,0.7382432394342182,0.09895254042558393,0.08097670362526474,0.3025173611111111,0.67225785232692,0.733142037302726,0.6207105982386881,0.4271150062600608,0.7831532694333931,0.8385939741750359,0.7345885211053751,0.5135163020149406,0.8568594289493329,0.8855810616929699,0.8299423018524142,0.5890372070626976,0.5695433672274026,0.7931166082642334,0.13738284983463175,0.08439403603153915
w041,19,47um,0.5108506944444444,0.15440538194444445,0.4227430555555556,0.3289930555555556,0.6214470284237726,0.7932058047493403,0.5108326253186066,0.531018782014798,0.7556491059257476,0.8693931398416886,0.6682242990654206,0.6474233512550055,0.8514087649204005,0.9135883905013192,0.7971537807986406,0.7351163604295181,0.5795878825564247,0.7555811271650521,0.2978414355624942,0.2175236861701625,0.4224175347222222,0.7168933844901757,0.7919342409452864,0.6548428207306712,0.5828368614526556,0.8068192395656371,0.8664269201130234,0.7548853016142736,0.6809025022021821,0.8679881714763209,0.9059851014641664,0.8330501274426508,0.7510869696994016,0.6047214665210885,0.8171908452428919,0.3334517079803397,0.22940275559045586
w041,19,94um,0.6955295138888888,0.3377821180555556,0.5524088541666666,0.4774305555555556,0.7148936170212764,0.8781818181818182,0.6028081123244929,0.6196117471378796,0.8235203712338007,0.9286363636363636,0.7397815912636505,0.7385395578925942,0.8893958387151945,0.9540909090909091,0.8329173166926677,0.8222701439214967,0.5951593882410796,0.7395748632767627,0.5099098690387769,0.38530122609417833,0.5817057291666666,0.7679891258176874,0.8431262824099981,0.7051482059282371,0.6672723968744321,0.8497104344569575,0.9127028539451595,0.7948517940717629,0.7587284160232584,0.9025676024746364,0.9436672262637568,0.8648985959438378,0.8254477472305161,0.6258218223735508,0.7470715229228714,0.5870551894232239,0.36278744923562434
w044,0,19um,0.4685329861111111,0.007486979166666667,0.4632161458333333,0.15440538194444445,0.4142135516460547,0.8355586788475052,0.27535896248263086,0.0768166089965398,0.5868949840183321,0.9184820801124385,0.4312181565539602,0.1259582915031487,0.7156327899869973,0.9620520028109627,0.5697081982399259,0.1801863869184683,0.0,0.5914624358185581,0.0,0.005124919923126201,0.06488715277777778,0.22375915378356392,0.919732441471572,0.12737378415933304,0.014527845036319613,0.3070239588269874,0.9732441471571907,0.182260305697082,0.022755950980601836,0.3830599674053197,0.9916387959866221,0.23737841593330244,0.03334731543624161,0.0,0.309986789316672,0.0,0.010869565217391304
w044,0,47um,0.5374348958333334,0.026041666666666668,0.5224609375,0.2528211805555556,0.5173692159824248,0.8085836909871245,0.3803755299818292,0.2627103311018636,0.668474998889705,0.8665236051502145,0.5441146779729457,0.36379845532503063,0.7709971118696544,0.9072961373390558,0.6703008277811427,0.46937466240564546,0.5066818311060564,0.6500150466445982,0.06878561155058914,0.039264078976890285,0.1044921875,0.3157538877620013,0.9698857736240913,0.18857258227336968,0.18798076923076923,0.4170259967972857,0.9937694704049844,0.26388047647890167,0.24662796723669356,0.49749734566964965,1.0,0.33111245709670906,0.30574861945146703,0.5155567939073094,0.37169279555739315,0.0797744736808937,0.08254558603233639
w044,0,94um,0.6266276041666666,0.1572265625,0.5360243055555556,0.4151475694444444,0.632225809811478,0.7932566649242028,0.5255411255411255,0.5129083847384053,0.757284025386312,0.8664401463669629,0.6725541125541126,0.6305408496669285,0.8366318470765421,0.9121798222686879,0.7726406926406927,0.7185241626227694,0.7278164665955428,0.6661038442751087,0.3418077755812859,0.2133786448265556,0.24674479166666666,0.5073922226363523,0.8979771328056289,0.35359307359307357,0.4148847542349347,0.6029259515830971,0.9533861037818822,0.44086580086580085,0.4999097386601669,0.6690763743167972,0.978891820580475,0.5082251082251082,0.5642456098657671,0.6850497731796629,0.41298890233136876,0.34626342067745425,0.20857330871947774
w044,1,19um,0.039496527777777776,0.009765625,0.029730902777777776,0.07562934027777778,0.3600377002827521,0.27403156384505023,0.5247252747252747,0.19889142484512554,0.5379688155478077,0.45050215208034433,0.6675824175824175,0.30113723789673935,0.6501126515431473,0.5753228120516499,0.7472527472527473,0.39577777542267706,0.6005459508644222,0.5226097732744454,0.0,0.0,0.058051215277777776,0.3670745272525028,0.308411214953271,0.4532967032967033,0.14388984509466438,0.5177664974619289,0.508411214953271,0.5274725274725275,0.21451702959240646,0.6327395066982835,0.6542056074766355,0.6126373626373627,0.28571428571428575,0.2524271844660194,0.5676691279424612,0.0,0.0
w044,1,47um,0.18836805555555555,0.11686197916666667,0.09233940972222222,0.1859809027777778,0.5344927536231884,0.5379229871645275,0.5311059907834101,0.34173387096774194,0.6814192529531624,0.6989498249708285,0.6647465437788018,0.49279417298747064,0.7759314795150356,0.8138856476079347,0.7413594470046083,0.5995170049703826,0.42662258045954116,0.6197092530519405,0.09844110854503464,0.31661830018210063,0.10611979166666667,0.417096536477524,0.5787321063394683,0.326036866359447,0.26955521472392635,0.5542767202304094,0.7402862985685071,0.44297235023041476,0.38825989960959284,0.6576885047326908,0.8680981595092024,0.5293778801843319,0.4799730895953046,0.3066085329387089,0.7088274414000926,0.07138843903890009,0.16320287713278836
w044,1,94um,0.5997178819444444,0.4758029513888889,0.21690538194444445,0.5036892361111112,0.6669289015635755,0.7305040930633347,0.6135335625113081,0.5819664359533517,0.802554616192911,0.8597587246876346,0.7524877872263434,0.7129293036227088,0.8765583864641168,0.9209392503231366,0.8362583680115795,0.7961684219169084,0.6832168044089916,0.7333546968275956,0.3125982115707114,0.3610603407796765,0.3078342013888889,0.595169775227164,0.8773352132534368,0.45033472046318074,0.4884465797300389,0.7167847967818606,0.9584067677123722,0.5724624570291297,0.6031322515957792,0.7960364719870929,0.9883679943602397,0.6663651166998371,0.6946337375373961,0.654809023993024,0.699563955075304,0.273874701733353,0.2589216219154256
w044,2,19um,0.3848741319444444,0.060872395833333336,0.3326822916666667,0.14539930555555555,0.29711479435236343,0.5417910447761194,0.20468001127713562,0.190176322418136,0.43395549572671704,0.7119402985074627,0.3120947279391035,0.29522658753584075,0.5488758606619656,0.8470149253731343,0.40597688187200454,0.3952130163587148,0.5227233239842141,0.1851225299630965,0.2543104641604656,0.006030150753768844,0.13834635416666666,0.3040232268768146,0.5749019607843138,0.20665351000845786,0.16586306653809066,0.4134047901702848,0.712156862745098,0.29123202706512547,0.2595527774677234,0.5019447635440868,0.8392156862745098,0.35804905553989286,0.3370205396451152,0.5287224342305223,0.1093578671456469,0.25194515290977393,0.03767764679960339
w044,2,47um,0.4791666666666667,0.0986328125,0.4004991319444444,0.2368706597222222,0.4603727837551144,0.6958314246449839,0.3439764492753623,0.3437626980902072,0.6132585337138251,0.8396701786532295,0.4830163043478261,0.47246029536909356,0.7224242867151426,0.9317453046266606,0.5899003623188406,0.573361074676755,0.5270242708545788,0.38114090284089586,0.35490398848267335,0.17910119553863912,0.2609592013888889,0.48321360504324873,0.6852390852390853,0.37318840579710144,0.3351477449455677,0.6143985837317331,0.8195426195426195,0.4913949275362319,0.46313570685363253,0.7092652762977507,0.9072765072765073,0.5822010869565217,0.5574332561989821,0.5505862065559617,0.3470154616948317,0.34790503345098245,0.14042816823845253
w044,2,94um,0.6222873263888888,0.2495659722222222,0.4692925347222222,0.375,0.5653356544445653,0.7517361111111112,0.45300784655623366,0.42493638676844786,0.7060884670908313,0.8828125,0.5883173496076722,0.5604231636079298,0.8018568079811939,0.9487847222222222,0.6943330427201395,0.6587200499492702,0.580538463908948,0.4995973045713013,0.4083529388158456,0.3815309292484432,0.3922526041666667,0.5912299465240641,0.7645919778699861,0.4819529206625981,0.4287317620650954,0.7116603543273053,0.8923928077455049,0.5918047079337402,0.553535472047907,0.793461006840232,0.9557399723374828,0.6782911944202267,0.6459442373218296,0.6266963851701776,0.4628472747730958,0.4227402560055229,0.35960866116285223
w044,3,19um,0.392578125,0.09635416666666667,0.2978515625,0.2417534722222222,0.5655148819705781,0.7419210053859964,0.45688225538971805,0.15823935976718806,0.7125913612876328,0.8523339317773788,0.6122166943062466,0.24492945731347202,0.8139615252393261,0.9120287253141831,0.7349364289662798,0.33843083589919026,0.6988488157757452,0.665135993009647,0.051360060598910955,0.08918291201595324,0.2740885416666667,0.6285807291666665,0.764449722882027,0.5337202874516307,0.18530020703933747,0.7505172562337573,0.8741092636579573,0.6575456053067993,0.2812293213734284,0.8322232866000729,0.9243863816310373,0.7567716970702045,0.36716262053234194,0.7608959960434398,0.7326607709082149,0.03752931978107897,0.0032970656116056707
w044,3,47um,0.5135633680555556,0.1392144097222222,0.3888888888888889,0.3370225694444444,0.5988008674575838,0.7556342562781713,0.4958799915487006,0.29978869519281565,0.7422045676392623,0.8547971667739859,0.6558208324529896,0.42324445694442187,0.8472119080504885,0.9156471345782357,0.7882949503486161,0.5409134403317964,0.6380727466370308,0.697600676461262,0.17088316045437038,0.1045027420854541,0.4011501736111111,0.6692763938315539,0.7630511225317825,0.596027889287978,0.34644125934092856,0.795067700749682,0.8631322694076278,0.7369533065708853,0.4760005290305515,0.8822083322554777,0.9199350824993238,0.8474540460595816,0.5847184593623724,0.6802308567859857,0.7645271060487665,0.19407179315243145,0.03984547940448804
w044,3,94um,0.6251085069444444,0.2694227430555556,0.4607204861111111,0.5146484375,0.7488575780654988,0.8292220113851992,0.6826939767401493,0.4885481175661064,0.8536935826009133,0.9112376133248998,0.8029855927790314,0.6198760703086861,0.9179822837899941,0.9536158549441281,0.8849158132268703,0.7269895517487497,0.7421148194186157,0.7261756186499151,0.4977626828790839,0.2731476665563384,0.5767144097222222,0.7939689418562659,0.8272812793979304,0.7632355493837876,0.5185667752442996,0.8866469128228447,0.9113828786453434,0.863218191286235,0.6472891292708071,0.9418296677660029,0.9542803386641581,0.9296997049123417,0.7489184476922826,0.8051153826728233,0.767467904403185,0.5283604088658059,0.26530664812095917
w044,4,19um,0.3548177083333333,0.21299913194444445,0.15657552083333334,0.2723524305555556,0.5567474048442906,0.6410358565737052,0.4920489296636086,0.2770706511713706,0.7103651563832436,0.7828685258964143,0.6501529051987768,0.3919605277241636,0.8064412519340982,0.8625498007968128,0.7571865443425077,0.4922747806837015,0.6244145725260557,0.5478725387948052,0.07280966685683848,0.30888164856127776,0.3340928819444444,0.5925342573633643,0.6109126339720689,0.5752293577981651,0.2944908180300501,0.7280632218924451,0.7606365703150374,0.6981651376146789,0.4074806438920916,0.8101763317037851,0.8444300097434232,0.7785932721712538,0.5084808714886635,0.5557924062387877,0.7264654212014741,0.08134245172174856,0.26449841950233827
w044,4,47um,0.4845920138888889,0.3518880208333333,0.16959635416666666,0.4360894097222222,0.6746022392457278,0.7121174421497886,0.6408419167039857,0.4481651376146789,0.8164708481991295,0.8410052251803931,0.7933273622928795,0.5834244628697943,0.8935928235845223,0.9139089325702912,0.8741603224361845,0.6780291862689907,0.7804153507689126,0.547356614835585,0.27479794968534793,0.338750802023289,0.4930555555555556,0.7021087680355161,0.6960827464788732,0.7082400358262427,0.4848025959978366,0.8311646649192129,0.8424295774647887,0.8201970443349754,0.6128063308256043,0.9025690992416436,0.9214348591549296,0.8844603672189879,0.6994616753248567,0.7412447380560664,0.7505713871691475,0.27550510100771775,0.2953154012064904
w044,4,94um,0.5891927083333334,0.4793836805555556,0.18131510416666666,0.5362413194444444,0.7603162360200539,0.7978551193848644,0.7261510128913444,0.587194454578621,0.8767853043260161,0.8992310805341966,0.8554327808471455,0.717032571210034,0.9307726288294067,0.9471873735329825,0.9149171270718232,0.8059495879591216,0.8667741964982061,0.5102414846961754,0.3502959596417793,0.395741536052306,0.5707465277777778,0.765201122544434,0.7775665399239544,0.7532228360957642,0.5942208828221947,0.8779055620952271,0.9005703422053232,0.856353591160221,0.7202577236014249,0.9339499517888329,0.9600760456273765,0.9092081031307551,0.8032963865715137,0.8296998687719594,0.6913051595924159,0.3433872801030344,0.3909693405668642
w044,5,19um,0.3748914930555556,0.028862847222222224,0.3461371527777778,0.0439453125,0.15284974093264247,0.7283950617283951,0.085383502170767,0.06447613143211407,0.24247414783607812,0.8666666666666667,0.14095513748191027,0.11538599345032927,0.3195936520966744,0.9209876543209876,0.19334298118668597,0.16917019104564676,0.0,0.15566537660017862,0.0,0.5520178070260331,0.09407552083333333,0.2767237390097177,0.6897347174163783,0.17308248914616498,0.1185542168674699,0.3651753370686995,0.8327566320645905,0.23386396526772793,0.17406199922639112,0.44793751501080775,0.903114186851211,0.29782923299565844,0.2360842090670692,0.0,0.2756320579744264,0.0,0.4513915128895195
w044,5,47um,0.4487847222222222,0.08919270833333333,0.3645833333333333,0.0769314236111111,0.2707946336429308,0.92524682651622,0.15860735009671179,0.11214230471771074,0.3950890023673093,0.9774330042313117,0.24758220502901354,0.18308197150596148,0.5047901619925277,0.998589562764457,0.3377659574468085,0.26314009575850345,0.0,0.3226360166778878,0.0,0.42773774942092907,0.17545572916666666,0.48044498522509993,0.8546691403834261,0.3341392649903288,0.22896393817973668,0.5642839754278282,0.9128014842300557,0.40836557059961315,0.316155997306626,0.6339193614008718,0.9474335188620903,0.4763056092843327,0.3921908644323143,0.0,0.5032476870268069,0.0,0.35390640740249346
w044,5,94um,0.5989583333333334,0.2518446180555556,0.3645833333333333,0.12532552083333334,0.3047191011235955,0.8805194805194805,0.1842391304347826,0.25067281814686654,0.4321520240446192,0.9497835497835497,0.2797101449275362,0.3566644051204902,0.5455728675228486,0.9956709956709957,0.37572463768115943,0.4507307925349769,0.34769555135342556,0.37793522173813415,0.03126714207350521,0.25759091860345906,0.2221137152777778,0.487115105061451,0.9003419638495359,0.3338768115942029,0.3872661634394487,0.5694183270299393,0.940400586223742,0.4083333333333333,0.4710053656827625,0.638738542265575,0.9702002931118711,0.47608695652173916,0.530606356229132,0.34340195538297197,0.534696868203801,0.04085514992300027,0.28782284091579374
w044,6,19um,0.4858940972222222,0.2087673611111111,0.29296875,0.2865668402777778,0.6745329400196657,0.9091253313138963,0.5361768646717284,0.34221799143265114,0.8027802583167549,0.9674365770541462,0.6860205448861099,0.4326033418422743,0.8791312609247323,0.9893979553199546,0.7909781152300134,0.5046654254112276,0.6489293859865677,0.6096660095507176,0.4257273512176745,0.1544008471834744,0.3153211805555556,0.7204767063921993,0.9153475567790778,0.5940151853506029,0.38325498097156924,0.8323316032201438,0.9731589814177564,0.7271103171058508,0.4767867194944755,0.9004229346926087,0.9924294562973159,0.8240285841893703,0.541477724502776,0.6816430172676786,0.6234713205154968,0.4050149792752494,0.05912317327766179
w044,6,47um,0.5579427083333334,0.2860243055555556,0.3334418402777778,0.4142795138888889,0.7558035714285715,0.8868517548454689,0.6584986386619992,0.4634559162948146,0.8545007656518594,0.9484023048716606,0.7775184753014391,0.5621023161543339,0.9127665723728116,0.9777370350969093,0.8558926487747958,0.6346610096072807,0.6552339116794182,0.62896729190625,0.5465182769198332,0.34457988268238127,0.4046223958333333,0.7733062788862586,0.9198176454813622,0.6670556203811746,0.4770670826833073,0.8616038135274484,0.9758648431214803,0.7712952158693116,0.5716131533935859,0.9154358052691953,0.9941002949852508,0.8483080513418904,0.6403278020167524,0.6693484583129555,0.6176133313685142,0.5389019303968102,0.2594384308366076
w044,6,94um,0.6539713541666666,0.4064670138888889,0.3973524305555556,0.5452473958333334,0.7499095186391603,0.8246766169154229,0.6875725900116144,0.6131741821396994,0.8428424814658523,0.8857711442786069,0.8038825286212046,0.7396632346181842,0.901271748057466,0.9255721393034826,0.8782147005143521,0.8221573996943567,0.7451674093097325,0.6103095895755015,0.5885274176502523,0.4705747071674595,0.4838324652777778,0.7512874308601946,0.8833819241982507,0.6535589845694375,0.5781655269983496,0.8432516213934438,0.9389997757344696,0.765223162435706,0.6928067538669049,0.9061091756168327,0.9692756223368468,0.8506719761075162,0.7733996269543819,0.7278478831066716,0.6113812709109631,0.5510262660031784,0.3579858082818301
w044,7,19um,0.1693793402777778,0.046223958333333336,0.12358940972222222,0.3189019097222222,0.31555555555555553,0.2415787682885335,0.4548366431774504,0.38309973593337393,0.461908718679528,0.3776794828172848,0.5944907110826393,0.49065065644327105,0.5773640051584567,0.4947260973120109,0.6931454196028187,0.5620567674604645,0.15735431390852114,0.4364407922536794,0.2816661381467429,0.040368695058462065,0.3009982638888889,0.2925028835063437,0.22855082912761354,0.40614990390775146,0.36023539302227825,0.4247121362491636,0.35328046142754144,0.5323510570147342,0.4653255376077693,0.5394565443825993,0.4686373467916366,0.6354900704676489,0.55190296818541,0.15346284393731494,0.4155335179925275,0.22162710416740808,0.04916201117318435
w044,7,47um,0.2909071180555556,0.09722222222222222,0.2163628472222222,0.4735243055555556,0.47466288147622426,0.383134738771769,0.6236478925773965,0.46745913818722135,0.6109495129657058,0.5286434463794684,0.7236105930622901,0.563127268006374,0.7093940574570334,0.6393217231897342,0.7967176426706453,0.6278890537759595,0.2667607562332,0.6338541428616632,0.35662604561509,0.20571606306110654,0.455078125,0.4701090909090909,0.38531235097758704,0.6027601641178665,0.451829268292683,0.6048038777159922,0.5295660467334287,0.7049608355091384,0.5495940218312706,0.7039754085626273,0.6392465426800191,0.783289817232376,0.6189377376581567,0.28342906221482633,0.6077875732009065,0.2949333069254528,0.19206658308213512
w044,7,94um,0.4365234375,0.1519097222222222,0.3371310763888889,0.5608723958333334,0.561792863359443,0.4995163474559876,0.6418095948297291,0.5976253298153036,0.6831296162012044,0.6397755852195782,0.7327864777529207,0.6902718126408539,0.7682045102427267,0.7399883923389438,0.7986577181208053,0.7544000092499324,0.3197304094266218,0.6564081218293233,0.4441321748159548,0.31136936785474106,0.521484375,0.5577075546494507,0.5122763212650853,0.6119811086254039,0.5551356922019924,0.6745648302621378,0.6456512692467749,0.7061894108873975,0.6578373211538316,0.7589679082002023,0.7424053266749896,0.7762863534675615,0.7315471166594034,0.30827152205919767,0.6432285227306477,0.389511226941997,0.2813725115220592
w044,8,19um,0.1591796875,0.08018663194444445,0.07921006944444445,0.23426649305555555,0.43243243243243246,0.36313107920333487,0.534423994546694,0.256857855361596,0.5526310766705476,0.4881889763779528,0.6366734832992502,0.36577643715631525,0.655714506916248,0.603520148216767,0.7177914110429447,0.45541808277681617,0.7312120942241606,0.3384745960590859,0.06818867864575885,0.0,0.1457248263888889,0.47900355871886124,0.5011169024571854,0.45875937286980234,0.18049187161317215,0.615414172762876,0.659717051377513,0.5766871165644172,0.25069931967047576,0.7009606216534433,0.7736411020104245,0.6407634628493524,0.31092435904457555,0.7323389985204456,0.33915361048148057,0.09693233205230925,0.0
w044,8,47um,0.3468967013888889,0.1271701388888889,0.23372395833333334,0.3785807291666667,0.5360454681423871,0.5136142161077673,0.5605254926493588,0.36826229508196723,0.6842913040975799,0.6706792777300086,0.6984673131060369,0.4757172337597328,0.7918161620520544,0.7818859271997707,0.802001876759462,0.5477769024724214,0.6962190431770741,0.5211590779857352,0.2602119010412471,0.11109140081102696,0.2463107638888889,0.5908176330711542,0.711453744493392,0.5051610885204879,0.30783640337183893,0.7214400301109821,0.8519823788546256,0.6255864873318736,0.3914986749232775,0.7990215097117866,0.9295154185022027,0.7006568658116985,0.4519039118408142,0.6914829924904015,0.5280200046058938,0.26719089890205794,0.08011917039074137
w044,8,94um,0.5347222222222222,0.14952256944444445,0.4204644097222222,0.4952256944444444,0.6211546565528867,0.6459246275197196,0.5982142857142857,0.5037683458944863,0.7626034514267812,0.7791411042944786,0.7467532467532467,0.6356701937614397,0.8626114975400525,0.869193689745837,0.8561282467532467,0.7289351625730062,0.6235202132545816,0.6589700072242597,0.34822399703377616,0.2842676350195283,0.3514539930555556,0.5933635361821966,0.748070392096326,0.4916801948051948,0.4461696540700993,0.7201709317939352,0.8484100030873727,0.6256087662337663,0.5529679760417779,0.8047015211141958,0.9166409385612844,0.7171266233766234,0.632235374267574,0.6202102349858135,0.564936011507752,0.3360064525545609,0.14218009478672983
w044,9,19um,0.19921875,0.1105685763888889,0.09309895833333333,0.23828125,0.31448412698412703,0.2887067395264117,0.3453159041394335,0.24797047970479705,0.4357488516220625,0.424408014571949,0.4477124183006536,0.31089770354906054,0.5437185004025931,0.5318761384335154,0.5561002178649237,0.3709420972198638,0.2842258203856172,0.5868960283329117,0.06349429159648137,0.054326188305099984,0.2490234375,0.35875090777051555,0.32287581699346407,0.4035947712418301,0.23583093179634967,0.4997314269738224,0.4736383442265795,0.5288671023965141,0.30021720175481664,0.6178937526092612,0.592156862745098,0.6459694989106753,0.35693900072301077,0.35220484066785473,0.6542012229132023,0.05930470347648262,0.0616984707593319
w044,9,47um,0.2972005208333333,0.18174913194444445,0.12217881944444445,0.2969835069444444,0.3590211833455077,0.3591523565948118,0.3588901058780577,0.3432682425488181,0.4737681574361291,0.4990865911582024,0.4508944870390654,0.4361895514404781,0.5884603346760297,0.618560467665327,0.561153705732019,0.5175071138462422,0.34464217748783665,0.5871343699037324,0.11644723196732501,0.08029575603472792,0.3204210069444444,0.3938861560084329,0.3796139519133085,0.40927345746622856,0.31681532870829204,0.5304097330166195,0.5299695225194717,0.5308506754289887,0.4063923463943042,0.6523403371425777,0.6559431087030139,0.6487769258853596,0.49089395342357445,0.39730269616159636,0.644873137826326,0.11785738532213899,0.091787769366762
w044,9,94um,0.4778645833333333,0.3000217013888889,0.22298177083333334,0.4106987847222222,0.46623519355232634,0.5043593130779392,0.43346957311534967,0.470841815351455,0.616282838124894,0.6689564068692206,0.5712988192552225,0.5914967298101037,0.7408779153119182,0.7833553500660502,0.7027702089009991,0.6914066971808215,0.44926496499587343,0.5290909872981331,0.308308763948072,0.1730039581566299,0.4762369791666667,0.5142727169339246,0.5151515151515151,0.5133969118982743,0.48084868788386376,0.6674617952491223,0.683526999316473,0.6521344232515894,0.6051270818180214,0.7767550418582548,0.7990430622009569,0.7556766575840145,0.7004166468464866,0.520750870313524,0.5614313395205559,0.32356234128663336,0.14806108894797415
w044,10,19um,0.1310763888888889,0.0576171875,0.07573784722222222,0.14192708333333334,0.4300476947535771,0.4136085626911315,0.4478476821192053,0.29968005687877713,0.5120759120773923,0.5351681957186545,0.4908940397350993,0.3799385369757128,0.5665266603390312,0.6200305810397554,0.5215231788079471,0.44901867475334417,0.4842130275937862,0.5132754036347688,0.022429906542056073,0.008485062754109951,0.1566840277777778,0.41779788838612364,0.38365650969529086,0.4586092715231788,0.3363415480735855,0.5029287482279363,0.5110803324099723,0.49503311258278143,0.4170120291009429,0.5634290055851473,0.6149584487534626,0.5198675496688742,0.4844961859877892,0.5031898716477216,0.5021518479385334,0.008882309400444117,0.0
w044,10,47um,0.2036675347222222,0.07411024305555555,0.13780381944444445,0.18912760416666666,0.49116022099447515,0.5100401606425703,0.47362812999467235,0.3739545997610514,0.6268672508815398,0.672403901319564,0.5871070857751731,0.4702451295744468,0.7215181219829927,0.7693631669535284,0.6792754395311668,0.5437984306272593,0.4045964913406647,0.6166209329674637,0.13732168226845456,0.07128185667732823,0.19954427083333334,0.5,0.5051658510059815,0.49493873201917954,0.408716136631331,0.6184296962377247,0.6742794997281131,0.5711241342567928,0.4928058705816181,0.7034616859876938,0.7933659597607395,0.6318593500266383,0.5582916710579051,0.4417089733076575,0.6389574427202646,0.07547403069029994,0.001961265015935278
w044,10,94um,0.4391276041666667,0.17491319444444445,0.2863498263888889,0.3723958333333333,0.5971386549003878,0.6506410256410257,0.5517667407956511,0.4522645812968394,0.7322216908905885,0.7791375291375291,0.6906350382999753,0.5582000445919298,0.8179373857192552,0.8522727272727273,0.7862614282184334,0.648510984492308,0.4404109772235475,0.767835297249672,0.23080777031654898,0.16548877417240251,0.3336588541666667,0.6295984274080315,0.7291056910569106,0.5539906103286385,0.46214689265536724,0.7538363446141889,0.8510569105691057,0.6765505312577218,0.5531989494527708,0.8332021531252101,0.9154471544715447,0.7645169261181122,0.6294129142716338,0.5202836492035778,0.7907451385314966,0.19990626029236655,0.1035488788476749
w044,11,19um,0.1450737847222222,0.0812717013888889,0.06608072916666667,0.0888671875,0.33024118738404457,0.4346764346764347,0.26626776364996263,0.051729510751012786,0.45263921527064616,0.6532356532356532,0.3462976813762154,0.08204578775234013,0.5358267102535723,0.8046398046398047,0.4016454749439043,0.11681056373793804,0.2079050105107533,0.4638464860399181,0.32448705479134826,0.04698672114402452,0.0861545138888889,0.30126701079305496,0.40428211586901763,0.2400897531787584,0.018216080402010053,0.43213192430318836,0.6158690176322418,0.33283470456245323,0.028854000065280546,0.5299867721902114,0.7732997481108312,0.4031413612565445,0.047729272277849934,0.3005137712329048,0.11994572591587518,0.3185377347264203,0.0
w044,11,47um,0.3040364583333333,0.1843532986111111,0.13313802083333334,0.2299262152777778,0.4742938427148953,0.5507314771118452,0.4164882226980728,0.15832710978342046,0.6148382011103679,0.7107126002831524,0.5417558886509636,0.25879317513851224,0.7119178027313999,0.8131193959414819,0.6331192005710207,0.34702075634170626,0.4728794116084183,0.5426492119079924,0.2617358861875282,0.12303059633274183,0.23057725694444445,0.4680332859752384,0.5425882352941176,0.4114917915774447,0.13577023498694515,0.6006624205493055,0.7063529411764706,0.5224839400428265,0.2088086302493691,0.688264195632179,0.8183529411764706,0.5938615274803711,0.28215193298623176,0.49680033529769674,0.36835310751828854,0.2455849099808226,0.0756276523089316
w044,11,94um,0.5480685763888888,0.3217230902777778,0.2940538194444444,0.3814019097222222,0.6703245388746205,0.8167852062588905,0.5684022965749357,0.3850620216415941,0.7897152903001644,0.9246088193456614,0.6891704612947931,0.4944886315761932,0.8521850972174038,0.9681365576102419,0.7610374183330033,0.5743643799841716,0.5935863655068906,0.7122540804553902,0.34086741803779674,0.26575558217562345,0.3942057291666667,0.6858590511285121,0.8197082301128544,0.589586220550386,0.38643451143451146,0.7977096807035138,0.9298100743187449,0.6984755493961592,0.48762167392496375,0.8549455931124468,0.9730250481695568,0.7624232825183132,0.5647319294771279,0.6350982871492342,0.6881458040932998,0.287196342425397,0.21345887281241718
w044,12,19um,0.3158637152777778,0.20182291666666666,0.1238064236111111,0.14583333333333334,0.3130434782608696,0.4955357142857143,0.22878735829611818,0.2002341920374707,0.4685340006362247,0.6919642857142857,0.3541738234283751,0.31180733368761776,0.5861343678657717,0.8184523809523809,0.4565441429062178,0.3788786390319875,0.35355286813176023,0.38927480484217675,0.019845226226083652,0.17416514413317094,0.09809027777777778,0.2920052424639581,0.6161504424778761,0.1913431810374442,0.2634069400630915,0.39623123835956614,0.7743362831858407,0.2662315355547922,0.3857965451055662,0.48898120183141774,0.8882743362831859,0.33734111989007215,0.4617245550371522,0.3318150762924163,0.3960437752993795,0.0,0.07347242032461784
w044,12,47um,0.5100911458333334,0.400390625,0.18196614583333334,0.2995876736111111,0.46555883141249,0.6291198840999638,0.3694958519463944,0.28552368245497,0.608831271713029,0.7634914885910902,0.5062752605828547,0.3769778497436217,0.712003881334375,0.8449837015574068,0.6151882578174857,0.4465483283693744,0.5316604193085264,0.3827777992247552,0.1897635914988458,0.3116655047570248,0.15690104166666666,0.3578981617048967,0.7607192254495159,0.2339927674962774,0.30295411690760526,0.4616542436891274,0.8699861687413555,0.3141884705381834,0.3800275889660805,0.5416743037160638,0.9156293222683264,0.38459902148479047,0.43110298273588243,0.38249915845288873,0.3510884020438161,0.101568135391852,0.20979439836456204
w044,12,94um,0.6534288194444444,0.5440538194444444,0.22667100694444445,0.4794921875,0.6129681065032085,0.7241457343290337,0.5313849219528396,0.5212145586165292,0.7540098911252949,0.8316361167684997,0.6896379940219196,0.6701620285606884,0.8476773678718637,0.8936410952704231,0.8062105612753239,0.7631724148903013,0.6458751987599554,0.5041798052264997,0.3422298581200912,0.3819223925375044,0.2625868055555556,0.45415778251599154,0.7921487603305785,0.31833277980737296,0.4175160437901095,0.5742087509612948,0.8537190082644628,0.43258053802723345,0.5403595113720833,0.6682086083555605,0.893801652892562,0.533543673198273,0.6279899958675698,0.5076668842863779,0.3657803619259163,0.24921959385018855,0.2129296050147861
w044,13,19um,0.2593315972222222,0.2013888888888889,0.06380208333333333,0.3088107638888889,0.573720397249809,0.5277582572030921,0.6284518828451883,0.4248396683872986,0.694369663502472,0.6222768798313423,0.7853556485355648,0.5496140100708524,0.7616979687879472,0.6756851721714687,0.8728033472803347,0.6468937551524833,0.6493365855709989,0.667451740425095,0.01989653800238759,0.10725589028249914,0.3917100694444444,0.634,0.5268698060941829,0.7958158995815899,0.4800894229425737,0.745402579951422,0.6443213296398892,0.8841004184100418,0.5909162948816495,0.809355485207563,0.7163434903047091,0.9301255230125522,0.6783041419349722,0.7085953779169668,0.7088932637165112,0.01428459128325491,0.13106837934070983
w044,13,47um,0.3512369791666667,0.2734375,0.1140407986111111,0.4133029513888889,0.7019585580471189,0.6492517721186664,0.7639789928946555,0.5142857142857142,0.8213258052597694,0.7710685219217642,0.8785912882298424,0.629564130576431,0.8908576721768436,0.8440535573641376,0.9431572443620636,0.7148950799349041,0.7123666032836211,0.696241438336061,0.30946130023649693,0.172228909660341,0.4906684027777778,0.7426214718391546,0.6371074745687749,0.890021624961384,0.5636607742224211,0.8497236514285168,0.7704555506413091,0.9471733086190918,0.6687652680608173,0.9086236173322834,0.854046881910659,0.9706518381217176,0.7458112645396939,0.7842928947581355,0.7506135626622527,0.27430985779213624,0.18847744450254317
w044,13,94um,0.4408637152777778,0.3114149305555556,0.1896701388888889,0.4991319444444444,0.7662472584555003,0.7215217391304348,0.8168840758060546,0.6055152394775036,0.8745680335723675,0.83,0.924193945360571,0.719083930642773,0.9250783806080543,0.8845652173913043,0.9694806793010091,0.791922174887366,0.7932532269481286,0.664896722723619,0.457474676162815,0.3047720570499304,0.5776909722222222,0.7902418237988708,0.696656649135988,0.9128722618754614,0.6474364770774934,0.888316447892605,0.8230653643876784,0.9648043317745508,0.7448343155438361,0.9368773648379792,0.891435011269722,0.9872015751907458,0.8151343541443914,0.8323072645668665,0.7756777336857941,0.4002719098678078,0.29871764759340524
w044,14,19um,0.2152777777777778,0.0556640625,0.1654730902777778,0.1470269097222222,0.48218029350104824,0.5940959409594095,0.4057459677419355,0.13132265158655357,0.6553697483995176,0.788929889298893,0.5604838709677419,0.1691919191919192,0.7845197301004497,0.9055350553505535,0.6920362903225806,0.20717324578351648,0.40418577981651377,0.617968867346691,0.07867419413585869,0.18624033769444967,0.17838541666666666,0.5578831312017641,0.6155717761557178,0.5100806451612904,0.13536866359447006,0.7093534346930486,0.7725060827250608,0.6557459677419355,0.17301081820585631,0.821694174161669,0.8734793187347932,0.7757056451612904,0.21030821398802757,0.43176561295296834,0.6578073089700996,0.05622932745314222,0.21859767804167002
w044,14,47um,0.2567274305555556,0.08463541666666667,0.18912760416666666,0.21321614583333334,0.5869314246132533,0.6468193384223918,0.5371935756551142,0.19975075663165393,0.7232842604852899,0.7954198473282442,0.6631445477599324,0.26522522522522524,0.8284108064674797,0.8951653944020356,0.7709213863060017,0.3299832855675818,0.570412461257252,0.6105694907282045,0.2714719893087319,0.16137425998474855,0.24186197916666666,0.6193688792165398,0.6384028712427098,0.6014370245139475,0.20336677435810235,0.7465001965732547,0.7680574248541947,0.7261200338123415,0.27175029683271473,0.8388751974409462,0.8582323912068192,0.8203719357565511,0.33786361583497687,0.5730291744258225,0.645284362773832,0.26247191011235954,0.1973088090745783
w044,14,94um,0.4261067708333333,0.13997395833333334,0.3308376736111111,0.2975260416666667,0.6243814664867298,0.7592997811816192,0.5301757066462949,0.3408798559300232,0.7721384641038971,0.8646973012399708,0.6974789915966386,0.449738254548218,0.8711883182644693,0.9325309992706053,0.8174178762414056,0.5363857022300578,0.6175224521968969,0.6059176258200414,0.43181296261150126,0.16349954547962792,0.3402777777777778,0.6753504176695456,0.7605229591836735,0.6073338426279603,0.37120470127326155,0.802458737946004,0.8472576530612245,0.7621594092182328,0.4717700762184026,0.8852783370418719,0.9059311224489796,0.865546218487395,0.5556345734991641,0.6607603988717174,0.6561116705407337,0.4094534789442835,0.18211696943565375
w044,15,19um,0.2810329861111111,0.014756944444444444,0.2720269097222222,0.2593315972222222,0.459437751004016,0.4786610878661088,0.4416988416988417,0.4161118508655126,0.6243307750390467,0.6405857740585774,0.6088803088803089,0.5360151940252573,0.7402557935326232,0.7539748953974895,0.727027027027027,0.6160496717823519,0.2869008867437423,0.6158719228782922,0.2095713613905935,0.062345373577436906,0.3232421875,0.537978093014904,0.5028533064786841,0.5783783783783784,0.47748976807639837,0.687144933964008,0.653910708291373,0.7239382239382239,0.5849382821025182,0.7870686535973843,0.7559583752937227,0.8208494208494208,0.6651827562188496,0.29824175384553836,0.6849371022616377,0.1705210822740277,0.06516290726817042
w044,15,47um,0.3537326388888889,0.020182291666666668,0.3435329861111111,0.2887369791666667,0.5654450261780105,0.629086809470124,0.5134969325153375,0.4995942656207736,0.6932137953320923,0.7290492296129275,0.6607361963190184,0.6064950781860765,0.7793816472301818,0.7959413754227734,0.7634969325153375,0.6839751412692426,0.2582903617993544,0.6900547335074622,0.2141809858195537,0.059319286871961106,0.3605685763888889,0.6395260519519976,0.6334637375865182,0.6457055214723927,0.5712512413108242,0.7473082177507121,0.7357809208546494,0.75920245398773,0.6634618143843336,0.8222134454018211,0.8049954860066205,0.8401840490797546,0.7287189462042613,0.27280111090732834,0.7541684722453967,0.24275843741695458,0.06717044500419815
w044,15,94um,0.5322265625,0.2065972222222222,0.3960503472222222,0.4141710069444444,0.5757853703279064,0.6578464762902804,0.5119266055045871,0.5523073710586761,0.7420457899673827,0.7875294734084359,0.7015290519877676,0.6794368714971405,0.8461891138410881,0.8663872150903851,0.8269113149847095,0.76052339126911,0.5149667999687256,0.681272660465981,0.2669994360223648,0.3155977546876866,0.462890625,0.6581615963362775,0.7074542897327707,0.6152905198776758,0.6057644360227384,0.7852280560465735,0.8323956868260666,0.7431192660550459,0.7002765927825507,0.866037720724234,0.9022503516174403,0.8326197757390418,0.7672490563261726,0.6595797508083867,0.7146581226824873,0.3344714700043274,0.31699926748449087
w044,16,19um,0.2571614583333333,0.1469184027777778,0.115234375,0.3015407986111111,0.4602835502039231,0.4264123785534365,0.5,0.39485937791022535,0.6331390987776913,0.612450521770421,0.6552742616033755,0.5180160063060729,0.7485860491398294,0.7344368477869737,0.7632911392405063,0.6028946130051657,0.5666857663695333,0.41410560840146204,0.14314702871349874,0.37554888599059627,0.2172309027777778,0.46203110704483075,0.5044955044955045,0.42616033755274263,0.3654181184668989,0.6312927032480464,0.7172827172827173,0.5637130801687764,0.4682809035162567,0.7424152974396452,0.8436563436563437,0.6628691983122363,0.5385576513014656,0.5431825588910467,0.41904155051108455,0.05821878248815987,0.3388060374801785
w044,16,47um,0.4598524305555556,0.2986111111111111,0.1810980902777778,0.4568142361111111,0.5842803030303031,0.5862232779097387,0.582350165172251,0.5025435073627844,0.7495840192841634,0.7627078384798099,0.7369042000943842,0.60783814173107,0.8509189248338797,0.8684085510688836,0.8341198678621992,0.6811726730891702,0.6609398711766095,0.4450205399588852,0.2556204063520975,0.4312224985651425,0.3539496527777778,0.5565333333333334,0.6397915389331699,0.4924492685228882,0.49800674639681075,0.7059880885670491,0.7967504598405886,0.6337895233600755,0.5999595926198561,0.8042072519486377,0.8850398528510116,0.7369042000943842,0.664669865783831,0.6363294855702775,0.4327357369121807,0.19541849327589994,0.3245707622157149
w044,16,94um,0.6407335069444444,0.4226345486111111,0.3294270833333333,0.6606987847222222,0.7395364348841086,0.7283626211200526,0.7510584250635055,0.6461706385301074,0.8632296315077509,0.8482509443258335,0.8787468247248095,0.7795048249015686,0.9246751666485067,0.9149285596978157,0.9346316680779001,0.8566971838101163,0.710947302708803,0.6010321157196791,0.5872678778242348,0.565466173005722,0.5323350694444444,0.6824530570715012,0.7519364044027721,0.6247248094834885,0.6060544287024768,0.8136968796275627,0.8666938442723197,0.7668077900084674,0.7355425493854677,0.8906293627039062,0.9239706481858948,0.8596104995766299,0.8155200251165147,0.7337007513778178,0.4740560662462964,0.5024638541844125,0.38951735649790004
w044,17,19um,0.4006076388888889,0.0675998263888889,0.3458116319444444,0.2785373263888889,0.4997603451030516,0.609271523178808,0.4236186348862405,0.2745209368346345,0.6036505321236542,0.7101675107128944,0.5249187432286024,0.359941579641961,0.6714930971468374,0.7619789637709389,0.600216684723727,0.4303998143920167,0.3680295831675522,0.5762840977830137,0.044980836081647206,0.21018215787015415,0.3057725694444444,0.4817204301075269,0.5564229950319376,0.4247020585048754,0.27960526315789475,0.5901337963435808,0.6834634492547906,0.5192307692307693,0.3685018892848493,0.6668568526981489,0.7583392476933996,0.5950704225352113,0.4461828551784325,0.31580074222095345,0.5601153678870584,0.055560863610963934,0.21695255007271913
w044,17,47um,0.5594618055555556,0.12532552083333334,0.4814453125,0.3597005208333333,0.5664030220753158,0.7236802413273001,0.46528316524437546,0.36987111268771433,0.6680771841237428,0.8217194570135746,0.5628394103956555,0.45816793698807373,0.7377482068703713,0.8772247360482655,0.6365399534522886,0.5374783080191762,0.4354084189946859,0.5794113779096745,0.2460570742780733,0.3393382071096402,0.3961588541666667,0.5652322016577722,0.68173103259381,0.4827385570209465,0.3800750597065848,0.6711093514913772,0.8041632429471378,0.575833979829325,0.47708452387817907,0.7467113849667925,0.8770199945220487,0.6501163692785105,0.5621847525647419,0.3883481106667928,0.5937508294665113,0.24905073205684963,0.32416547376202903
w044,17,94um,0.7421875,0.3180338541666667,0.6038411458333334,0.4925130208333333,0.6476843307847789,0.8118528310200485,0.5387426900584795,0.5763770584894945,0.7551163483414552,0.8900638907248293,0.6557017543859649,0.6841183560061721,0.8203715258030615,0.9264155100242344,0.7361111111111112,0.7617921468849137,0.5087438574065638,0.5787549793317242,0.4757381278340073,0.4619420293048221,0.5169270833333334,0.6602895553257497,0.8041561712846348,0.5600877192982456,0.583078491335372,0.7604909335717387,0.8868597816960537,0.6656432748538011,0.6828998246766279,0.8242484001826472,0.9282115869017632,0.7412280701754386,0.7542983144577056,0.4816729716084454,0.6055086426080681,0.45639786829924955,0.46262424073517294
w044,18,19um,0.20279947916666666,0.003363715277777778,0.1994357638888889,0.111328125,0.4753022452504318,0.6705653021442495,0.3681112894596041,0.0770207363520948,0.6077618511424816,0.8099415204678363,0.48635634028892455,0.12576716242695232,0.7012115648340191,0.8966861598440545,0.5757089352594971,0.17681149396761983,0.16901408450704222,0.6203748304566591,0.0,0.0,0.12152777777777778,0.5613917698226831,0.7491071428571429,0.4489031567683253,0.05372405372405373,0.690033921173938,0.8598214285714286,0.5762439807383628,0.08951883625512869,0.7810539729248636,0.9232142857142858,0.6768325307651151,0.13277340508461788,0.16252821670428896,0.7113976856080857,0.0,0.0
w044,18,47um,0.3364800347222222,0.0730251736111111,0.2733289930555556,0.19151475694444445,0.5696670776818743,0.7852691218130312,0.4469525959367946,0.12962557477556383,0.698758642848757,0.9121813031161473,0.5662689455014511,0.18983020571299236,0.7837738589701272,0.9807365439093484,0.6526926797807159,0.24614498673235063,0.29836375038799956,0.7060244554631995,0.1368534406248151,0.13300985531263496,0.19932725694444445,0.6103685702713649,0.8203592814371258,0.4859722670106417,0.12330243586979953,0.7324550046357681,0.9265106151333696,0.6056110931957434,0.1790039843958389,0.8185367151553519,0.9820359281437125,0.7017091260883586,0.2412133022270012,0.370333246463391,0.7632022154402621,0.009665268992964254,0.13066716056569078
w044,18,94um,0.4954427083333333,0.1469184027777778,0.3980034722222222,0.3218315972222222,0.6173659054699948,0.7838840188806473,0.5091984231274639,0.36422601970812024,0.7617191816745877,0.8954821308159137,0.662724485326325,0.5076986803997592,0.8488896665301786,0.9558327714093054,0.7634691195795007,0.6112584720457953,0.510083185589282,0.6698059006435333,0.3878902684500307,0.3038162981190191,0.3386501736111111,0.6244308572915311,0.768984299903877,0.5256241787122208,0.38203622124326975,0.74893451258553,0.8769625120153797,0.6535260621988611,0.5140645977158046,0.8337517204170224,0.9397628965075296,0.749233464739378,0.6117011265412009,0.5622830359826784,0.6675159474734781,0.2923582912621831,0.31231562561796156
w044,19,19um,0.19835069444444445,0.1130642361111111,0.0908203125,0.1222873263888889,0.21658206429780033,0.2839396628216504,0.175054704595186,0.12990246939199004,0.3458407953463024,0.41171251109139306,0.29814004376367614,0.21438288471600486,0.46139006061235355,0.520851818988465,0.4141137855579869,0.2982353263438973,0.4371317351258216,0.10438886267107127,0.07621664787673807,0.044735058410749165,0.11751302083333333,0.2404671934043284,0.3231763619575254,0.19146608315098468,0.08041884816753928,0.3535711889596172,0.45706371191135736,0.2882932166301969,0.13537321359926216,0.4623520801252876,0.577100646352724,0.38566739606126915,0.19206088643486044,0.45771595709213647,0.14294239425931793,0.05655572454285007,0.03041913929255642
w044,19,47um,0.3962673611111111,0.2550998263888889,0.1775173611111111,0.2506510416666667,0.3971821536397182,0.5125541125541125,0.32420591456736036,0.31288507902491297,0.5374609569565562,0.667965367965368,0.44961664841182913,0.42895085996887056,0.6481055491107642,0.7722943722943723,0.5583242059145673,0.5391516826156378,0.5609063748023366,0.29107982276096334,0.19401229445460477,0.13313233640018568,0.2319878472222222,0.40621761658031086,0.5500467726847521,0.32201533406352684,0.272552783109405,0.5377694472555646,0.7296538821328344,0.42579408543263964,0.36225790157143417,0.6491125464211571,0.8517305893358279,0.5243702081051479,0.4439058396206352,0.5244159865529341,0.3491169712972806,0.1662595518855179,0.14832931748526385
w044,19,94um,0.5460069444444444,0.4084201388888889,0.2532552083333333,0.4780815972222222,0.6456876456876458,0.6915569677712211,0.6055246422893482,0.6041259114351769,0.7748512706647992,0.8007262823422605,0.7505961844197139,0.7281039021359194,0.8548088933616321,0.8663186563776668,0.8436009538950715,0.8155515054540718,0.764215128943973,0.4628890112916551,0.37518083831538324,0.2611242683543543,0.3547092013888889,0.6269124201903384,0.795962067910676,0.5170906200317965,0.485310119695321,0.7373197752183718,0.8959926583052922,0.6263910969793323,0.58106425180583,0.809401756493833,0.944937289691037,0.7078696343402225,0.6512087632814102,0.7074521296011579,0.5078785071579904,0.34650106099116895,0.2763777443898428
