cell_row,cell_col,y_px,x_px,region,sampled_from,center_layer,offset_from_plane,half_width_layers,base_x,base_y,base_z,normal_x,normal_y,normal_z
62,375,4000,24032,1,block_,29.912,-2.088,4.000,18336.122,20416.795,71656.827,0.460500,-0.844563,0.273228
62,376,4000,24096,1,block_,29.912,-2.088,4.000,18280.520,20390.458,71655.227,0.379512,-0.897839,0.223287
62,377,4000,24160,1,center,29.912,-2.088,4.000,18225.222,20364.077,71652.924,0.442193,-0.878448,0.181095
62,378,4000,24224,1,center,29.912,-2.088,4.000,18169.151,20339.100,71650.565,0.346499,-0.935088,0.074498
62,379,4000,24288,1,center,29.912,-2.088,4.000,18112.174,20315.062,71646.792,0.378279,-0.924132,0.053708
62,380,4000,24352,1,center,29.912,-2.088,4.000,18053.640,20296.325,71641.717,0.289865,-0.955559,0.053710
62,381,4000,24416,1,block_,29.912,-2.088,4.000,17995.540,20277.399,71635.964,0.217160,-0.974708,0.052780
62,382,4000,24480,1,block_,29.912,-2.088,4.000,17936.689,20262.528,71629.143,0.285114,-0.956511,0.061613
62,396,4000,25376,1,block_,28.588,-3.412,4.000,17121.517,20229.543,71464.501,-0.147736,-0.987088,0.061889
62,397,4000,25440,1,block_,29.003,-2.997,4.000,17063.946,20237.609,71449.240,-0.196777,-0.980032,0.028569
62,398,4000,25504,1,block_,29.897,-2.103,4.000,17007.540,20250.328,71433.159,-0.251181,-0.961991,0.107150
62,399,4000,25568,1,block_,30.081,-1.919,4.000,16951.458,20263.228,71417.087,-0.225314,-0.969850,0.092864
63,374,4064,23968,1,block_,29.926,-2.074,4.000,18396.396,20435.504,71596.902,0.577288,-0.806746,0.126093
63,375,4064,24032,1,center,29.913,-2.087,4.000,18343.221,20404.880,71596.937,0.436298,-0.881571,0.180212
63,376,4064,24096,1,center,29.913,-2.087,4.000,18287.530,20379.772,71595.422,0.381256,-0.902775,0.199102
63,377,4064,24160,1,center,29.913,-2.087,4.000,18231.680,20355.629,71592.886,0.359400,-0.912792,0.194016
63,378,4064,24224,1,center,29.912,-2.088,4.000,18174.297,20335.300,71589.310,0.330903,-0.935798,0.121595
63,379,4064,24288,1,center,29.912,-2.088,4.000,18118.041,20311.948,71585.842,0.346672,-0.921385,0.175695
63,380,4064,24352,1,center,29.912,-2.088,4.000,18060.101,20293.893,71580.711,0.278243,-0.952733,0.121987
63,381,4064,24416,1,center,29.912,-2.088,4.000,18002.580,20274.792,71575.751,0.301357,-0.935765,0.183106
63,382,4064,24480,1,center,29.912,-2.088,4.000,17945.099,20257.577,71569.467,0.263697,-0.928155,0.262665
63,383,4064,24544,1,block_,29.912,-2.088,4.000,17887.892,20241.497,71562.540,0.209632,-0.956228,0.204164
63,394,4064,25248,1,block_,26.054,-5.946,4.000,17249.706,20206.874,71436.967,-0.260411,-0.954651,0.144316
63,395,4064,25312,1,center,29.812,-2.188,4.000,17193.419,20218.731,71421.649,-0.204350,-0.976106,0.073879
63,396,4064,25376,1,center,26.541,-5.459,4.000,17136.335,20226.931,71406.610,-0.127047,-0.991133,0.038908
63,397,4064,25440,1,center,26.574,-5.426,4.000,17079.080,20234.631,71391.481,-0.183656,-0.979519,0.082539
63,398,4064,25504,1,center,29.891,-2.109,4.000,17022.575,20244.827,71375.865,-0.224879,-0.973525,0.040964
63,399,4064,25568,1,center,30.484,-1.516,4.000,16966.815,20258.300,71359.567,-0.222608,-0.974526,0.027294
63,400,4064,25632,1,center,30.544,-1.456,3.984,16910.292,20268.208,71343.472,-0.213471,-0.975256,0.057498
63,401,4064,25696,1,block_,31.344,-0.656,3.203,16855.054,20283.073,71326.768,-0.326269,-0.945242,0.008080
63,436,4064,27936,1,center,29.933,-2.067,4.000,15672.617,21738.893,70624.907,-0.953367,-0.079937,-0.291036
63,437,4064,28000,1,center,32.550,0.550,4.000,15674.143,21796.807,70608.104,-0.923100,-0.072171,-0.377726
63,438,4064,28064,1,block_,32.550,0.550,4.000,15675.986,21855.067,70591.350,-0.948589,-0.097512,-0.301114
64,374,4128,23968,1,center,29.913,-2.087,4.000,18399.877,20427.912,71536.496,0.556206,-0.796122,0.238380
64,375,4128,24032,1,center,30.078,-1.922,4.000,18348.308,20396.232,71536.971,0.459869,-0.868326,0.185824
64,376,4128,24096,1,center,30.110,-1.890,4.000,18294.252,20369.167,71535.886,0.401968,-0.888242,0.222370
64,377,4128,24160,1,center,30.148,-1.852,4.016,18239.451,20343.717,71534.184,0.395922,-0.880051,0.262213
64,378,4128,24224,1,center,29.954,-2.046,4.000,18183.681,20320.265,71531.629,0.343739,-0.859124,0.379143
64,379,4128,24288,1,center,29.912,-2.088,4.000,18128.003,20296.380,71528.760,0.327958,-0.854866,0.402054
64,380,4128,24352,1,center,29.912,-2.088,4.000,18071.403,20274.953,71525.185,0.263269,-0.853409,0.449870
64,381,4128,24416,1,center,29.912,-2.088,4.000,18014.421,20254.873,71520.794,0.284327,-0.877331,0.386586
64,382,4128,24480,1,center,29.912,-2.088,4.000,17957.244,20236.918,71514.734,0.158703,-0.893449,0.420193
64,383,4128,24544,1,center,29.912,-2.088,4.000,17899.228,20223.909,71506.956,0.152879,-0.913665,0.376621
64,384,4128,24608,1,block_,31.000,-1.000,4.000,17841.631,20211.331,71499.213,0.174743,-0.925522,0.335966
64,391,4128,25056,1,block_,28.973,-3.027,4.000,17434.823,20169.499,71424.153,-0.024313,-0.997357,0.068468
64,392,4128,25120,1,block_,27.520,-4.480,4.000,17376.725,20174.967,71410.072,-0.178071,-0.984012,-0.003348
64,393,4128,25184,1,block_,25.152,-6.848,4.000,17319.511,20185.642,71395.170,-0.183539,-0.982747,0.022841
64,394,4128,25248,1,center,21.273,-10.727,4.000,17263.234,20197.720,71380.025,-0.240712,-0.968096,0.069625
64,395,4128,25312,1,center,20.396,-11.604,4.000,17206.538,20206.950,71365.019,-0.183737,-0.967288,0.174911
64,396,4128,25376,1,center,20.409,-11.591,4.000,17149.594,20215.150,71349.964,-0.180756,-0.967802,0.175176
64,397,4128,25440,1,center,21.275,-10.725,4.000,17092.921,20224.449,71334.560,-0.217764,-0.969826,0.109614
64,398,4128,25504,1,center,26.637,-5.363,4.000,17037.009,20236.655,71318.750,-0.230764,-0.970391,0.071334
64,399,4128,25568,1,center,29.383,-2.617,3.984,16981.060,20248.296,71302.810,-0.232614,-0.963217,0.134547
64,400,4128,25632,1,center,37.628,5.628,2.016,16925.287,20260.183,71286.576,-0.260644,-0.963797,0.056212
64,401,4128,25696,1,block_,31.917,-0.083,2.500,16870.403,20275.271,71269.855,-0.290233,-0.955194,0.058053
64,411,4128,26336,1,block_,26.346,-5.654,4.000,16365.765,20528.329,71081.860,-0.582929,-0.810433,-0.058251
64,412,4128,26400,1,center,22.462,-9.538,4.000,16319.394,20561.481,71061.440,-0.574407,-0.814165,-0.084806
64,413,4128,26464,1,center,28.186,-3.814,4.000,16276.331,20598.990,71041.435,-0.620832,-0.764894,-0.171767
64,414,4128,26528,1,center,29.899,-2.101,4.000,16233.296,20636.008,71020.950,-0.621756,-0.777255,-0.096406
64,415,4128,26592,1,block_,29.811,-2.189,4.000,16190.692,20673.371,71000.233,-0.641227,-0.766844,-0.027885
64,435,4128,27872,1,block_,29.881,-2.119,4.000,15693.592,21665.411,70588.105,-0.957910,-0.136159,-0.252723
64,436,4128,27936,1,center,29.914,-2.086,4.000,15692.027,21722.632,70570.535,-0.966188,-0.089238,-0.241903
64,437,4128,28000,1,center,32.511,0.511,4.000,15688.119,21779.934,70552.963,-0.997389,-0.071715,-0.008442
64,438,4128,28064,1,center,32.488,0.488,4.000,15681.028,21837.726,70535.298,-0.981759,-0.083586,0.170772
64,439,4128,28128,1,block_,30.466,-1.534,4.000,15673.656,21896.176,70517.376,-0.987039,-0.039399,0.155570
64,552,4128,35360,3,block_,29.891,-2.109,4.000,17009.575,20353.482,71493.097,-0.342113,-0.931636,0.122532
64,553,4128,35424,3,block_,29.237,-2.763,4.000,16957.120,20376.376,71478.245,-0.463888,-0.871459,0.159271
65,328,4192,21024,2,block_,36.346,4.346,4.000,17905.276,22613.593,70660.923,0.539075,0.799254,-0.265690
65,329,4192,21088,2,block_,36.346,4.346,4.000,17957.645,22583.461,70677.047,0.553367,0.792330,-0.256902
65,330,4192,21152,2,block_,36.346,4.346,4.000,18008.891,22551.564,70693.809,0.588253,0.771336,-0.242897
65,373,4192,23904,1,block_,29.912,-2.088,4.000,18461.380,20441.614,71478.361,0.534643,-0.759845,0.369854
65,374,4192,23968,1,center,29.881,-2.119,4.000,18409.645,20410.374,71479.435,0.448246,-0.818043,0.360391
65,375,4192,24032,1,center,26.001,-5.999,4.016,18355.946,20382.983,71478.642,0.409577,-0.865905,0.287152
65,376,4192,24096,1,center,30.056,-1.944,4.031,18301.352,20357.559,71477.146,0.399088,-0.891307,0.215177
65,377,4192,24160,1,center,35.264,3.264,5.984,18246.261,20333.101,71475.255,0.398865,-0.904025,0.153769
65,378,4192,24224,1,block_,32.905,0.905,4.158,18191.422,20307.903,71473.452,0.407154,-0.901762,0.145086
65,379,4192,24288,1,block_,29.912,-2.088,4.000,18136.635,20282.903,71471.292,0.390241,-0.906440,0.161488
65,380,4192,24352,1,center,29.912,-2.088,4.000,18080.615,20260.991,71467.744,0.314213,-0.937360,0.150420
65,381,4192,24416,1,center,29.912,-2.088,4.000,18024.072,20241.201,71463.295,0.316915,-0.927331,0.199054
65,382,4192,24480,1,center,29.912,-2.088,4.000,17967.417,20222.926,71457.946,0.230540,-0.956937,0.176418
65,383,4192,24544,1,center,29.948,-2.052,4.000,17909.888,20209.000,71450.741,0.197038,-0.958489,0.206094
65,384,4192,24608,1,center,34.531,2.531,4.000,17852.656,20195.946,71443.226,0.174657,-0.949843,0.259408
65,385,4192,24672,1,block_,33.512,1.512,4.000,17795.157,20185.072,71434.766,0.131674,-0.963939,0.231264
65,391,4192,25056,1,center,29.844,-2.156,4.000,17448.605,20167.434,71365.987,-0.103080,-0.994627,0.009581
65,392,4192,25120,1,center,22.796,-9.204,4.000,17391.074,20174.063,71351.855,-0.141167,-0.989966,-0.006200
65,393,4192,25184,1,center,14.756,-17.244,3.984,17334.004,20183.037,71337.433,-0.153082,-0.988142,0.011878
65,394,4192,25248,1,center,12.782,-19.218,3.984,17276.973,20190.334,71322.761,-0.138281,-0.987397,0.076978
65,395,4192,25312,1,center,19.461,-12.539,3.984,17219.994,20197.204,71308.082,-0.155687,-0.981588,0.110663
65,396,4192,25376,1,center,20.410,-11.590,4.000,17163.338,20205.685,71293.056,-0.183947,-0.980299,0.071952
65,397,4192,25440,1,center,21.343,-10.657,4.000,17107.045,20215.847,71277.570,-0.226519,-0.971838,0.064959
65,398,4192,25504,1,center,30.031,-1.969,4.016,17051.335,20228.277,71261.897,-0.217809,-0.969609,0.111433
65,399,4192,25568,1,center,30.059,-1.941,4.000,16995.408,20238.988,71246.166,-0.247478,-0.965871,0.076466
65,400,4192,25632,1,center,37.538,5.538,4.000,16940.456,20253.198,71229.826,-0.258655,-0.964340,0.056083
65,401,4192,25696,1,center,29.912,-2.088,4.000,16885.362,20266.486,71213.239,-0.282377,-0.954908,0.091725
65,411,4192,26336,1,center,23.318,-8.682,4.000,16385.182,20520.860,71025.363,-0.555298,-0.824755,-0.106880
65,412,4192,26400,1,center,21.632,-10.368,4.000,16340.383,20555.673,71005.095,-0.590327,-0.782339,-0.198645
65,413,4192,26464,1,center,23.949,-8.051,4.000,16299.017,20594.951,70985.702,-0.608397,-0.769309,-0.194980
65,414,4192,26528,1,center,28.232,-3.768,4.000,16254.464,20629.638,70965.025,-0.557429,-0.824308,-0.098946
65,415,4192,26592,1,center,29.865,-2.135,4.000,16209.681,20663.815,70944.016,-0.588275,-0.804096,-0.085798
65,416,4192,26656,1,center,29.859,-2.141,4.000,16165.167,20698.277,70922.849,-0.586368,-0.807484,-0.064359
65,417,4192,26720,1,block_,27.056,-4.944,4.000,16121.462,20733.744,70901.528,-0.647577,-0.754236,-0.108504
65,435,4192,27872,1,center,29.875,-2.125,4.000,15707.466,21648.801,70532.391,-0.964869,-0.196832,-0.174023
65,436,4192,27936,1,center,27.509,-4.491,4.016,15698.858,21705.035,70514.026,-0.972140,-0.230527,-0.042439
65,437,4192,28000,1,center,27.506,-4.494,4.000,15688.397,21761.783,70495.423,-0.983997,-0.171459,-0.048498
65,438,4192,28064,1,center,27.149,-4.851,4.000,15681.449,21819.849,70477.643,-0.973180,-0.100583,-0.206891
65,439,4192,28128,1,block_,28.979,-3.021,4.000,15678.083,21878.899,70459.427,-0.963474,-0.118512,-0.240150
65,551,4192,35296,3,block_,29.920,-2.080,4.000,17074.646,20325.144,71449.119,-0.231760,-0.944352,0.233424
65,552,4192,35360,3,center,30.063,-1.937,4.000,17018.788,20339.073,71436.634,-0.314216,-0.908706,0.274812
65,553,4192,35424,3,center,27.280,-4.720,4.000,16964.090,20356.490,71423.325,-0.382561,-0.858756,0.340859
65,554,4192,35488,3,center,29.480,-2.520,4.000,16909.929,20376.198,71409.445,-0.431377,-0.801376,0.414380
65,555,4192,35552,3,block_,29.804,-2.196,4.000,16855.605,20396.835,71396.322,-0.401241,-0.753078,0.521421
65,556,4192,35616,3,block_,30.105,-1.895,4.000,16800.825,20417.494,71383.241,-0.411785,-0.745945,0.523449
66,303,4256,19424,2,block_,34.326,2.326,4.000,16443.885,22897.778,70327.037,0.014791,0.890750,-0.454252
66,304,4256,19488,2,block_,32.085,0.085,4.000,16504.748,22900.289,70334.048,0.013916,0.907123,-0.420636
66,305,4256,19552,2,block_,32.882,0.882,4.000,16565.593,22901.149,70341.928,0.067230,0.911417,-0.405954
66,306,4256,19616,2,block_,36.213,4.213,4.000,16626.273,22901.106,70350.210,0.066000,0.871915,-0.485189
66,307,4256,19680,2,block_,36.346,4.346,4.000,16686.844,22899.994,70358.512,0.095077,0.856680,-0.507010
66,308,4256,19744,2,block_,36.346,4.346,4.000,16747.546,22897.988,70366.893,0.114146,0.842298,-0.526788
66,309,4256,19808,2,block_,36.300,4.300,4.000,16808.228,22894.631,70375.895,0.123365,0.837964,-0.531600
66,327,4256,20960,2,block_,36.818,4.818,4.000,17855.052,22616.683,70588.293,0.532095,0.746760,-0.399029
66,328,4256,21024,2,center,36.423,4.423,4.000,17907.283,22586.882,70604.688,0.563405,0.735888,-0.375557
66,329,4256,21088,2,center,36.385,4.385,4.000,17958.593,22555.551,70621.358,0.569292,0.710956,-0.412854
66,330,4256,21152,2,center,36.385,4.385,3.984,18009.978,22523.984,70637.956,0.567554,0.708619,-0.419215
66,331,4256,21216,2,block_,36.775,4.775,3.835,18059.778,22490.581,70655.420,0.637263,0.684732,-0.353607
66,373,4256,23904,1,block_,30.363,-1.637,4.096,18473.160,20419.933,71423.228,0.445238,-0.733828,0.513089
66,374,4256,23968,1,center,29.849,-2.151,4.031,18419.787,20391.771,71423.039,0.392695,-0.839733,0.375020
66,375,4256,24032,1,center,17.997,-14.003,6.000,18364.836,20367.256,71421.134,0.348821,-0.882869,0.314430
66,376,4256,24096,1,center,18.090,-13.910,5.984,18308.880,20345.058,71418.525,0.343979,-0.900595,0.265719
66,377,4256,24160,1,block_,27.673,-4.327,5.820,18253.401,20321.495,71416.528,0.385145,-0.874409,0.295080
66,380,4256,24352,1,block_,29.912,-2.088,4.000,18088.296,20251.167,71409.354,0.277362,-0.893925,0.352091
66,381,4256,24416,1,center,29.947,-2.053,4.000,18032.531,20230.656,71405.191,0.323384,-0.895412,0.306040
66,382,4256,24480,1,center,29.947,-2.053,4.000,17976.693,20211.508,71400.377,0.272487,-0.917485,0.289778
66,383,4256,24544,1,center,29.912,-2.088,4.000,17920.267,20195.370,71394.340,0.186078,-0.930058,0.316808
66,384,4256,24608,1,center,29.977,-2.023,3.984,17863.438,20181.897,71386.920,0.160630,-0.944939,0.285113
66,385,4256,24672,1,center,29.976,-2.024,4.000,17806.119,20171.661,71378.398,0.107604,-0.957450,0.267789
66,391,4256,25056,1,block_,24.841,-7.159,4.000,17462.064,20163.127,71308.396,-0.160265,-0.979971,0.118203
66,392,4256,25120,1,center,13.499,-18.501,3.984,17404.969,20170.468,71294.242,-0.142831,-0.983811,0.108234
66,393,4256,25184,1,center,12.746,-19.254,2.016,17347.814,20177.554,71279.862,-0.144929,-0.981744,0.123186
66,394,4256,25248,1,center,11.701,-20.299,2.016,17290.567,20182.885,71265.671,-0.119922,-0.980121,0.158053
66,395,4256,25312,1,center,15.392,-16.608,2.031,17233.629,20188.761,71251.205,-0.141468,-0.981733,0.127232
66,396,4256,25376,1,center,20.613,-11.387,4.000,17177.426,20198.335,71236.019,-0.217636,-0.966410,0.136695
66,397,4256,25440,1,center,26.607,-5.393,4.016,17121.312,20208.616,71220.647,-0.220342,-0.963521,0.151911
66,398,4256,25504,1,center,29.975,-2.025,5.969,17065.178,20218.260,71205.321,-0.204738,-0.965975,0.158031
66,399,4256,25568,1,center,26.009,-5.991,4.000,17009.498,20229.367,71189.580,-0.263189,-0.949931,0.168412
66,400,4256,25632,1,center,26.029,-5.971,4.000,16954.266,20241.898,71173.663,-0.302214,-0.940435,0.155723
66,401,4256,25696,1,center,29.912,-2.088,4.000,16900.086,20257.408,71157.031,-0.302757,-0.951302,0.057994
66,411,4256,26336,1,block_,25.791,-6.209,4.000,16407.102,20516.728,70969.683,-0.557021,-0.809919,-0.183732
66,412,4256,26400,1,center,23.962,-8.038,4.000,16364.011,20553.369,70949.803,-0.592823,-0.781304,-0.195258
66,413,4256,26464,1,center,29.941,-2.059,4.000,16319.983,20588.714,70929.681,-0.557697,-0.825393,-0.087754
66,414,4256,26528,1,center,29.865,-2.135,4.000,16273.784,20620.753,70908.859,-0.574208,-0.818609,-0.012817
66,415,4256,26592,1,center,23.929,-8.071,4.000,16228.906,20654.384,70887.853,-0.602668,-0.797733,-0.020342
66,416,4256,26656,1,center,23.109,-8.891,4.000,16184.450,20688.647,70866.603,-0.598927,-0.799907,-0.037887
66,417,4256,26720,1,center,23.124,-8.876,4.000,16141.298,20724.487,70845.597,-0.641090,-0.760964,-0.099686
66,418,4256,26784,1,block_,21.058,-10.942,4.000,16100.046,20762.407,70824.698,-0.686001,-0.726574,-0.038633
66,435,4256,27872,1,center,27.500,-4.500,4.016,15727.683,21634.313,70478.433,-0.842458,-0.261441,-0.471076
66,436,4256,27936,1,center,22.383,-9.617,5.969,15720.563,21691.449,70461.278,-0.844869,-0.265467,-0.464462
66,437,4256,28000,1,center,22.343,-9.657,4.000,15712.237,21748.173,70443.268,-0.864242,-0.227762,-0.448565
66,438,4256,28064,1,center,19.649,-12.351,4.000,15708.720,21805.823,70425.816,-0.845215,-0.186483,-0.500835
66,439,4256,28128,1,block_,23.422,-8.578,4.000,15708.404,21864.087,70408.980,-0.839762,-0.127345,-0.527809
66,551,4256,35296,3,center,30.085,-1.915,4.000,17081.621,20303.280,71394.732,-0.221241,-0.905261,0.362706
66,552,4256,35360,3,center,25.711,-6.289,4.000,17024.897,20316.035,71382.559,-0.312532,-0.875121,0.369441
66,553,4256,35424,3,center,26.029,-5.971,4.000,16968.034,20329.323,71370.937,-0.303052,-0.871400,0.385773
66,554,4256,35488,3,center,26.491,-5.509,3.984,16911.053,20344.397,71358.966,-0.341928,-0.833373,0.434252
66,555,4256,35552,3,center,29.503,-2.497,3.984,16856.287,20365.857,71345.041,-0.418752,-0.820752,0.388604
66,556,4256,35616,3,center,30.194,-1.806,4.000,16802.269,20388.431,71331.358,-0.522347,-0.824849,0.216281
66,557,4256,35680,3,center,39.559,7.559,4.000,16754.026,20419.475,71314.273,-0.559926,-0.761851,0.325678
66,558,4256,35744,3,block_,35.028,3.028,4.000,16703.865,20446.772,71298.526,-0.513874,-0.763451,0.391249
67,303,4320,19424,2,center,36.309,4.309,4.000,16451.116,22869.786,70273.509,0.032417,0.847385,-0.529988
67,304,4320,19488,2,center,31.714,-0.286,4.000,16511.635,22869.537,70281.927,0.125962,0.776335,-0.617607
67,305,4320,19552,2,center,33.044,1.044,4.000,16572.500,22869.070,70290.526,0.040865,0.793017,-0.607827
67,306,4320,19616,2,center,36.347,4.347,4.000,16632.979,22869.199,70298.916,0.106539,0.833981,-0.541410
67,307,4320,19680,2,center,36.345,4.345,4.000,16692.987,22867.836,70307.221,0.098848,0.866440,-0.489398
67,308,4320,19744,2,center,36.297,4.297,4.000,16753.355,22866.097,70315.135,0.085897,0.888473,-0.450818
67,309,4320,19808,2,center,36.035,4.035,4.000,16814.151,22864.262,70322.982,0.080850,0.911634,-0.402973
67,310,4320,19872,2,center,36.001,4.001,4.000,16875.084,22862.301,70331.021,0.075892,0.929038,-0.362118
67,311,4320,19936,2,block_,34.278,2.278,4.000,16935.765,22859.832,70339.231,0.120947,0.923673,-0.363593
67,326,4320,20896,2,block_,36.611,4.611,4.000,17802.665,22615.744,70517.767,0.520729,0.755843,-0.396917
67,327,4320,20960,2,center,36.432,4.432,4.000,17855.446,22587.437,70533.656,0.523480,0.779961,-0.342972
67,328,4320,21024,2,center,46.182,14.182,4.000,17907.659,22558.092,70549.599,0.573448,0.737145,-0.357455
67,329,4320,21088,2,center,41.413,9.413,3.984,17957.727,22525.419,70566.655,0.591635,0.743494,-0.311744
67,330,4320,21152,2,center,41.374,9.374,2.031,18007.983,22492.540,70583.930,0.584097,0.726272,-0.362436
67,331,4320,21216,2,center,36.422,4.422,4.000,18059.197,22461.330,70600.781,0.572355,0.758804,-0.310849
67,332,4320,21280,2,center,36.346,4.346,4.000,18109.034,22428.792,70617.602,0.607157,0.750669,-0.260492
67,333,4320,21344,2,block_,36.346,4.346,4.000,18157.160,22393.956,70634.986,0.635996,0.734639,-0.236250
67,373,4320,23904,1,block_,33.828,1.828,4.641,18488.430,20391.413,71371.176,0.435507,-0.784047,0.442272
67,374,4320,23968,1,center,33.726,1.726,6.000,18432.068,20368.373,71368.733,0.254987,-0.874314,0.412986
67,375,4320,24032,1,center,20.764,-11.236,5.984,18375.054,20348.237,71365.000,0.301148,-0.866676,0.397722
67,376,4320,24096,1,center,20.831,-11.169,4.000,18318.766,20326.814,71362.176,0.323376,-0.845201,0.425515
67,377,4320,24160,1,center,29.912,-2.088,4.000,18263.636,20302.550,71360.397,0.381626,-0.808065,0.448769
67,381,4320,24416,1,center,34.428,2.428,4.000,18045.404,20205.534,71353.424,0.217544,-0.816778,0.534368
67,382,4320,24480,1,center,34.493,2.493,4.000,17988.884,20188.529,71347.644,0.175087,-0.863740,0.472544
67,383,4320,24544,1,center,29.947,-2.053,3.984,17931.897,20175.420,71340.259,0.132905,-0.902316,0.410076
67,384,4320,24608,1,center,29.912,-2.088,2.031,17874.637,20164.610,71331.800,0.110615,-0.924440,0.364931
67,385,4320,24672,1,center,29.905,-2.095,4.016,17817.382,20154.014,71323.541,0.103136,-0.916726,0.385975
67,386,4320,24736,1,block_,29.709,-2.291,4.447,17760.132,20145.586,71314.507,0.054917,-0.921360,0.384811
67,392,4320,25120,1,block_,14.491,-17.509,3.936,17417.183,20156.816,71238.157,-0.230941,-0.918040,0.322287
67,393,4320,25184,1,block_,14.065,-17.935,3.547,17360.218,20163.447,71223.850,-0.136264,-0.942587,0.304895
67,394,4320,25248,1,block_,12.498,-19.502,3.266,17302.993,20168.062,71210.042,-0.173744,-0.947924,0.266934
67,395,4320,25312,1,block_,15.917,-16.083,3.078,17246.289,20175.117,71195.310,-0.201613,-0.932347,0.300137
67,397,4320,25440,1,block_,28.665,-3.335,4.039,17133.554,20192.698,71165.389,-0.239742,-0.927345,0.287323
67,398,4320,25504,1,center,26.876,-5.124,4.000,17077.723,20203.212,71149.956,-0.238858,-0.942205,0.234940
67,399,4320,25568,1,center,23.805,-8.195,4.000,17021.967,20213.828,71134.235,-0.285560,-0.938288,0.195117
67,400,4320,25632,1,center,22.450,-9.550,4.000,16967.529,20228.903,71117.697,-0.329972,-0.935065,0.129505
67,401,4320,25696,1,center,29.912,-2.088,4.000,16913.862,20246.236,71101.145,-0.326690,-0.927118,0.183646
67,412,4320,26400,1,block_,29.869,-2.131,4.000,16381.400,20543.083,70893.937,-0.608156,-0.789142,0.086025
67,413,4320,26464,1,center,33.589,1.589,4.016,16335.834,20575.834,70873.930,-0.596594,-0.790690,0.137423
67,414,4320,26528,1,center,29.932,-2.068,4.016,16290.362,20608.126,70853.083,-0.608735,-0.793363,0.003979
67,415,4320,26592,1,center,23.097,-8.903,4.000,16246.540,20642.661,70831.814,-0.607074,-0.791542,-0.070163
67,416,4320,26656,1,center,19.021,-12.979,4.000,16204.048,20679.336,70810.602,-0.607288,-0.778115,-0.160435
67,417,4320,26720,1,center,18.738,-13.262,4.000,16161.108,20715.563,70789.776,-0.596442,-0.797849,-0.087715
67,418,4320,26784,1,center,14.944,-17.056,4.000,16117.574,20750.795,70768.794,-0.614581,-0.788604,-0.019879
67,419,4320,26848,1,center,17.655,-14.345,4.000,16074.595,20786.474,70747.481,-0.702461,-0.711714,0.003404
67,420,4320,26912,1,block_,23.935,-8.065,4.000,16038.054,20828.786,70726.133,-0.774971,-0.631088,-0.033874
67,435,4320,27872,1,center,26.373,-5.627,4.000,15755.595,21622.354,70427.570,-0.936085,-0.246498,-0.250965
67,436,4320,27936,1,center,21.972,-10.028,4.000,15745.188,21678.316,70408.938,-0.943625,-0.261499,-0.202954
67,437,4320,28000,1,center,19.586,-12.414,4.000,15734.831,21733.873,70390.060,-0.955315,-0.170851,-0.241212
67,438,4320,28064,1,center,19.622,-12.378,4.000,15731.414,21790.857,70372.716,-0.955783,-0.105311,-0.274570
67,439,4320,28128,1,block_,22.127,-9.873,4.000,15735.367,21848.897,70357.261,-0.947363,-0.001679,-0.320156
67,517,4320,33120,3,block_,31.250,-0.750,4.000,18727.634,21040.830,71286.992,0.971880,-0.233869,0.027482
67,518,4320,33184,3,center,30.168,-1.832,4.000,18712.084,20986.098,71307.941,0.958932,-0.282869,0.020863
67,519,4320,33248,3,center,30.137,-1.863,3.984,18693.177,20932.267,71328.257,0.935933,-0.343996,0.075477
67,520,4320,33312,3,center,30.149,-1.851,3.984,18671.374,20879.379,71347.734,0.918563,-0.377945,0.115753
67,521,4320,33376,3,center,30.149,-1.851,4.000,18645.214,20828.159,71366.032,0.887098,-0.371719,0.273646
67,522,4320,33440,3,center,30.144,-1.856,4.000,18620.846,20775.978,71384.493,0.932084,-0.284470,0.224266
67,523,4320,33504,3,center,30.144,-1.856,3.984,18602.631,20721.548,71404.126,0.956615,-0.260729,0.130035
67,524,4320,33568,3,center,30.144,-1.856,3.984,18580.032,20668.264,71422.623,0.900527,-0.413052,0.135792
67,525,4320,33632,3,block_,30.235,-1.765,3.484,18552.799,20616.205,71440.067,0.876043,-0.423237,0.231125
67,526,4320,33696,3,block_,30.124,-1.876,3.359,18518.595,20567.670,71454.904,0.762611,-0.500163,0.410196
67,527,4320,33760,3,block_,30.120,-1.880,3.266,18472.899,20528.205,71463.816,0.468004,-0.742349,0.479468
67,528,4320,33824,3,block_,30.120,-1.880,3.297,18420.477,20495.613,71467.997,0.482130,-0.683676,0.547848
67,529,4320,33888,3,block_,30.120,-1.880,3.949,18367.754,20464.476,71472.265,0.405215,-0.693314,0.595916
67,530,4320,33952,3,block_,30.120,-1.880,4.000,18313.161,20436.827,71474.237,0.370173,-0.744836,0.555150
67,551,4320,35296,3,block_,28.500,-3.500,4.000,17090.139,20288.903,71338.179,-0.191634,-0.981438,0.007411
67,552,4320,35360,3,center,25.746,-6.254,4.000,17032.891,20300.705,71326.483,-0.220229,-0.973880,0.055290
67,553,4320,35424,3,center,26.608,-5.392,3.984,16975.574,20312.711,71314.600,-0.225370,-0.972908,0.051561
67,554,4320,35488,3,center,26.611,-5.389,2.000,16919.165,20328.758,71302.035,-0.346883,-0.936282,0.055217
67,555,4320,35552,3,center,29.496,-2.504,2.031,16864.455,20349.914,71288.225,-0.404361,-0.910828,0.082974
67,556,4320,35616,3,center,30.184,-1.816,4.000,16812.177,20375.071,71273.724,-0.486042,-0.870882,0.072991
67,557,4320,35680,3,center,38.521,6.521,4.000,16761.418,20402.299,71258.735,-0.454663,-0.887743,0.072073
67,558,4320,35744,3,center,34.037,2.037,4.000,16708.941,20425.448,71244.133,-0.392440,-0.911655,0.121963
67,559,4320,35808,3,center,30.139,-1.861,4.000,16655.093,20446.012,71230.268,-0.359591,-0.905553,0.225094
67,560,4320,35872,3,block_,30.510,-1.490,4.000,16599.050,20465.959,71217.092,-0.441799,-0.888956,0.120714
68,303,4384,19424,2,center,36.368,4.368,4.000,16457.480,22834.760,70224.214,0.142212,0.827742,-0.542788
68,304,4384,19488,2,center,39.228,7.228,4.000,16517.459,22830.674,70235.305,0.096654,0.883862,-0.457652
68,305,4384,19552,2,center,41.210,9.210,4.000,16579.372,22830.997,70242.682,-0.097214,0.856410,-0.507061
68,306,4384,19616,2,center,36.575,4.575,4.000,16639.594,22839.484,70247.453,-0.026985,0.943285,-0.330886
68,307,4384,19680,2,center,36.216,4.216,4.000,16699.282,22842.990,70252.909,-0.007419,0.960565,-0.277955
68,308,4384,19744,2,center,30.210,-1.790,4.000,16759.583,22845.087,70258.732,-0.013721,0.983640,-0.179624
68,309,4384,19808,2,center,18.042,-13.958,4.000,16820.781,22847.010,70264.820,-0.029696,0.996202,-0.081852
68,310,4384,19872,2,center,13.523,-18.477,4.000,16882.445,22849.593,70271.782,-0.020481,0.999128,-0.036387
68,311,4384,19936,2,center,35.989,3.989,4.000,16943.338,22846.834,70280.429,0.165779,0.974748,-0.149610
68,312,4384,20000,2,block_,32.786,0.786,4.000,17003.384,22839.345,70289.468,0.104211,0.966176,-0.235889
68,326,4384,20896,2,block_,36.656,4.656,4.000,17803.778,22587.079,70463.050,0.490762,0.795268,-0.355951
68,327,4384,20960,2,center,37.550,5.550,4.000,17859.146,22563.064,70476.837,0.465420,0.824601,-0.321586
68,328,4384,21024,2,center,40.688,8.688,4.000,17912.518,22535.613,70492.166,0.502685,0.830700,-0.239260
68,329,4384,21088,2,center,41.375,9.375,4.000,17964.385,22505.275,70508.266,0.569319,0.815094,-0.107231
68,330,4384,21152,2,center,41.389,9.389,4.000,18013.651,22470.627,70526.101,0.600774,0.794060,-0.092411
68,331,4384,21216,2,center,39.839,7.839,4.000,18063.663,22438.375,70543.626,0.594362,0.753199,-0.281825
68,332,4384,21280,2,center,36.382,4.382,4.000,18112.253,22404.950,70560.704,0.596001,0.722368,-0.350669
68,333,4384,21344,2,center,36.346,4.346,4.000,18162.413,22372.372,70577.187,0.594871,0.743480,-0.305558
68,334,4384,21408,2,block_,36.346,4.346,4.000,18210.585,22337.033,70594.403,0.642348,0.735779,-0.214520
68,373,4384,23904,1,block_,41.834,9.834,4.750,18496.447,20374.155,71313.320,0.527390,-0.817466,0.231538
68,374,4384,23968,1,center,41.789,9.789,6.000,18442.858,20346.557,71313.528,0.390802,-0.811248,0.434914
68,375,4384,24032,1,center,30.518,-1.482,5.969,18388.044,20321.330,71312.981,0.300631,-0.779937,0.548925
68,376,4384,24096,1,center,29.912,-2.088,4.000,18331.954,20300.133,71310.265,0.330568,-0.805778,0.491373
68,377,4384,24160,1,block_,29.912,-2.088,4.000,18277.732,20274.456,71308.995,0.321823,-0.749261,0.578825
68,381,4384,24416,1,block_,35.568,3.568,4.000,18058.662,20178.560,71302.034,0.210846,-0.873088,0.439614
68,382,4384,24480,1,center,38.606,6.606,4.000,18001.446,20163.952,71295.537,0.150640,-0.921912,0.356911
68,383,4384,24544,1,center,34.442,2.442,4.000,17944.160,20151.629,71287.644,0.173303,-0.889192,0.423443
68,384,4384,24608,1,center,29.913,-2.087,4.031,17886.821,20139.288,71279.893,0.106189,-0.853796,0.509664
68,385,4384,24672,1,center,28.999,-3.001,5.984,17829.132,20130.066,71271.337,0.032227,-0.894354,0.446199
68,386,4384,24736,1,block_,29.488,-2.512,5.012,17771.849,20121.609,71262.435,0.065075,-0.891657,0.448011
68,397,4384,25440,1,block_,28.785,-3.215,4.000,17143.021,20167.622,71113.534,-0.321131,-0.802123,0.503461
68,398,4384,25504,1,center,26.899,-5.101,4.000,17087.949,20181.077,71096.867,-0.374211,-0.808471,0.454247
68,399,4384,25568,1,center,23.799,-8.201,4.000,17033.593,20196.018,71079.821,-0.356538,-0.856447,0.373336
68,400,4384,25632,1,center,18.986,-13.014,4.000,16978.413,20209.676,71064.123,-0.295112,-0.844031,0.447795
68,401,4384,25696,1,center,29.912,-2.088,4.000,16922.696,20222.079,71048.768,-0.363540,-0.816098,0.449247
68,413,4384,26464,1,center,33.683,1.683,6.000,16346.969,20556.785,70818.688,-0.705104,-0.693127,0.149674
68,414,4384,26528,1,center,39.170,7.170,5.984,16305.700,20593.777,70797.411,-0.681801,-0.730552,0.037957
68,415,4384,26592,1,center,21.613,-10.387,4.016,16264.985,20631.941,70776.132,-0.695724,-0.718274,0.007057
68,416,4384,26656,1,center,20.848,-11.152,4.000,16222.290,20668.417,70755.131,-0.635422,-0.762656,0.120810
68,417,4384,26720,1,center,19.008,-12.992,4.000,16177.592,20702.638,70734.112,-0.641436,-0.752619,0.148745
68,418,4384,26784,1,center,15.011,-16.989,4.016,16132.819,20736.196,70713.086,-0.648167,-0.746588,0.149954
68,419,4384,26848,1,center,17.668,-14.332,4.016,16089.920,20771.779,70691.789,-0.700656,-0.710535,0.064964
68,420,4384,26912,1,center,23.618,-8.382,4.016,16052.792,20813.005,70670.061,-0.800022,-0.599971,-0.000428
68,421,4384,26976,1,block_,27.683,-4.317,4.797,16021.841,20859.820,70648.546,-0.837126,-0.539119,-0.092580
68,435,4384,27872,1,center,26.342,-5.658,4.000,15767.770,21605.882,70371.414,-0.968673,-0.246213,-0.032426
68,436,4384,27936,1,center,20.181,-11.819,4.000,15754.473,21661.228,70352.544,-0.976843,-0.210277,-0.039521
68,437,4384,28000,1,center,16.483,-15.517,4.000,15747.489,21717.481,70334.352,-0.989420,-0.082991,-0.118998
68,438,4384,28064,1,center,18.342,-13.658,4.000,15746.556,21774.758,70317.160,-0.990570,-0.041093,-0.130700
68,439,4384,28128,1,block_,25.510,-6.490,4.000,15745.789,21832.441,70300.413,-0.998117,-0.042628,-0.044116
68,517,4384,33120,3,center,32.451,0.451,4.000,18720.835,21021.037,71230.351,0.963169,-0.266179,-0.038133
68,518,4384,33184,3,center,36.369,4.369,3.969,18705.974,20966.466,71251.167,0.957521,-0.287450,-0.022953
68,519,4384,33248,3,center,32.334,0.334,2.000,18689.293,20912.355,71271.490,0.955921,-0.293417,-0.011029
68,520,4384,33312,3,center,33.959,1.959,2.016,18671.913,20858.403,71291.443,0.950600,-0.292430,0.104136
68,521,4384,33376,3,center,33.950,1.950,4.000,18652.789,20805.005,71311.246,0.942603,-0.308545,0.127667
68,522,4384,33440,3,center,33.316,1.316,3.984,18631.060,20752.193,71330.096,0.913496,-0.305393,0.268811
68,523,4384,33504,3,center,33.303,1.303,2.016,18605.864,20700.537,71347.941,0.877949,-0.379488,0.291881
68,524,4384,33568,3,center,33.231,1.231,2.000,18578.107,20649.639,71364.772,0.905254,-0.381959,0.186068
68,525,4384,33632,3,center,30.512,-1.488,2.000,18554.088,20596.712,71382.263,0.924100,-0.345305,0.163719
68,526,4384,33696,3,center,30.121,-1.879,2.000,18527.533,20544.381,71398.496,0.824758,-0.467828,0.317665
68,527,4384,33760,3,center,30.123,-1.877,2.000,18485.799,20500.374,71409.553,0.584874,-0.632676,0.507585
68,528,4384,33824,3,center,30.155,-1.845,2.031,18435.056,20463.935,71416.607,0.464296,-0.691839,0.552982
68,529,4384,33888,3,center,30.155,-1.845,4.000,18379.942,20436.091,71419.973,0.409583,-0.810212,0.419284
68,530,4384,33952,3,center,30.135,-1.865,4.031,18324.021,20412.190,71421.029,0.324872,-0.897212,0.299114
68,531,4384,34016,3,center,30.151,-1.849,5.984,18266.887,20392.461,71419.492,0.286859,-0.932315,0.220228
68,532,4384,34080,3,center,32.168,0.168,4.016,18210.384,20372.162,71417.377,0.380892,-0.907237,0.178442
68,533,4384,34144,3,center,33.280,1.280,4.000,18154.513,20349.799,71415.756,0.309276,-0.945915,0.097943
68,534,4384,34208,3,block_,30.792,-1.208,4.000,18096.798,20330.395,71412.961,0.313308,-0.949102,0.032296
68,535,4384,34272,3,block_,30.250,-1.750,4.000,18038.151,20313.875,71409.330,0.258692,-0.965867,0.013409
68,552,4384,35360,3,center,29.685,-2.315,4.000,17043.554,20294.335,71268.474,-0.254985,-0.963683,0.079359
68,553,4384,35424,3,center,29.121,-2.879,3.984,16987.305,20308.771,71256.291,-0.248455,-0.964592,0.088504
68,554,4384,35488,3,center,26.634,-5.366,2.031,16930.894,20322.861,71243.480,-0.272130,-0.959489,0.072981
68,555,4384,35552,3,center,28.599,-3.401,4.000,16875.500,20340.122,71230.217,-0.404373,-0.913347,0.047750
68,556,4384,35616,3,center,29.880,-2.120,4.000,16823.330,20365.239,71215.962,-0.416577,-0.907277,0.057554
68,557,4384,35680,3,center,30.150,-1.850,4.000,16770.440,20388.124,71201.814,-0.444833,-0.872005,0.204280
68,558,4384,35744,3,center,34.026,2.026,4.000,16718.694,20413.274,71187.269,-0.455830,-0.866916,0.201681
68,559,4384,35808,3,center,32.600,0.600,4.000,16666.486,20437.646,71172.980,-0.476526,-0.879109,-0.009476
68,560,4384,35872,3,center,30.120,-1.880,4.000,16614.089,20463.720,71158.324,-0.375578,-0.926172,-0.033863
68,561,4384,35936,3,block_,30.120,-1.880,4.000,16559.872,20485.941,71143.098,-0.392710,-0.919281,0.026487
69,303,4448,19424,2,center,36.368,4.368,4.000,16464.461,22819.557,70170.377,0.095112,0.986960,0.129860
69,304,4448,19488,2,center,39.189,7.189,4.000,16524.992,22817.389,70177.560,-0.024036,0.999111,0.034646
69,305,4448,19552,2,center,41.154,9.154,4.000,16585.206,22821.492,70183.918,-0.106502,0.988432,-0.107980
69,306,4448,19616,2,center,36.242,4.242,4.000,16645.341,22824.124,70189.853,0.021690,0.953788,-0.299698
69,307,4448,19680,2,center,25.639,-6.361,4.000,16705.181,22829.343,70194.836,-0.074521,0.936189,-0.343507
69,308,4448,19744,2,center,18.083,-13.917,4.000,16765.423,22834.209,70199.996,-0.023178,0.929467,-0.368177
69,309,4448,19808,2,center,17.262,-14.738,4.000,16826.721,22836.466,70206.000,0.036871,0.896877,-0.440741
69,310,4448,19872,2,center,11.884,-20.116,4.000,16888.423,22833.243,70214.257,0.180664,0.841340,-0.509418
69,311,4448,19936,2,center,12.118,-19.882,4.000,16948.784,22823.420,70224.889,0.226433,0.842056,-0.489561
69,312,4448,20000,2,center,36.494,4.494,4.000,17008.920,22815.981,70234.028,0.164844,0.861196,-0.480800
69,313,4448,20064,2,block_,44.998,12.998,4.000,17069.005,22808.553,70243.126,0.207273,0.858129,-0.469736
69,326,4448,20896,2,block_,36.377,4.377,4.000,17807.630,22563.525,70406.026,0.477917,0.791584,-0.380776
69,327,4448,20960,2,center,36.347,4.347,4.000,17861.470,22536.589,70421.031,0.520402,0.747082,-0.413582
69,328,4448,21024,2,center,36.489,4.489,4.000,17914.514,22508.534,70436.732,0.506308,0.747985,-0.429152
69,329,4448,21088,2,center,36.517,4.517,4.000,17968.248,22480.871,70452.012,0.508605,0.734740,-0.448862
69,330,4448,21152,2,center,39.862,7.862,4.000,18018.165,22448.273,70469.363,0.678155,0.623979,-0.388273
69,331,4448,21216,2,center,41.034,9.034,4.000,18061.540,22408.584,70489.988,0.729073,0.549715,-0.407758
69,332,4448,21280,2,center,41.005,9.005,4.000,18106.686,22370.987,70509.716,0.624263,0.595017,-0.506213
69,333,4448,21344,2,center,36.396,4.396,4.000,18157.364,22338.436,70525.916,0.523731,0.616633,-0.587766
69,334,4448,21408,2,block_,36.438,4.438,4.000,18210.089,22308.418,70540.380,0.494912,0.645600,-0.581603
69,373,4448,23904,1,block_,44.590,12.590,4.672,18499.962,20362.447,71254.580,0.614317,-0.765518,0.191302
69,374,4448,23968,1,center,45.029,13.029,5.969,18451.040,20328.706,71257.464,0.508376,-0.845584,0.162913
69,375,4448,24032,1,center,35.639,3.639,4.000,18397.548,20302.208,71257.736,0.392034,-0.886842,0.244582
69,376,4448,24096,1,center,29.912,-2.088,4.000,18342.912,20278.565,71255.793,0.393310,-0.870388,0.296196
69,377,4448,24160,1,center,29.912,-2.088,4.000,18289.040,20252.278,71255.458,0.405651,-0.882508,0.237962
69,382,4448,24480,1,center,43.258,11.258,4.000,18011.250,20151.270,71238.694,0.242199,-0.935896,0.255808
69,383,4448,24544,1,center,40.658,8.658,4.031,17954.171,20138.804,71231.856,0.133028,-0.980863,0.142168
69,384,4448,24608,1,center,30.896,-1.104,6.000,17896.245,20127.905,71224.401,0.199248,-0.978189,0.058699
69,385,4448,24672,1,center,27.652,-4.348,6.000,17839.637,20112.330,71217.377,0.264612,-0.943170,0.201026
69,386,4448,24736,1,block_,29.579,-2.421,5.663,17783.314,20097.864,71210.153,0.164476,-0.903359,0.396095
69,397,4448,25440,1,block_,29.392,-2.608,4.000,17153.111,20145.962,71061.722,-0.207109,-0.973887,0.093002
69,398,4448,25504,1,center,29.789,-2.211,4.000,17096.596,20155.556,71045.852,-0.235491,-0.959675,0.153520
69,399,4448,25568,1,center,26.636,-5.364,4.000,17041.240,20167.986,71029.599,-0.303852,-0.927026,0.219765
69,400,4448,25632,1,center,27.017,-4.983,4.000,16986.486,20182.311,71013.145,-0.327680,-0.913560,0.240903
69,401,4448,25696,1,center,29.920,-2.080,4.000,16932.992,20200.655,70995.641,-0.397526,-0.912417,0.097306
69,402,4448,25760,1,block_,30.121,-1.879,4.000,16879.598,20220.063,70977.799,-0.373725,-0.926983,0.032125
69,413,4448,26464,1,block_,35.488,3.488,6.000,16354.199,20533.900,70764.454,-0.782101,-0.594183,0.187789
69,414,4448,26528,1,center,39.170,7.170,6.000,16316.108,20574.010,70742.270,-0.746789,-0.649870,0.141333
69,415,4448,26592,1,center,30.374,-1.626,5.969,16275.768,20612.356,70720.743,-0.691194,-0.697091,0.190566
69,416,4448,26656,1,center,23.847,-8.153,4.000,16231.633,20647.065,70699.918,-0.636321,-0.734904,0.234545
69,417,4448,26720,1,center,22.932,-9.068,4.031,16186.781,20680.801,70679.128,-0.650656,-0.738722,0.175890
69,418,4448,26784,1,center,23.619,-8.381,6.000,16142.620,20715.106,70657.971,-0.675896,-0.723477,0.140517
69,419,4448,26848,1,center,25.695,-6.305,6.000,16100.387,20751.693,70636.281,-0.727301,-0.671738,0.140716
69,420,4448,26912,1,center,25.738,-6.262,6.000,16065.090,20794.963,70613.893,-0.797993,-0.602667,0.000412
69,421,4448,26976,1,center,29.931,-2.069,5.984,16031.892,20841.114,70591.867,-0.848990,-0.521445,-0.085503
69,422,4448,27040,1,block_,31.184,-0.816,4.484,16008.808,20894.003,70572.023,-0.869341,-0.409456,-0.276751
69,435,4448,27872,1,center,24.154,-7.846,4.000,15766.906,21586.317,70314.549,-0.975717,-0.203220,0.081714
69,436,4448,27936,1,center,22.035,-9.965,4.000,15757.222,21642.961,70295.615,-0.995296,-0.092053,-0.030207
69,437,4448,28000,1,center,22.172,-9.828,4.000,15753.834,21700.199,70277.333,-0.993967,-0.082758,-0.071983
69,438,4448,28064,1,center,25.438,-6.562,4.000,15750.621,21757.686,70259.564,-0.997365,-0.071430,-0.012687
69,439,4448,28128,1,block_,28.302,-3.698,4.000,15748.482,21815.534,70242.562,-0.993011,0.015073,-0.117054
69,516,4448,33056,0,block_,49.016,17.016,4.000,18729.098,21055.407,71153.314,0.962128,-0.269450,0.041315
69,517,4448,33120,3,center,48.706,16.706,3.984,18714.340,21001.294,71174.120,0.965216,-0.261428,-0.003734
69,518,4448,33184,3,center,38.031,6.031,2.016,18699.289,20947.150,71194.753,0.957564,-0.288218,-0.000817
69,519,4448,33248,3,center,36.264,4.264,2.000,18682.257,20893.526,71214.928,0.950176,-0.311709,0.001578
69,520,4448,33312,3,center,36.627,4.627,2.016,18665.137,20839.738,71235.058,0.951766,-0.302978,-0.048433
69,521,4448,33376,3,center,36.031,4.031,3.984,18649.544,20785.475,71254.752,0.958100,-0.285333,0.025071
69,522,4448,33440,3,center,36.029,4.029,3.984,18631.982,20731.773,71274.050,0.948264,-0.302614,0.096027
69,523,4448,33504,3,center,34.425,2.425,3.984,18612.315,20678.516,71292.738,0.924779,-0.342232,0.166319
69,524,4448,33568,3,center,34.000,2.000,2.016,18585.093,20627.993,71309.371,0.875498,-0.397247,0.275133
69,525,4448,33632,3,center,30.513,-1.487,2.016,18558.320,20577.075,71325.505,0.899040,-0.401773,0.174082
69,526,4448,33696,3,center,30.261,-1.739,2.016,18532.132,20524.654,71340.715,0.882802,-0.450791,0.132089
69,527,4448,33760,3,center,30.546,-1.454,2.031,18496.312,20474.932,71353.137,0.713687,-0.684207,0.150037
69,528,4448,33824,3,center,34.626,2.626,4.000,18446.346,20435.269,71361.906,0.496209,-0.846604,0.192454
69,529,4448,33888,3,center,34.604,2.604,4.016,18386.738,20416.945,71362.977,0.252618,-0.930182,0.266357
69,530,4448,33952,3,center,32.021,0.021,5.984,18329.580,20398.396,71362.627,0.269196,-0.937114,0.222149
69,531,4448,34016,3,center,32.149,0.149,5.984,18271.937,20382.981,71360.615,0.263840,-0.950509,0.164076
69,532,4448,34080,3,center,33.292,1.292,5.969,18215.071,20365.291,71358.288,0.290516,-0.949355,0.119686
69,533,4448,34144,3,center,33.278,1.278,4.000,18157.560,20348.916,71355.371,0.261385,-0.964858,0.026962
69,534,4448,34208,3,center,31.577,-0.423,4.000,18099.289,20333.843,71352.263,0.231504,-0.972757,-0.012246
69,535,4448,34272,3,center,29.854,-2.146,4.000,18040.394,20320.057,71348.778,0.211143,-0.975167,-0.066841
69,536,4448,34336,3,center,29.856,-2.144,4.000,17981.816,20305.031,71344.863,0.300002,-0.950983,-0.075041
69,537,4448,34400,3,block_,28.734,-3.266,4.000,17923.765,20288.984,71340.391,0.242375,-0.968069,-0.064012
69,538,4448,34464,3,block_,30.003,-1.997,4.000,17865.221,20276.464,71335.441,0.183459,-0.981982,-0.045313
69,539,4448,34528,3,block_,30.216,-1.784,3.453,17806.568,20266.002,71330.126,0.171707,-0.984525,-0.035016
69,540,4448,34592,3,block_,31.176,-0.824,3.359,17748.129,20256.673,71324.140,0.157145,-0.987221,0.026475
69,541,4448,34656,3,block_,32.175,0.175,3.266,17689.875,20248.605,71317.743,0.095502,-0.993433,0.063014
69,542,4448,34720,3,block_,32.179,0.179,3.453,17631.514,20242.428,71310.794,0.092233,-0.992307,0.082589
69,543,4448,34784,3,block_,32.576,0.576,3.832,17573.172,20237.234,71303.420,0.066831,-0.993641,0.090611
69,544,4448,34848,3,block_,36.205,4.205,4.000,17514.720,20234.047,71295.320,0.011225,-0.997685,0.067065
69,545,4448,34912,3,block_,36.444,4.444,4.000,17456.511,20236.092,71286.280,-0.079679,-0.992421,0.093556
69,546,4448,34976,3,block_,34.048,2.048,4.000,17398.472,20238.535,71276.742,-0.068668,-0.989703,0.125590
69,547,4448,35040,3,block_,30.152,-1.848,4.000,17340.684,20242.155,71266.738,-0.074675,-0.979294,0.188169
69,548,4448,35104,3,block_,30.120,-1.880,4.000,17282.685,20245.831,71256.667,-0.113090,-0.973796,0.197314
69,549,4448,35168,3,block_,30.120,-1.880,4.000,17224.684,20251.295,71246.234,-0.157664,-0.956085,0.247071
69,552,4448,35360,3,block_,29.888,-2.112,4.000,17052.810,20281.847,71211.553,-0.299650,-0.939743,0.164602
69,553,4448,35424,3,center,30.112,-1.888,4.000,16997.193,20297.661,71198.881,-0.308321,-0.944245,0.115498
69,554,4448,35488,3,center,29.139,-2.861,4.000,16942.069,20314.473,71185.731,-0.300134,-0.949434,0.092167
69,555,4448,35552,3,center,29.879,-2.121,4.000,16887.234,20332.149,71172.444,-0.368058,-0.913826,0.171627
69,556,4448,35616,3,center,30.120,-1.880,4.000,16833.103,20352.473,71158.818,-0.344865,-0.918770,0.192173
69,557,4448,35680,3,center,30.120,-1.880,4.000,16778.464,20371.649,71145.357,-0.408530,-0.904792,0.120229
69,558,4448,35744,3,center,30.119,-1.881,4.000,16726.404,20396.501,71130.584,-0.533277,-0.837747,0.117452
69,559,4448,35808,3,center,30.054,-1.946,4.000,16677.853,20427.690,71114.991,-0.551720,-0.820122,0.151671
69,560,4448,35872,3,center,30.092,-1.908,4.000,16625.681,20453.417,71100.084,-0.419353,-0.878692,0.228128
69,561,4448,35936,3,center,30.109,-1.891,4.000,16571.404,20474.575,71085.402,-0.404440,-0.900173,0.161606
69,562,4448,36000,3,block_,29.918,-2.082,4.000,16518.530,20498.079,71069.681,-0.479609,-0.875622,0.057099
70,303,4512,19424,2,center,36.329,4.329,4.000,16472.035,22828.324,70110.166,0.039261,0.997053,0.065905
70,304,4512,19488,2,center,34.171,2.171,4.000,16532.239,22820.763,70117.385,0.185004,0.982637,-0.014058
70,305,4512,19552,2,center,34.147,2.147,4.000,16591.742,22811.370,70124.679,0.135451,0.983261,-0.121861
70,306,4512,19616,2,center,33.594,1.594,4.000,16651.697,22806.839,70132.384,0.019118,0.982678,-0.184334
70,307,4512,19680,2,center,25.726,-6.274,4.000,16711.727,22808.209,70138.853,0.053633,0.960781,-0.272072
70,308,4512,19744,2,center,18.643,-13.357,4.000,16771.492,22806.676,70146.579,0.139779,0.920986,-0.363657
70,309,4512,19808,2,center,18.644,-13.356,4.000,16831.735,22802.691,70155.425,0.115013,0.910283,-0.397689
70,310,4512,19872,2,center,18.828,-13.172,4.000,16892.402,22798.279,70164.148,0.142069,0.915608,-0.376135
70,311,4512,19936,2,center,24.394,-7.606,4.000,16952.801,22791.697,70173.070,0.154956,0.925609,-0.345306
70,312,4512,20000,2,center,46.620,14.620,4.000,17013.075,22785.393,70181.592,0.122847,0.913974,-0.386729
70,313,4512,20064,2,center,50.317,18.317,4.016,17072.959,22779.385,70189.704,0.207972,0.881029,-0.424895
70,314,4512,20128,2,block_,50.534,18.534,4.510,17132.386,22769.743,70198.856,0.208693,0.876165,-0.434491
70,326,4512,20896,2,block_,36.346,4.346,4.000,17810.245,22537.986,70350.592,0.492849,0.861258,-0.123832
70,327,4512,20960,2,center,36.346,4.346,4.000,17862.976,22508.922,70366.156,0.506922,0.843618,-0.177027
70,328,4512,21024,2,center,36.347,4.347,4.000,17915.642,22480.298,70381.752,0.537545,0.798181,-0.271943
70,329,4512,21088,2,center,36.525,4.525,4.000,17967.144,22450.156,70397.934,0.555072,0.733832,-0.391643
70,330,4512,21152,2,center,39.273,7.273,4.000,18015.495,22416.703,70415.715,0.688267,0.633662,-0.353215
70,331,4512,21216,2,center,43.932,11.932,4.000,18059.027,22377.731,70436.272,0.710015,0.637691,-0.298712
70,332,4512,21280,2,center,44.916,12.916,4.000,18103.492,22338.897,70456.547,0.680855,0.665098,-0.306728
70,333,4512,21344,2,center,42.814,10.814,4.000,18151.731,22303.491,70475.026,0.591268,0.728587,-0.345778
70,334,4512,21408,2,center,36.349,4.349,4.000,18203.488,22272.506,70490.972,0.568768,0.716846,-0.403281
70,373,4512,23904,1,block_,43.882,11.882,4.187,18507.877,20346.151,71198.944,0.511377,-0.707322,0.488046
70,374,4512,23968,1,center,43.441,11.441,4.000,18458.261,20314.010,71201.126,0.489811,-0.748332,0.447309
70,375,4512,24032,1,center,36.993,4.993,4.000,18406.604,20285.604,71201.485,0.340626,-0.830039,0.441599
70,376,4512,24096,1,center,29.912,-2.088,4.000,18352.051,20261.534,71199.757,0.364173,-0.761534,0.536138
70,377,4512,24160,1,center,29.912,-2.088,4.000,18298.994,20233.248,71200.690,0.368133,-0.730808,0.574802
70,382,4512,24480,1,block_,32.605,0.605,4.557,18021.290,20135.705,71182.714,0.172051,-0.947665,0.268941
70,383,4512,24544,1,center,31.493,-0.507,6.000,17963.590,20126.848,71174.876,0.075094,-0.961320,0.264998
70,384,4512,24608,1,center,31.511,-0.489,5.984,17905.940,20116.158,71167.497,0.162153,-0.932350,0.323155
70,385,4512,24672,1,center,32.172,0.172,5.969,17849.025,20102.083,71160.573,0.219249,-0.936875,0.272390
70,386,4512,24736,1,center,32.155,0.155,4.000,17792.661,20086.256,71153.808,0.245761,-0.958137,0.146886
70,398,4512,25504,1,center,30.192,-1.808,4.000,17108.857,20139.174,70991.222,-0.253104,-0.890759,0.377475
70,399,4512,25568,1,center,29.810,-2.190,4.000,17053.726,20152.339,70974.589,-0.334876,-0.880695,0.335013
70,400,4512,25632,1,center,29.598,-2.402,4.000,16998.934,20166.028,70958.067,-0.353602,-0.893639,0.276359
70,401,4512,25696,1,center,30.904,-1.096,4.000,16946.133,20185.595,70940.162,-0.432635,-0.844069,0.316820
70,402,4512,25760,1,block_,30.904,-1.096,4.000,16891.602,20202.852,70923.770,-0.337649,-0.817808,0.466030
70,413,4512,26464,1,block_,30.412,-1.588,6.000,16361.820,20511.057,70710.160,-0.762856,-0.641971,0.076967
70,414,4512,26528,1,center,30.383,-1.617,5.969,16324.632,20551.883,70687.629,-0.732409,-0.656812,0.179376
70,415,4512,26592,1,center,29.864,-2.136,4.000,16282.102,20588.007,70666.397,-0.662425,-0.709452,0.240563
70,416,4512,26656,1,center,29.901,-2.099,4.016,16237.882,20622.474,70645.628,-0.674591,-0.704138,0.221624
70,417,4512,26720,1,center,29.912,-2.088,5.984,16194.947,20658.168,70624.471,-0.682477,-0.698312,0.215836
70,418,4512,26784,1,center,29.917,-2.083,5.984,16152.090,20693.542,70603.290,-0.692671,-0.702863,0.161838
70,419,4512,26848,1,center,30.511,-1.489,6.000,16113.117,20732.867,70581.198,-0.758670,-0.642574,-0.107326
70,420,4512,26912,1,center,31.819,-0.181,5.984,16083.532,20780.392,70558.666,-0.764499,-0.575931,-0.289559
70,421,4512,26976,1,center,32.343,0.343,5.969,16059.548,20832.650,70538.467,-0.756214,-0.423017,-0.499196
70,422,4512,27040,1,center,33.904,1.904,4.016,16036.067,20885.344,70518.955,-0.817844,-0.517510,-0.251622
70,423,4512,27104,1,center,34.128,2.128,5.984,16012.697,20936.725,70498.530,-0.843641,-0.500408,-0.194579
70,424,4512,27168,1,block_,32.667,0.667,4.672,15987.123,20986.254,70478.065,-0.904625,-0.419565,-0.074956
70,435,4512,27872,1,center,29.880,-2.120,4.000,15772.474,21567.927,70257.009,-0.957617,-0.237189,-0.163436
70,436,4512,27936,1,center,25.781,-6.219,4.000,15766.973,21625.397,70238.615,-0.968232,-0.121683,-0.218448
70,437,4512,28000,1,center,25.415,-6.585,4.000,15760.842,21682.683,70220.312,-0.975205,-0.160965,-0.151873
70,438,4512,28064,1,center,28.177,-3.823,4.000,15757.654,21740.492,70202.553,-0.963437,-0.083980,-0.254433
70,439,4512,28128,1,block_,29.172,-2.828,4.000,15760.942,21798.815,70186.119,-0.957064,-0.019915,-0.289192
70,516,4512,33056,0,block_,49.533,17.533,4.000,18727.652,21034.345,71097.441,0.948134,-0.295432,0.117312
70,517,4512,33120,3,center,49.735,17.735,4.000,18710.503,20980.942,71118.130,0.965980,-0.233488,0.111207
70,518,4512,33184,3,center,40.912,8.912,3.984,18696.192,20926.851,71138.854,0.968604,-0.235785,0.078809
70,519,4512,33248,3,center,36.953,4.953,2.000,18679.441,20873.468,71158.972,0.947961,-0.294755,0.120372
70,520,4512,33312,3,center,36.946,4.946,2.000,18661.070,20820.359,71178.686,0.962950,-0.259891,0.071999
70,521,4512,33376,3,center,36.048,4.048,2.016,18646.426,20766.131,71198.598,0.976410,-0.215885,0.004190
70,522,4512,33440,3,center,37.353,5.353,2.031,18633.785,20711.492,71218.170,0.954026,-0.285087,0.092516
70,523,4512,33504,3,center,36.020,4.020,4.000,18611.714,20659.658,71236.457,0.906937,-0.415313,0.070566
70,524,4512,33568,3,center,34.584,2.584,4.000,18586.028,20609.543,71253.479,0.900162,-0.429750,0.070872
70,525,4512,33632,3,center,30.510,-1.490,4.000,18558.852,20560.150,71268.737,0.858389,-0.503837,0.096524
70,526,4512,33696,3,center,30.259,-1.741,4.000,18527.116,20512.972,71282.190,0.783866,-0.620929,-0.001582
70,527,4512,33760,3,center,30.397,-1.603,4.000,18487.005,20470.272,71292.472,0.672564,-0.736334,-0.073955
70,528,4512,33824,3,center,30.394,-1.606,4.000,18441.419,20432.392,71300.510,0.546019,-0.836337,-0.049032
70,529,4512,33888,3,center,30.120,-1.880,4.000,18388.925,20406.092,71304.579,0.389029,-0.912622,0.125608
70,530,4512,33952,3,center,30.125,-1.875,4.000,18333.897,20387.018,71304.750,0.265293,-0.944817,0.192198
70,531,4512,34016,3,center,30.795,-1.205,4.000,18276.980,20373.374,71302.312,0.205913,-0.959022,0.194617
70,532,4512,34080,3,center,31.613,-0.387,4.000,18219.214,20361.361,71298.980,0.177482,-0.982099,0.063105
70,533,4512,34144,3,center,31.589,-0.411,4.000,18161.015,20348.337,71295.572,0.225304,-0.973960,0.025281
70,534,4512,34208,3,center,31.343,-0.657,4.000,18102.652,20334.428,71292.044,0.225680,-0.973835,0.026736
70,535,4512,34272,3,center,28.005,-3.995,4.000,18043.897,20321.428,71288.476,0.216442,-0.974951,0.051222
70,536,4512,34336,3,center,27.967,-4.033,4.000,17985.440,20307.389,71284.578,0.261266,-0.964503,0.038388
70,537,4512,34400,3,center,23.517,-8.483,4.000,17927.760,20291.546,71280.551,0.238380,-0.970984,0.019130
70,538,4512,34464,3,center,30.105,-1.895,3.984,17869.783,20278.616,71276.059,0.185600,-0.982620,0.003208
70,539,4512,34528,3,center,30.121,-1.879,2.000,17811.805,20267.386,71271.048,0.185575,-0.981742,0.041760
70,540,4512,34592,3,center,31.236,-0.764,2.000,17754.289,20255.974,71265.390,0.186378,-0.980698,0.059111
70,541,4512,34656,3,center,32.168,0.168,2.000,17696.580,20247.459,71259.280,0.103952,-0.993094,0.054388
70,542,4512,34720,3,center,32.185,0.185,2.016,17638.763,20240.582,71252.519,0.115048,-0.992094,0.050130
70,543,4512,34784,3,center,33.160,1.160,3.984,17581.042,20234.495,71245.298,0.074467,-0.996171,0.045814
70,544,4512,34848,3,center,39.296,7.296,4.000,17523.315,20233.206,71237.137,-0.023018,-0.998347,0.052667
70,545,4512,34912,3,center,39.265,7.265,4.000,17465.528,20231.555,71228.587,0.049017,-0.990122,0.131362
70,546,4512,34976,3,center,35.276,3.276,4.000,17407.824,20230.958,71219.249,-0.048858,-0.991853,0.117644
70,547,4512,35040,3,center,30.105,-1.895,4.000,17349.982,20232.404,71209.342,-0.049987,-0.990252,0.130008
70,548,4512,35104,3,center,30.096,-1.904,4.000,17291.965,20234.817,71199.227,-0.066158,-0.985587,0.155697
70,549,4512,35168,3,center,30.120,-1.880,4.000,17233.739,20238.110,71189.083,-0.131529,-0.984191,0.118611
70,550,4512,35232,3,center,30.120,-1.880,4.000,17176.235,20247.414,71177.898,-0.211677,-0.971906,0.102919
70,551,4512,35296,3,center,30.120,-1.880,4.000,17119.380,20259.269,71166.257,-0.234059,-0.970092,0.064327
70,552,4512,35360,3,center,30.120,-1.880,4.000,17063.372,20273.395,71154.140,-0.275916,-0.957803,0.080526
70,553,4512,35424,3,center,30.112,-1.888,4.000,17007.947,20288.998,71141.486,-0.293475,-0.952120,0.085668
70,554,4512,35488,3,center,29.148,-2.852,4.000,16952.857,20305.393,71128.478,-0.305904,-0.948159,0.086121
70,555,4512,35552,3,center,30.036,-1.964,4.000,16897.572,20321.655,71115.384,-0.293832,-0.955811,-0.009448
70,556,4512,35616,3,center,30.120,-1.880,4.000,16843.434,20341.518,71101.680,-0.372098,-0.927558,-0.034338
70,557,4512,35680,3,center,30.120,-1.880,4.000,16790.591,20364.397,71087.796,-0.385176,-0.922234,-0.033542
70,558,4512,35744,3,center,30.045,-1.955,4.000,16737.536,20386.314,71073.421,-0.426993,-0.904193,0.010630
70,559,4512,35808,3,center,21.734,-10.266,4.000,16685.151,20409.738,71058.734,-0.418576,-0.902006,0.105733
70,560,4512,35872,3,center,26.529,-5.471,4.000,16633.302,20435.046,71043.869,-0.470562,-0.873893,0.121993
70,561,4512,35936,3,center,28.696,-3.304,4.000,16582.579,20461.909,71028.293,-0.523854,-0.851080,0.035201
70,562,4512,36000,3,block_,29.816,-2.184,4.000,16532.917,20490.576,71012.126,-0.481360,-0.874420,-0.060683
71,303,4576,19424,2,block_,33.769,1.769,4.000,16478.921,22827.150,70048.764,0.098349,0.991521,-0.084932
71,304,4576,19488,2,center,28.330,-3.670,4.000,16539.196,22816.302,70056.678,0.244343,0.966734,-0.075642
71,305,4576,19552,2,center,25.802,-6.198,4.000,16598.524,22804.145,70064.838,0.143344,0.983411,-0.111155
71,306,4576,19616,2,center,28.412,-3.588,4.000,16658.631,22798.771,70072.458,0.059542,0.988454,-0.139333
71,307,4576,19680,2,center,36.262,4.262,4.000,16718.834,22796.882,70079.977,0.047674,0.989060,-0.139594
71,308,4576,19744,2,center,25.646,-6.354,4.000,16778.997,22794.692,70087.998,0.057801,0.993694,-0.096079
71,309,4576,19808,2,center,25.598,-6.402,4.000,16839.321,22790.883,70096.640,0.084132,0.994612,-0.060567
71,310,4576,19872,2,center,25.638,-6.362,4.000,16899.773,22786.102,70105.195,0.088013,0.993428,-0.073177
71,311,4576,19936,2,center,30.804,-1.196,4.000,16960.168,22780.590,70113.920,0.118722,0.991135,-0.059629
71,312,4576,20000,2,center,46.549,14.549,4.016,17019.989,22770.805,70123.098,0.158790,0.986512,-0.039742
71,313,4576,20064,2,center,51.825,19.825,6.000,17080.069,22765.099,70132.347,0.174814,0.984166,-0.029274
71,314,4576,20128,2,center,51.837,19.837,5.984,17138.635,22750.788,70142.763,0.210835,0.977054,0.030241
71,315,4576,20192,2,block_,50.347,18.347,4.559,17196.950,22735.570,70154.475,0.284693,0.952536,-0.107816
71,327,4576,20960,2,block_,36.346,4.346,4.000,17872.134,22493.556,70307.311,0.539577,0.774609,-0.329905
71,328,4576,21024,2,center,36.360,4.360,4.000,17923.894,22462.586,70323.495,0.597317,0.752390,-0.277709
71,329,4576,21088,2,center,38.210,6.210,4.000,17972.041,22427.350,70341.031,0.635505,0.742421,-0.212002
71,330,4576,21152,2,center,40.750,8.750,4.000,18018.416,22391.088,70359.763,0.668247,0.702742,-0.244129
71,331,4576,21216,2,center,43.919,11.919,4.000,18064.186,22354.330,70379.161,0.667522,0.720141,-0.189237
71,332,4576,21280,2,center,42.860,10.860,4.000,18110.365,22317.645,70398.369,0.648681,0.740727,-0.174744
71,333,4576,21344,2,center,42.632,10.632,4.000,18156.810,22280.955,70417.144,0.636567,0.742744,-0.207636
71,334,4576,21408,2,center,36.785,4.785,4.000,18205.955,22247.499,70434.362,0.587860,0.768594,-0.252357
71,374,4576,23968,1,center,35.596,3.596,4.000,18473.430,20286.599,71150.500,0.425835,-0.746218,0.511686
71,375,4576,24032,1,center,31.518,-0.482,4.000,18420.686,20258.528,71150.895,0.409794,-0.785846,0.463157
71,376,4576,24096,1,center,29.912,-2.088,4.000,18367.136,20232.210,71150.609,0.403020,-0.823360,0.399566
71,377,4576,24160,1,center,29.912,-2.088,4.000,18313.780,20204.157,71150.649,0.392326,-0.825856,0.405021
71,382,4576,24480,1,block_,30.385,-1.615,4.828,18031.239,20120.194,71126.966,0.114722,-0.915910,0.384640
71,383,4576,24544,1,center,29.924,-2.076,5.969,17973.912,20109.476,71119.567,0.129842,-0.922930,0.362409
71,384,4576,24608,1,center,31.481,-0.519,4.000,17916.619,20098.551,71112.125,0.149744,-0.933823,0.324885
71,385,4576,24672,1,center,29.912,-2.088,4.000,17859.687,20086.117,71105.017,0.197089,-0.927943,0.316351
71,386,4576,24736,1,center,29.912,-2.088,4.000,17803.692,20069.702,71099.044,0.249627,-0.875177,0.414429
71,398,4576,25504,1,center,29.912,-2.088,4.000,17119.114,20115.791,70937.704,-0.210881,-0.935124,0.284733
71,399,4576,25568,1,center,29.908,-2.092,4.000,17062.828,20126.673,70922.194,-0.272327,-0.913495,0.302266
71,400,4576,25632,1,center,29.656,-2.344,4.000,17007.283,20139.399,70906.529,-0.339667,-0.861104,0.378321
71,401,4576,25696,1,center,30.904,-1.096,4.000,16951.646,20153.314,70890.946,-0.328998,-0.809515,0.486256
71,402,4576,25760,1,center,30.896,-1.104,4.000,16895.327,20167.029,70875.956,-0.336333,-0.786959,0.517278
71,413,4576,26464,1,block_,28.294,-3.706,4.016,16371.734,20489.994,70655.293,-0.749375,-0.646661,0.142362
71,414,4576,26528,1,center,25.095,-6.905,4.000,16331.170,20527.796,70633.470,-0.697469,-0.669651,0.255156
71,415,4576,26592,1,center,23.815,-8.185,4.000,16287.204,20562.389,70612.731,-0.663143,-0.680139,0.312494
71,416,4576,26656,1,center,28.456,-3.544,4.000,16243.230,20597.211,70591.827,-0.690262,-0.662122,0.291775
71,417,4576,26720,1,block_,29.329,-2.671,4.000,16201.011,20633.598,70570.464,-0.737692,-0.648222,0.188729
71,418,4576,26784,1,block_,30.147,-1.853,5.262,16164.379,20674.772,70548.423,-0.776042,-0.630266,0.022894
71,419,4576,26848,1,center,30.506,-1.494,5.969,16133.021,20719.869,70526.214,-0.837601,-0.533519,-0.117393
71,420,4576,26912,1,center,31.718,-0.282,4.000,16108.695,20770.417,70505.135,-0.879160,-0.459008,-0.128026
71,421,4576,26976,1,center,31.820,-0.180,4.000,16084.248,20822.710,70485.291,-0.860521,-0.501543,0.089205
71,422,4576,27040,1,center,34.158,2.158,4.015,16053.939,20871.355,70463.636,-0.858562,-0.501957,0.104453
71,423,4576,27104,1,center,34.668,2.668,5.953,16022.756,20918.752,70442.825,-0.855261,-0.493798,0.157135
71,424,4576,27168,1,center,34.866,2.866,3.984,15993.329,20966.613,70422.493,-0.905814,-0.398346,0.144297
71,425,4576,27232,1,block_,31.805,-0.195,3.995,15969.765,21017.279,70401.906,-0.889323,-0.443345,0.112027
71,426,4576,27296,1,block_,32.083,0.083,4.000,15946.368,21068.372,70381.126,-0.927929,-0.354223,0.116076
71,435,4576,27872,1,center,29.875,-2.125,4.000,15789.110,21551.901,70200.933,-0.967187,-0.192623,-0.165669
71,436,4576,27936,1,center,27.692,-4.308,3.984,15781.743,21608.933,70182.347,-0.969441,-0.196703,-0.146601
71,437,4576,28000,1,center,26.996,-5.004,4.000,15773.879,21665.872,70163.827,-0.980377,-0.102018,-0.168682
71,438,4576,28064,1,center,27.716,-4.284,4.000,15772.069,21723.714,70146.178,-0.991961,-0.057625,-0.112663
71,439,4576,28128,1,block_,28.954,-3.046,4.000,15770.071,21782.063,70128.804,-0.996194,-0.084669,-0.020727
71,516,4576,33056,0,block_,48.878,16.878,4.000,18737.194,21010.452,71044.469,0.861889,-0.251605,0.440274
71,517,4576,33120,3,center,48.327,16.327,4.000,18716.737,20958.053,71063.474,0.936543,-0.182139,0.299521
71,518,4576,33184,3,center,40.900,8.900,3.984,18701.372,20904.580,71084.266,0.952817,-0.170981,0.250808
71,519,4576,33248,3,center,36.954,4.954,2.000,18686.224,20850.917,71104.642,0.947934,-0.187043,0.257750
71,520,4576,33312,3,center,36.953,4.953,2.016,18668.431,20797.819,71124.570,0.926578,-0.213628,0.309542
71,521,4576,33376,3,center,36.874,4.874,3.984,18649.399,20744.996,71143.910,0.919537,-0.251542,0.301957
71,522,4576,33440,3,center,37.348,5.348,4.000,18631.338,20692.348,71162.525,0.944131,-0.285210,0.165144
71,523,4576,33504,3,block_,36.125,4.125,3.962,18610.504,20640.957,71181.150,0.929613,-0.325658,0.172531
71,524,4576,33568,3,block_,34.697,2.697,4.000,18586.521,20591.235,71198.583,0.878089,-0.411487,0.244207
71,525,4576,33632,3,block_,30.329,-1.671,4.000,18557.178,20544.711,71213.784,0.835846,-0.436984,0.332275
71,526,4576,33696,3,block_,30.226,-1.774,4.000,18524.425,20499.794,71226.327,0.777872,-0.570558,0.263399
71,533,4576,34144,3,block_,31.211,-0.789,4.000,18165.852,20341.972,71236.632,0.174450,-0.938350,0.298440
71,534,4576,34208,3,block_,29.268,-2.732,4.000,18107.383,20329.181,71232.881,0.185609,-0.931560,0.312642
71,535,4576,34272,3,center,24.382,-7.618,4.000,18049.178,20315.010,71229.384,0.211301,-0.924582,0.317016
71,536,4576,34336,3,center,24.008,-7.992,4.000,17991.104,20300.665,71225.824,0.192078,-0.909156,0.369515
71,537,4576,34400,3,center,24.040,-7.960,4.000,17933.100,20287.248,71221.645,0.198679,-0.925221,0.323254
71,538,4576,34464,3,center,28.242,-3.758,3.984,17875.933,20271.870,71218.043,0.241129,-0.932938,0.267365
71,539,4576,34528,3,center,29.110,-2.890,2.016,17818.433,20260.654,71212.830,0.174360,-0.960801,0.215545
71,540,4576,34592,3,center,30.121,-1.879,2.016,17761.041,20249.870,71207.631,0.134427,-0.959588,0.247226
71,541,4576,34656,3,center,31.243,-0.757,2.000,17703.795,20239.696,71202.021,0.145373,-0.957444,0.249333
71,542,4576,34720,3,center,32.501,0.501,2.000,17646.559,20231.260,71195.869,0.062286,-0.965547,0.252664
71,543,4576,34784,3,center,34.116,2.116,2.016,17589.179,20226.590,71188.582,0.030895,-0.971852,0.233557
71,544,4576,34848,3,center,39.296,7.296,4.000,17531.951,20223.741,71180.515,-0.009696,-0.974812,0.222818
71,545,4576,34912,3,center,39.247,7.247,4.000,17474.716,20223.307,71171.613,-0.031075,-0.992528,0.117992
71,546,4576,34976,3,center,33.295,1.295,4.000,17417.384,20225.391,71161.874,-0.043491,-0.996912,0.065377
71,547,4576,35040,3,center,28.296,-3.704,4.000,17359.756,20226.742,71151.684,-0.037198,-0.999271,0.008632
71,548,4576,35104,3,center,27.087,-4.913,4.000,17301.937,20229.666,71141.541,-0.070391,-0.997366,-0.017491
71,549,4576,35168,3,center,30.132,-1.868,4.000,17244.295,20235.863,71130.913,-0.119703,-0.991944,-0.041458
71,550,4576,35232,3,center,30.144,-1.856,4.016,17186.929,20244.054,71120.047,-0.144929,-0.988766,-0.036569
71,551,4576,35296,3,center,30.144,-1.856,4.000,17130.174,20254.125,71108.772,-0.200864,-0.979564,0.010367
71,552,4576,35360,3,center,30.119,-1.881,3.984,17074.161,20266.579,71096.771,-0.249388,-0.968058,0.025863
71,553,4576,35424,3,center,30.079,-1.921,3.984,17018.822,20281.205,71084.354,-0.274068,-0.959739,0.061544
71,554,4576,35488,3,center,30.120,-1.880,3.984,16963.737,20296.771,71071.297,-0.295694,-0.954220,0.045041
71,555,4576,35552,3,center,30.157,-1.843,4.000,16910.033,20316.612,71057.929,-0.384137,-0.923106,0.017731
71,556,4576,35616,3,center,30.165,-1.835,4.000,16856.941,20338.104,71044.369,-0.375133,-0.926123,0.039643
71,557,4576,35680,3,center,30.132,-1.868,3.984,16803.371,20358.264,71030.489,-0.381916,-0.918291,0.104320
71,558,4576,35744,3,center,28.918,-3.082,3.984,16750.121,20379.040,71016.161,-0.378737,-0.921609,0.084821
71,559,4576,35808,3,center,21.033,-10.967,3.984,16697.466,20401.232,71001.497,-0.420368,-0.899799,0.116844
71,560,4576,35872,3,center,21.079,-10.921,4.000,16644.708,20423.525,70986.654,-0.462648,-0.882295,0.086674
71,561,4576,35936,3,center,26.371,-5.629,4.000,16596.610,20454.045,70970.945,-0.545384,-0.837961,-0.019411
71,562,4576,36000,3,center,30.103,-1.897,4.000,16548.051,20484.272,70954.724,-0.535415,-0.844325,0.021115
71,563,4576,36064,3,block_,29.879,-2.121,4.000,16499.675,20514.660,70938.406,-0.561571,-0.826980,0.027236
72,304,4640,19488,2,block_,33.826,1.826,4.000,16545.702,22806.444,69996.376,0.173741,0.966260,-0.190149
72,305,4640,19552,2,center,36.346,4.346,4.000,16605.523,22797.188,70004.623,0.096207,0.990824,-0.094926
72,306,4640,19616,2,center,36.346,4.346,4.000,16665.816,22791.312,70012.472,0.093012,0.992212,-0.082845
72,307,4640,19680,2,center,36.346,4.346,4.000,16726.276,22789.851,70020.144,0.032445,0.990043,-0.136975
72,308,4640,19744,2,center,36.298,4.298,4.000,16786.832,22788.841,70028.041,0.045719,0.985198,-0.165209
72,309,4640,19808,2,center,30.230,-1.770,4.000,16847.436,22786.390,70036.214,0.086692,0.983929,-0.156103
72,310,4640,19872,2,center,30.238,-1.762,4.000,16907.943,22781.483,70044.641,0.086809,0.988321,-0.125239
72,311,4640,19936,2,center,32.309,0.309,4.000,16968.719,22777.035,70053.054,0.107012,0.989896,-0.093034
72,312,4640,20000,2,center,36.027,4.027,4.016,17029.072,22768.580,70062.278,0.183577,0.981802,-0.048633
72,313,4640,20064,2,center,49.171,17.171,5.984,17088.794,22757.326,70072.462,0.237532,0.958658,-0.156697
72,314,4640,20128,2,center,51.241,19.241,5.969,17149.071,22747.181,70082.862,0.232873,0.938034,-0.256635
72,315,4640,20192,2,center,46.412,14.412,4.000,17206.411,22727.302,70094.498,0.381371,0.916018,-0.124366
72,316,4640,20256,2,block_,38.119,6.119,3.360,17262.306,22705.978,70107.201,0.380297,0.902565,-0.201866
72,317,4640,20320,2,block_,36.346,4.346,3.078,17318.110,22685.517,70119.778,0.378162,0.880786,-0.284973
72,328,4640,21024,2,center,36.361,4.361,4.000,17922.172,22431.935,70269.411,0.593704,0.673955,-0.439660
72,329,4640,21088,2,center,38.340,6.340,4.000,17971.417,22398.390,70286.823,0.613858,0.644153,-0.456339
72,330,4640,21152,2,center,43.909,11.909,4.000,18020.229,22364.459,70304.361,0.618421,0.670204,-0.410343
72,331,4640,21216,2,center,44.345,12.345,4.000,18067.851,22329.473,70322.802,0.653928,0.661837,-0.366537
72,332,4640,21280,2,center,42.201,10.201,4.000,18114.342,22293.438,70341.719,0.668814,0.640501,-0.377421
72,333,4640,21344,2,center,41.657,9.657,4.000,18160.403,22256.841,70360.406,0.662212,0.679151,-0.316591
72,334,4640,21408,2,center,39.289,7.289,4.000,18208.033,22222.112,70378.332,0.598206,0.694007,-0.400630
72,374,4640,23968,1,center,29.912,-2.088,4.000,18484.492,20265.734,71095.989,0.354599,-0.877126,0.323898
72,375,4640,24032,1,center,29.912,-2.088,4.000,18428.851,20243.697,71094.421,0.344822,-0.923286,0.169233
72,376,4640,24096,1,center,29.912,-2.088,4.000,18373.385,20221.309,71092.630,0.375894,-0.925075,0.054217
72,377,4640,24160,1,center,29.947,-2.053,3.969,18318.304,20196.979,71092.025,0.425617,-0.904897,0.003286
72,378,4640,24224,1,block_,32.685,0.685,2.349,18263.766,20171.973,71090.915,0.418271,-0.900924,0.115693
72,379,4640,24288,1,block_,32.872,0.872,2.979,18209.647,20147.387,71088.992,0.378499,-0.907762,0.180850
72,380,4640,24352,1,block_,31.879,-0.121,3.613,18155.280,20125.223,71086.128,0.306307,-0.890649,0.336038
72,382,4640,24480,1,block_,33.578,1.578,4.891,18042.684,20093.563,71075.689,0.068775,-0.868436,0.491009
72,383,4640,24544,1,center,29.960,-2.040,4.016,17984.730,20088.388,71065.897,-0.040921,-0.915969,0.399157
72,384,4640,24608,1,center,29.912,-2.088,4.000,17926.997,20082.285,71056.491,0.114991,-0.933159,0.340576
72,385,4640,24672,1,center,29.912,-2.088,4.000,17869.948,20070.369,71049.619,0.216190,-0.911686,0.349416
72,386,4640,24736,1,center,29.912,-2.088,4.000,17814.318,20054.501,71044.124,0.226154,-0.937599,0.264128
72,387,4640,24800,1,block_,29.913,-2.087,4.000,17758.212,20042.998,71036.711,0.107206,-0.982259,0.153861
72,398,4640,25504,1,block_,29.831,-2.169,4.000,17131.541,20101.673,70881.400,-0.157351,-0.980907,0.114287
72,399,4640,25568,1,center,29.646,-2.354,4.000,17074.333,20110.047,70866.537,-0.205789,-0.971100,0.120898
72,400,4640,25632,1,center,29.599,-2.401,4.000,17017.990,20122.277,70851.495,-0.237856,-0.964570,0.114148
72,401,4640,25696,1,center,30.932,-1.068,4.000,16960.919,20132.484,70836.994,-0.186223,-0.980608,0.061063
72,402,4640,25760,1,center,30.924,-1.076,4.000,16904.867,20147.211,70822.073,-0.312121,-0.949518,0.031556
72,413,4640,26464,1,block_,28.372,-3.628,4.000,16381.025,20468.455,70600.671,-0.697697,-0.698277,0.160088
72,414,4640,26528,1,center,25.105,-6.895,4.000,16337.312,20503.090,70579.574,-0.645583,-0.733294,0.213312
72,415,4640,26592,1,center,20.257,-11.743,4.000,16292.715,20537.131,70558.939,-0.671029,-0.715052,0.196013
72,416,4640,26656,1,center,20.338,-11.662,3.984,16249.894,20573.227,70537.530,-0.699396,-0.699822,0.145238
72,417,4640,26720,1,block_,26.366,-5.634,4.000,16209.066,20611.567,70515.632,-0.729546,-0.672104,0.126645
72,420,4640,26912,1,block_,30.565,-1.435,4.000,16108.731,20747.028,70450.980,-0.880772,-0.417586,0.223301
72,421,4640,26976,1,center,29.942,-2.058,4.000,16080.199,20796.861,70429.610,-0.884207,-0.400705,0.240027
72,422,4640,27040,1,center,33.736,1.736,3.984,16052.613,20846.833,70408.202,-0.879290,-0.431655,0.201302
72,423,4640,27104,1,center,34.669,2.669,2.000,16023.629,20895.582,70387.547,-0.861627,-0.499797,0.088327
72,424,4640,27168,1,center,36.069,4.069,2.016,15996.080,20944.922,70366.716,-0.915444,-0.402446,0.000250
72,425,4640,27232,1,center,34.659,2.659,4.000,15973.720,20996.476,70346.010,-0.886566,-0.459402,0.054318
72,426,4640,27296,1,center,34.829,2.829,4.000,15946.613,21045.822,70325.348,-0.885796,-0.456703,0.082390
72,427,4640,27360,1,block_,30.942,-1.058,4.000,15921.145,21096.425,70304.629,-0.912277,-0.406575,0.049464
72,428,4640,27424,1,block_,30.203,-1.797,4.000,15897.310,21148.080,70283.994,-0.922184,-0.386121,0.022097
72,435,4640,27872,1,center,27.436,-4.564,3.984,15796.396,21534.008,70144.032,-0.980599,-0.176328,0.085642
72,436,4640,27936,1,center,26.867,-5.133,2.031,15785.165,21590.668,70125.337,-0.989143,-0.072374,0.127898
72,437,4640,28000,1,center,25.788,-6.212,4.000,15778.548,21648.125,70106.590,-0.993692,-0.086240,0.071688
72,438,4640,28064,1,center,27.004,-4.996,4.000,15772.724,21705.827,70088.128,-0.990522,-0.078086,0.113002
72,439,4640,28128,1,block_,27.401,-4.599,4.000,15766.671,21764.558,70070.163,-0.994571,-0.058757,0.085886
72,517,4640,33120,3,center,41.723,9.723,4.000,18729.831,20933.963,71011.464,0.909910,-0.290434,0.296161
72,518,4640,33184,3,center,39.396,7.396,3.984,18710.219,20881.660,71030.278,0.959562,-0.218061,0.178018
72,519,4640,33248,3,center,37.034,5.034,2.016,18695.136,20827.859,71050.716,0.957088,-0.204097,0.205735
72,520,4640,33312,3,center,37.032,5.032,2.016,18679.130,20774.202,71071.018,0.950434,-0.224523,0.215090
72,521,4640,33376,3,block_,36.893,4.893,2.391,18661.247,20721.355,71091.071,0.949543,-0.233467,0.209429
72,534,4640,34208,3,center,30.075,-1.925,4.000,18116.362,20304.461,71179.024,0.175922,-0.873324,0.454265
72,535,4640,34272,3,center,24.344,-7.656,4.016,18058.388,20290.319,71175.865,0.231981,-0.881589,0.411079
72,536,4640,34336,3,center,19.208,-12.792,4.000,18000.918,20274.193,71173.280,0.202309,-0.880692,0.428314
72,537,4640,34400,3,center,19.123,-12.877,4.000,17942.624,20261.952,71168.800,0.137933,-0.870745,0.471994
72,538,4640,34464,3,center,22.041,-9.959,4.000,17884.580,20251.416,71163.822,0.117478,-0.873001,0.473359
72,539,4640,34528,3,center,26.850,-5.150,4.000,17827.040,20240.513,71158.935,0.100055,-0.877584,0.468865
72,540,4640,34592,3,center,29.140,-2.860,3.984,17769.573,20231.091,71153.031,0.103467,-0.877357,0.468551
72,541,4640,34656,3,center,30.714,-1.286,2.016,17712.173,20221.676,71147.305,0.087479,-0.889069,0.449337
72,542,4640,34720,3,center,33.443,1.443,2.016,17654.786,20214.047,71140.985,0.057689,-0.919797,0.388130
72,543,4640,34784,3,center,39.262,7.262,2.031,17597.374,20208.682,71134.371,0.011292,-0.926469,0.376202
72,544,4640,34848,3,center,39.288,7.288,4.000,17540.334,20208.226,71125.755,-0.115240,-0.940447,0.319812
72,545,4640,34912,3,center,38.934,6.934,4.000,17483.748,20213.685,71115.234,-0.141967,-0.949274,0.280578
72,546,4640,34976,3,center,37.356,5.356,4.000,17426.869,20218.608,71104.905,-0.165519,-0.970720,0.174090
72,547,4640,35040,3,center,30.105,-1.895,4.000,17369.893,20225.893,71094.287,-0.089533,-0.978401,0.186323
72,548,4640,35104,3,center,28.332,-3.668,4.000,17312.291,20228.718,71083.783,-0.098315,-0.993912,0.049721
72,549,4640,35168,3,center,31.641,-0.359,4.016,17254.979,20235.851,71073.008,-0.149662,-0.988286,0.029865
72,550,4640,35232,3,center,33.288,1.288,5.984,17197.868,20243.551,71062.688,-0.156280,-0.979364,0.128153
72,551,4640,35296,3,center,33.252,1.252,3.984,17141.413,20251.933,71051.773,-0.190357,-0.974678,0.117336
72,552,4640,35360,3,center,30.079,-1.921,2.016,17085.456,20261.657,71039.725,-0.202739,-0.976942,0.066942
72,553,4640,35424,3,center,25.009,-6.991,2.016,17030.221,20274.362,71027.338,-0.313129,-0.945852,0.085526
72,554,4640,35488,3,center,30.157,-1.843,2.031,16975.708,20291.087,71014.287,-0.285458,-0.956024,0.067323
72,555,4640,35552,3,center,34.945,2.945,4.000,16921.488,20308.989,71001.108,-0.339255,-0.930990,0.134771
72,556,4640,35616,3,center,35.989,3.989,3.984,16866.848,20325.689,70987.976,-0.350878,-0.916263,0.193253
72,557,4640,35680,3,center,32.868,0.868,2.016,16813.115,20344.839,70974.094,-0.381482,-0.908254,0.171888
72,558,4640,35744,3,center,28.677,-3.323,2.000,16759.921,20365.251,70959.823,-0.403228,-0.896330,0.184388
72,559,4640,35808,3,center,22.269,-9.731,2.016,16707.045,20386.471,70945.205,-0.419543,-0.898243,0.130933
72,560,4640,35872,3,center,22.875,-9.125,3.984,16657.169,20413.459,70929.677,-0.554737,-0.829087,0.069870
72,561,4640,35936,3,center,26.354,-5.646,4.000,16608.302,20442.759,70914.067,-0.508321,-0.835634,0.208147
72,562,4640,36000,3,center,28.003,-3.997,4.000,16558.002,20469.953,70898.383,-0.541032,-0.810905,0.222976
72,563,4640,36064,3,block_,29.574,-2.426,4.000,16509.340,20499.522,70881.941,-0.587722,-0.785706,0.192998
73,305,4704,19552,2,block_,36.346,4.346,4.000,16612.374,22787.701,69944.601,0.110815,0.983178,-0.145190
73,306,4704,19616,2,block_,36.346,4.346,4.000,16673.097,22784.076,69952.255,0.058582,0.990255,-0.126348
73,307,4704,19680,2,block_,36.346,4.346,4.000,16733.723,22780.308,69960.144,0.077911,0.990166,-0.116191
73,308,4704,19744,2,center,36.314,4.314,4.000,16794.312,22777.084,69968.348,0.078325,0.986883,-0.141162
73,309,4704,19808,2,center,32.243,0.243,4.000,16854.738,22773.000,69976.947,0.075745,0.977648,-0.196133
73,310,4704,19872,2,center,31.140,-0.860,4.000,16915.209,22769.960,69985.100,0.082513,0.974173,-0.210185
73,311,4704,19936,2,center,34.305,2.305,4.000,16976.228,22766.591,69992.680,0.109058,0.968111,-0.225538
73,312,4704,20000,2,center,37.980,5.980,4.000,17037.071,22758.542,70001.957,0.184601,0.939712,-0.287862
73,313,4704,20064,2,center,46.760,14.760,4.000,17096.733,22744.839,70012.543,0.317938,0.917632,-0.238468
73,314,4704,20128,2,center,49.097,17.097,4.000,17155.133,22727.835,70024.185,0.301759,0.914660,-0.268957
73,315,4704,20192,2,center,41.676,9.676,3.969,17213.360,22710.981,70035.821,0.363316,0.864209,-0.348058
73,316,4704,20256,2,center,36.353,4.353,2.000,17268.514,22687.763,70049.380,0.487049,0.816548,-0.309891
73,317,4704,20320,2,center,36.338,4.338,2.016,17322.594,22663.088,70063.399,0.434685,0.839873,-0.325057
73,318,4704,20384,2,center,35.863,3.863,3.984,17378.779,22643.243,70075.916,0.330968,0.880019,-0.340626
73,319,4704,20448,2,block_,35.777,3.777,3.957,17436.183,22626.147,70087.407,0.364337,0.879009,-0.307575
73,320,4704,20512,2,block_,36.021,4.021,4.000,17492.294,22605.769,70100.087,0.380280,0.878807,-0.288245
73,328,4704,21024,2,center,36.346,4.346,4.000,17918.300,22398.785,70217.062,0.595946,0.631701,-0.495784
73,329,4704,21088,2,center,36.389,4.389,4.000,17967.381,22365.328,70234.550,0.611655,0.644995,-0.458104
73,330,4704,21152,2,center,41.518,9.518,4.000,18015.243,22330.685,70252.866,0.625964,0.644798,-0.438640
73,331,4704,21216,2,center,44.348,12.348,4.000,18064.254,22297.231,70270.316,0.633281,0.637414,-0.438930
73,332,4704,21280,2,center,42.220,10.220,4.000,18111.327,22262.104,70288.752,0.629644,0.690073,-0.356857
73,333,4704,21344,2,center,41.661,9.661,4.000,18160.352,22228.668,70305.708,0.616828,0.710467,-0.338763
73,334,4704,21408,2,center,39.289,7.289,4.000,18207.447,22193.345,70323.893,0.625119,0.721020,-0.298925
73,374,4704,23968,1,center,29.947,-2.053,4.000,18491.795,20250.843,71038.492,0.250112,-0.952856,0.171781
73,375,4704,24032,1,center,29.946,-2.054,4.000,18433.740,20236.737,71035.258,0.263328,-0.941225,0.211551
73,376,4704,24096,1,center,29.900,-2.100,3.984,18376.903,20216.618,71033.360,0.407029,-0.840999,0.356438
73,377,4704,24160,1,center,31.517,-0.483,2.000,18324.913,20186.009,71034.562,0.436951,-0.807557,0.396137
73,378,4704,24224,1,center,33.362,1.362,2.000,18271.415,20159.383,71033.592,0.434872,-0.803374,0.406787
73,379,4704,24288,1,center,33.385,1.385,2.016,18219.644,20130.315,71033.757,0.423461,-0.791590,0.440529
73,380,4704,24352,1,center,32.528,0.528,4.000,18166.801,20103.849,71032.614,0.373281,-0.818697,0.436344
73,381,4704,24416,1,center,32.618,0.618,4.031,18111.686,20082.034,71029.485,0.235040,-0.907606,0.347861
73,382,4704,24480,1,center,37.986,5.986,6.000,18053.934,20068.415,71023.067,0.082717,-0.926016,0.368309
73,383,4704,24544,1,center,36.103,4.103,5.984,17995.682,20061.815,71014.698,0.034259,-0.885597,0.463189
73,384,4704,24608,1,center,29.912,-2.088,4.000,17937.997,20054.756,71006.382,0.053339,-0.831853,0.552426
73,385,4704,24672,1,center,29.912,-2.088,4.000,17881.196,20044.845,70999.000,0.068183,-0.831195,0.551784
73,386,4704,24736,1,center,29.955,-2.045,4.000,17824.808,20036.406,70990.962,0.041831,-0.873120,0.485707
73,387,4704,24800,1,block_,30.291,-1.709,4.000,17768.703,20029.846,70982.108,-0.019855,-0.921808,0.387137
73,398,4704,25504,1,block_,29.835,-2.165,4.000,17145.532,20096.063,70823.712,-0.154545,-0.987954,0.007967
73,399,4704,25568,1,center,29.676,-2.324,4.000,17088.886,20107.328,70809.003,-0.204375,-0.978186,-0.037193
73,400,4704,25632,1,center,29.713,-2.287,4.000,17032.331,20118.897,70794.184,-0.190254,-0.981661,-0.012010
73,401,4704,25696,1,center,34.474,2.474,4.000,16976.023,20131.394,70779.510,-0.226556,-0.971834,0.064886
73,402,4704,25760,1,center,34.439,2.439,4.000,16918.844,20139.511,70765.082,-0.131001,-0.964363,0.229876
73,413,4704,26464,1,block_,29.821,-2.179,4.000,16389.496,20445.477,70546.293,-0.652563,-0.719548,0.237513
73,414,4704,26528,1,center,29.848,-2.152,4.000,16344.561,20479.196,70525.134,-0.672670,-0.719256,0.173742
73,415,4704,26592,1,center,21.696,-10.304,3.984,16303.823,20517.504,70503.445,-0.711018,-0.702807,0.022726
73,416,4704,26656,1,center,21.656,-10.344,2.031,16264.645,20557.395,70481.943,-0.681938,-0.726747,-0.082457
73,417,4704,26720,1,block_,23.032,-8.968,3.528,16224.170,20596.151,70460.119,-0.688646,-0.706681,-0.162386
73,421,4704,26976,1,block_,30.674,-1.326,4.000,16089.492,20778.153,70373.444,-0.849502,-0.499172,-0.170803
73,422,4704,27040,1,block_,31.319,-0.681,3.703,16062.952,20828.642,70352.208,-0.839684,-0.504676,-0.200581
73,423,4704,27104,1,center,33.585,1.585,2.016,16037.428,20879.235,70331.466,-0.818424,-0.530401,-0.221034
73,424,4704,27168,1,center,36.035,4.035,2.016,16013.163,20930.527,70311.098,-0.834542,-0.484551,-0.262204
73,425,4704,27232,1,center,33.559,1.559,3.984,15986.833,20980.151,70290.147,-0.822642,-0.563329,-0.076942
73,426,4704,27296,1,center,31.309,-0.691,3.985,15956.759,21027.725,70268.707,-0.847434,-0.526559,-0.067751
73,427,4704,27360,1,center,31.315,-0.685,4.016,15930.572,21078.051,70247.881,-0.882638,-0.456303,-0.112861
73,428,4704,27424,1,center,29.912,-2.088,4.000,15907.273,21129.955,70226.980,-0.910413,-0.407577,-0.070915
73,429,4704,27488,1,block_,30.180,-1.820,4.000,15883.748,21181.923,70206.240,-0.904211,-0.425734,-0.033952
73,435,4704,27872,1,center,29.893,-2.107,4.000,15794.991,21514.635,70087.203,-0.978799,-0.184657,-0.088627
73,436,4704,27936,1,center,27.437,-4.563,4.000,15787.446,21572.140,70068.507,-0.971469,-0.138750,-0.192345
73,437,4704,28000,1,center,27.022,-4.978,4.000,15783.143,21630.091,70049.604,-0.971532,-0.144763,-0.187535
73,438,4704,28064,1,center,26.795,-5.205,4.000,15779.161,21688.174,70031.281,-0.960669,-0.135234,-0.242542
73,439,4704,28128,1,block_,27.102,-4.898,4.000,15777.980,21747.002,70013.388,-0.937303,-0.046051,-0.345460
73,517,4704,33120,3,center,33.000,1.000,4.000,18741.695,20910.577,70959.160,0.864965,-0.193803,0.462899
73,518,4704,33184,3,center,39.409,7.409,4.000,18719.276,20858.757,70976.722,0.877431,-0.246881,0.411297
73,519,4704,33248,3,center,36.906,4.906,4.000,18699.540,20805.771,70995.685,0.935634,-0.202663,0.288992
73,520,4704,33312,3,center,36.868,4.868,4.000,18682.300,20752.262,71016.015,0.951034,-0.192393,0.241909
73,521,4704,33376,3,block_,36.667,4.667,4.000,18665.817,20698.926,71036.675,0.942889,-0.170636,0.286083
73,534,4704,34208,3,center,30.086,-1.914,4.031,18123.905,20287.329,71123.314,0.211419,-0.976782,0.034619
73,535,4704,34272,3,center,24.400,-7.600,5.984,18064.940,20275.260,71118.767,0.115291,-0.992162,0.048203
73,536,4704,34336,3,center,19.271,-12.729,4.000,18006.447,20263.417,71115.760,0.316506,-0.948568,0.006527
73,537,4704,34400,3,center,19.313,-12.687,4.000,17948.891,20247.259,71113.597,0.269929,-0.961558,0.050437
73,538,4704,34464,3,center,26.185,-5.815,4.000,17892.410,20231.708,71110.152,0.174981,-0.960418,0.216748
73,539,4704,34528,3,center,29.136,-2.864,4.000,17836.166,20215.932,71107.026,0.261425,-0.903583,0.339404
73,540,4704,34592,3,center,30.120,-1.880,4.000,17779.180,20202.359,71103.045,0.110047,-0.926381,0.360151
73,541,4704,34656,3,center,30.145,-1.855,4.000,17721.320,20193.893,71097.092,0.081923,-0.916966,0.390463
73,542,4704,34720,3,block_,33.275,1.275,3.375,17663.468,20185.351,71090.903,0.036002,-0.848653,0.527724
73,543,4704,34784,3,block_,35.785,3.785,3.234,17605.259,20182.095,71083.431,-0.034731,-0.878436,0.476597
73,544,4704,34848,3,block_,38.757,6.757,3.997,17547.884,20183.893,71073.818,-0.164038,-0.872373,0.460497
73,545,4704,34912,3,block_,38.052,6.052,4.000,17491.108,20190.575,71062.703,-0.171325,-0.877269,0.448383
73,546,4704,34976,3,block_,33.324,1.324,4.000,17433.833,20194.638,71053.360,-0.189781,-0.822422,0.536288
73,547,4704,35040,3,block_,30.045,-1.955,4.000,17376.638,20201.438,71042.254,-0.197844,-0.798928,0.567954
73,548,4704,35104,3,block_,29.722,-2.278,4.000,17319.360,20208.066,71032.098,-0.198545,-0.794743,0.573554
73,549,4704,35168,3,block_,31.515,-0.485,4.109,17262.114,20215.818,71020.898,-0.211399,-0.782900,0.585131
73,550,4704,35232,3,block_,31.969,-0.031,5.484,17204.798,20223.086,71009.636,-0.229264,-0.810480,0.539036
73,551,4704,35296,3,block_,30.997,-1.003,3.995,17148.584,20232.364,70998.515,-0.257532,-0.850975,0.457733
73,552,4704,35360,3,center,30.120,-1.880,4.000,17093.194,20243.169,70986.639,-0.343663,-0.820482,0.456842
73,553,4704,35424,3,block_,28.906,-3.094,3.328,17039.291,20259.603,70972.045,-0.356094,-0.833125,0.423202
73,554,4704,35488,3,center,30.157,-1.843,4.000,16984.190,20275.523,70958.907,-0.318120,-0.838295,0.442788
73,555,4704,35552,3,center,34.915,2.915,4.000,16929.175,20291.605,70946.234,-0.381872,-0.831629,0.403195
73,556,4704,35616,3,center,37.004,5.004,4.000,16875.239,20309.320,70932.363,-0.379266,-0.879374,0.287853
73,557,4704,35680,3,center,37.340,5.340,3.984,16821.858,20328.916,70918.264,-0.385772,-0.891991,0.235651
73,558,4704,35744,3,center,29.040,-2.960,2.016,16768.484,20348.765,70904.153,-0.408690,-0.884478,0.225102
73,559,4704,35808,3,center,27.979,-4.021,2.000,16716.393,20371.372,70889.385,-0.467849,-0.857602,0.213623
73,560,4704,35872,3,center,25.224,-6.776,2.031,16665.751,20397.194,70873.873,-0.477448,-0.824946,0.302502
73,561,4704,35936,3,center,26.405,-5.595,4.000,16612.933,20420.006,70859.719,-0.475532,-0.807745,0.348449
73,562,4704,36000,3,center,28.351,-3.649,4.000,16562.280,20446.768,70844.028,-0.554200,-0.784794,0.277417
73,563,4704,36064,3,block_,29.897,-2.103,4.000,16515.796,20479.369,70826.691,-0.648442,-0.746883,0.147268
74,308,4768,19744,2,block_,34.602,2.602,4.000,16801.959,22766.762,69908.473,0.102741,0.969814,-0.221144
74,309,4768,19808,2,center,30.583,-1.417,4.000,16862.292,22761.234,69917.433,0.135934,0.969297,-0.204901
74,310,4768,19872,2,center,30.612,-1.388,4.000,16921.617,22753.602,69926.924,0.253540,0.932977,-0.255484
74,311,4768,19936,2,center,34.320,2.320,4.000,16980.605,22742.047,69936.849,0.220236,0.842002,-0.492472
74,312,4768,20000,2,center,43.592,11.592,4.000,17040.985,22730.756,69946.516,0.219807,0.814310,-0.537200
74,313,4768,20064,2,center,48.051,16.051,4.000,17101.275,22720.064,69956.345,0.260876,0.859151,-0.440231
74,314,4768,20128,2,center,46.617,14.617,3.984,17158.818,22702.794,69968.644,0.365972,0.848349,-0.382582
74,315,4768,20192,2,center,41.652,9.652,2.016,17215.536,22683.362,69981.158,0.376610,0.855963,-0.354250
74,316,4768,20256,2,center,37.248,5.248,2.000,17271.733,22662.839,69993.683,0.401051,0.858254,-0.320246
74,317,4768,20320,2,center,35.898,3.898,2.000,17327.342,22641.450,70006.628,0.386591,0.894092,-0.226156
74,318,4768,20384,2,center,34.427,2.427,2.031,17383.898,22622.145,70018.980,0.342486,0.908980,-0.237613
74,319,4768,20448,2,center,34.434,2.434,4.000,17441.027,22604.305,70030.821,0.338562,0.903258,-0.263629
74,320,4768,20512,2,center,36.346,4.346,4.000,17497.903,22585.786,70042.755,0.351883,0.899158,-0.260180
74,321,4768,20576,2,block_,36.346,4.346,4.000,17554.592,22566.720,70054.877,0.358925,0.900917,-0.243969
74,322,4768,20640,2,block_,36.346,4.346,4.000,17610.976,22546.833,70067.400,0.386289,0.887249,-0.252131
74,328,4768,21024,2,center,36.349,4.349,4.000,17915.864,22367.555,70164.800,0.665002,0.716362,-0.211181
74,329,4768,21088,2,center,36.846,4.846,4.000,17963.312,22332.106,70182.485,0.598300,0.702089,-0.386144
74,330,4768,21152,2,center,41.520,9.520,4.000,18013.823,22300.284,70199.194,0.566613,0.697543,-0.438615
74,331,4768,21216,2,center,44.668,12.668,4.000,18064.203,22268.836,70215.850,0.580724,0.741654,-0.335722
74,332,4768,21280,2,center,44.649,12.649,4.000,18116.441,22240.325,70231.675,0.506143,0.818400,-0.272104
74,333,4768,21344,2,center,42.165,10.165,4.000,18167.924,22209.967,70248.425,0.585195,0.792013,-0.173960
74,334,4768,21408,2,center,39.311,7.311,4.000,18216.145,22175.555,70266.166,0.606178,0.792199,-0.070493
74,374,4768,23968,1,block_,34.403,2.403,3.998,18495.635,20244.198,70979.860,0.454135,-0.859276,0.235387
74,375,4768,24032,1,center,34.343,2.343,3.984,18443.433,20216.698,70980.796,0.397298,-0.766484,0.504635
74,376,4768,24096,1,center,26.705,-5.295,3.969,18390.547,20189.802,70981.176,0.382679,-0.729770,0.566561
74,377,4768,24160,1,center,26.267,-5.733,2.000,18337.938,20161.438,70981.748,0.407066,-0.730579,0.548226
74,378,4768,24224,1,center,28.710,-3.290,2.000,18285.903,20132.529,70982.649,0.415086,-0.691586,0.591112
74,379,4768,24288,1,center,32.535,0.535,2.031,18234.446,20103.149,70983.726,0.350958,-0.774378,0.526466
74,380,4768,24352,1,center,33.813,1.813,4.016,18179.164,20082.827,70978.649,0.261983,-0.907076,0.329512
74,381,4768,24416,1,center,39.792,7.792,5.984,18121.473,20067.726,70971.909,0.187414,-0.959618,0.209786
74,382,4768,24480,1,center,43.082,11.082,5.984,18062.223,20056.525,70965.280,0.194407,-0.960270,0.200219
74,383,4768,24544,1,center,41.985,9.985,5.969,18005.310,20039.156,70961.759,0.295177,-0.872386,0.389633
74,384,4768,24608,1,center,29.933,-2.067,4.000,17949.214,20023.152,70958.709,0.144557,-0.813431,0.563412
74,385,4768,24672,1,center,29.955,-2.045,4.000,17892.560,20011.290,70953.151,0.076583,-0.762883,0.641985
74,386,4768,24736,1,center,33.063,1.063,4.000,17835.814,20003.780,70944.714,-0.043698,-0.783382,0.620002
74,387,4768,24800,1,block_,32.368,0.368,4.000,17779.048,20000.333,70934.143,-0.075120,-0.820334,0.566929
74,398,4768,25504,1,block_,33.570,1.570,4.000,17159.794,20092.546,70765.937,-0.171660,-0.977690,0.121063
74,399,4768,25568,1,center,33.541,1.541,4.000,17102.639,20101.365,70751.388,-0.188376,-0.973066,0.132879
74,400,4768,25632,1,center,33.476,1.476,4.000,17045.435,20109.912,70737.251,-0.194096,-0.953014,0.232573
74,401,4768,25696,1,center,35.287,3.287,4.000,16987.759,20113.933,70724.400,-0.150790,-0.926846,0.343830
74,402,4768,25760,1,center,35.227,3.227,4.000,16930.351,20118.533,70710.806,-0.123612,-0.912488,0.389982
74,413,4768,26464,1,block_,29.912,-2.088,4.000,16399.411,20423.591,70491.499,-0.700818,-0.712919,-0.024513
74,414,4768,26528,1,center,29.912,-2.088,4.000,16361.246,20464.773,70469.647,-0.654162,-0.737144,-0.169385
74,415,4768,26592,1,center,29.859,-2.141,4.000,16324.143,20507.112,70448.300,-0.671920,-0.695960,-0.253305
74,416,4768,26656,1,center,23.197,-8.803,3.984,16287.026,20549.385,70426.892,-0.661695,-0.708538,-0.245223
74,417,4768,26720,1,block_,23.414,-8.586,3.907,16248.787,20590.421,70405.284,-0.643997,-0.738938,-0.198085
74,423,4768,27104,1,block_,32.445,0.445,2.721,16063.955,20870.688,70277.950,-0.793970,-0.546052,-0.267281
74,424,4768,27168,1,center,32.676,0.676,2.016,16033.683,20918.064,70256.304,-0.809499,-0.577218,-0.107383
74,425,4768,27232,1,center,31.298,-0.702,2.016,16002.544,20964.666,70234.358,-0.820216,-0.556401,-0.132908
74,426,4768,27296,1,center,31.263,-0.737,2.031,15975.685,21014.249,70213.092,-0.833777,-0.514118,-0.201242
74,427,4768,27360,1,center,33.373,1.373,5.969,15949.689,21064.576,70191.980,-0.834276,-0.517553,-0.190058
74,428,4768,27424,1,center,29.920,-2.080,4.000,15923.548,21114.939,70170.629,-0.841293,-0.508736,-0.182793
74,429,4768,27488,1,center,30.953,-1.047,4.016,15898.083,21165.916,70149.468,-0.856698,-0.476965,-0.196399
74,430,4768,27552,1,center,29.912,-2.088,4.000,15876.255,21218.998,70129.089,-0.875235,-0.418760,-0.242083
74,431,4768,27616,1,block_,29.912,-2.088,4.000,15856.328,21272.705,70108.579,-0.913892,-0.393467,-0.099930
74,435,4768,27872,1,center,29.912,-2.088,4.000,15808.995,21497.917,70030.599,-0.973203,-0.145708,-0.177891
74,436,4768,27936,1,center,29.912,-2.088,4.000,15804.147,21555.656,70012.187,-0.961594,-0.151643,-0.228782
74,437,4768,28000,1,center,29.942,-2.058,4.000,15802.015,21613.720,69994.286,-0.955252,-0.118126,-0.271181
74,438,4768,28064,1,center,29.917,-2.083,4.000,15799.478,21671.791,69976.125,-0.941414,-0.125729,-0.312942
74,439,4768,28128,1,block_,29.700,-2.300,4.000,15799.990,21730.125,69958.606,-0.933443,-0.018269,-0.358261
74,517,4768,33120,3,center,37.587,5.587,4.000,18766.907,20884.625,70912.231,0.845774,-0.235353,0.478826
74,518,4768,33184,3,center,41.181,9.181,4.016,18740.547,20832.947,70927.420,0.822573,-0.226194,0.521738
74,519,4768,33248,3,center,37.550,5.550,4.016,18718.514,20780.441,70945.365,0.877969,-0.184014,0.441937
74,520,4768,33312,3,center,37.029,5.029,4.000,18699.514,20727.325,70964.948,0.911659,-0.130923,0.389534
74,521,4768,33376,3,block_,36.504,4.504,4.000,18684.141,20673.785,70986.336,0.924409,-0.134744,0.356809
74,534,4768,34208,3,center,31.477,-0.523,5.984,18128.011,20288.507,71063.653,0.215946,-0.965393,0.146229
74,535,4768,34272,3,center,31.422,-0.578,5.969,18068.337,20278.613,71058.856,0.224760,-0.952619,0.204941
74,536,4768,34336,3,center,27.142,-4.858,4.000,18009.499,20261.742,71055.827,0.330135,-0.891333,0.310702
74,537,4768,34400,3,center,25.703,-6.297,4.000,17955.034,20237.573,71056.613,0.271242,-0.888599,0.369891
74,538,4768,34464,3,center,28.698,-3.302,4.000,17899.575,20218.517,71053.760,0.277668,-0.915738,0.290388
74,539,4768,34528,3,block_,28.874,-3.126,4.000,17843.594,20201.680,71050.616,0.228917,-0.937271,0.262906
74,555,4768,35552,3,block_,33.059,1.059,4.000,16932.565,20262.682,70895.748,-0.403822,-0.875174,0.266457
74,556,4768,35616,3,center,37.596,5.596,4.000,16879.585,20283.544,70880.157,-0.436715,-0.846082,0.305655
74,557,4768,35680,3,center,38.131,6.131,4.000,16827.355,20305.812,70864.676,-0.447263,-0.833398,0.324659
74,558,4768,35744,3,center,37.330,5.330,3.984,16775.393,20328.677,70849.393,-0.471259,-0.834785,0.284691
74,559,4768,35808,3,center,28.769,-3.231,2.031,16723.374,20351.664,70834.354,-0.423169,-0.854073,0.302470
74,560,4768,35872,3,center,28.351,-3.649,4.000,16669.420,20371.734,70820.530,-0.406373,-0.861775,0.303652
74,561,4768,35936,3,center,32.521,0.521,4.000,16617.894,20396.796,70805.173,-0.546660,-0.813283,0.199333
74,562,4768,36000,3,center,32.510,0.510,4.000,16569.450,20427.096,70788.224,-0.599606,-0.788629,0.136148
74,563,4768,36064,3,center,30.147,-1.853,3.984,16524.547,20461.913,70770.354,-0.638009,-0.749079,0.178395
74,564,4768,36128,3,block_,30.846,-1.154,3.109,16478.539,20495.471,70752.884,-0.658537,-0.730784,0.179674
75,308,4832,19744,2,block_,34.396,2.396,4.000,16808.771,22745.866,69851.512,0.079307,0.914029,-0.397821
75,309,4832,19808,2,center,30.570,-1.430,4.000,16869.316,22742.904,69859.829,0.119346,0.931904,-0.342508
75,310,4832,19872,2,center,30.518,-1.482,3.984,16929.085,22737.304,69869.174,0.204463,0.948768,-0.240901
75,311,4832,19936,2,center,30.576,-1.424,3.984,16987.030,22722.404,69881.028,0.261517,0.963867,-0.050692
75,312,4832,20000,2,center,37.923,5.923,4.000,17045.333,22703.738,69892.916,0.314413,0.947848,-0.052233
75,313,4832,20064,2,center,46.576,14.576,4.000,17105.310,22693.402,69901.572,0.185232,0.928565,-0.321647
75,314,4832,20128,2,center,37.228,5.228,4.000,17163.708,22680.019,69912.252,0.308690,0.903153,-0.298371
75,315,4832,20192,2,center,37.705,5.705,3.984,17221.116,22663.415,69923.706,0.357075,0.906883,-0.223743
75,316,4832,20256,2,center,40.756,8.756,2.016,17277.960,22644.802,69935.796,0.290183,0.935521,-0.201478
75,317,4832,20320,2,center,40.728,8.728,2.031,17334.750,22626.152,69947.976,0.414918,0.879648,-0.232514
75,318,4832,20384,2,center,35.867,3.867,4.000,17390.424,22604.697,69960.845,0.383892,0.882865,-0.270509
75,319,4832,20448,2,center,34.878,2.878,4.000,17446.660,22584.698,69973.262,0.366145,0.871747,-0.325569
75,320,4832,20512,2,center,36.346,4.346,4.000,17503.058,22564.955,69985.568,0.380483,0.857341,-0.346697
75,321,4832,20576,2,center,36.346,4.346,4.000,17560.075,22546.497,69997.620,0.341129,0.870819,-0.353984
75,322,4832,20640,2,center,36.346,4.346,4.000,17616.728,22526.880,70009.883,0.415209,0.854739,-0.311485
75,323,4832,20704,2,block_,36.346,4.346,4.000,17671.410,22502.964,70023.760,0.484209,0.820033,-0.305104
75,328,4832,21024,2,center,36.353,4.353,4.000,17925.164,22349.731,70106.471,0.666716,0.718883,-0.196717
75,329,4832,21088,2,center,37.263,5.263,4.000,17970.277,22311.346,70125.318,0.686570,0.706732,-0.170737
75,330,4832,21152,2,center,41.564,9.564,4.000,18015.302,22273.096,70144.220,0.668696,0.708759,-0.224737
75,331,4832,21216,2,center,49.325,17.325,4.000,18064.568,22240.160,70161.270,0.559176,0.737247,-0.379196
75,332,4832,21280,2,center,49.315,17.315,4.000,18116.135,22209.923,70178.206,0.526904,0.735274,-0.426315
75,333,4832,21344,2,center,44.651,12.651,4.000,18169.683,22182.411,70193.640,0.502685,0.760677,-0.410705
75,334,4832,21408,2,block_,42.522,10.522,4.000,18221.747,22153.587,70209.565,0.569675,0.750387,-0.335244
75,374,4832,23968,1,center,36.352,4.352,3.984,18503.857,20226.327,70923.719,0.490276,-0.691967,0.529916
75,375,4832,24032,1,center,36.264,4.264,2.016,18457.973,20188.370,70930.755,0.539822,-0.668456,0.511623
75,376,4832,24096,1,center,25.023,-6.977,2.016,18406.654,20158.278,70933.014,0.394352,-0.739800,0.545144
75,377,4832,24160,1,center,25.033,-6.967,2.016,18354.017,20130.533,70933.512,0.429726,-0.683494,0.590061
75,378,4832,24224,1,center,26.341,-5.659,2.031,18302.854,20101.137,70935.714,0.323501,-0.742367,0.586718
75,379,4832,24288,1,center,33.456,1.456,4.000,18247.791,20080.577,70931.027,0.210192,-0.849581,0.483767
75,380,4832,24352,1,center,39.744,7.744,4.000,18190.224,20068.074,70922.401,0.098540,-0.859747,0.501125
75,381,4832,24416,1,center,40.167,8.167,4.000,18131.759,20053.715,70915.055,0.140688,-0.780382,0.609271
75,382,4832,24480,1,center,40.810,8.810,4.000,18073.124,20035.035,70911.214,0.241914,-0.672228,0.699705
75,383,4832,24544,1,center,36.128,4.128,4.000,18016.069,20012.648,70910.954,0.273484,-0.654807,0.704581
75,384,4832,24608,1,center,30.286,-1.714,4.000,17960.543,19991.093,70911.424,0.253755,-0.695508,0.672218
75,385,4832,24672,1,center,29.933,-2.067,4.000,17904.354,19974.539,70909.373,0.093861,-0.777058,0.622391
75,386,4832,24736,1,block_,30.675,-1.325,4.000,17846.797,19967.624,70900.298,-0.094934,-0.824076,0.558468
75,398,4832,25504,1,block_,35.428,3.428,4.000,17171.386,20075.110,70710.790,-0.228836,-0.863431,0.449580
75,399,4832,25568,1,center,37.746,5.746,4.000,17113.671,20081.784,70696.878,-0.186266,-0.872443,0.451827
75,400,4832,25632,1,center,35.289,3.289,4.016,17055.790,20086.791,70683.763,-0.162626,-0.874882,0.456217
75,401,4832,25696,1,center,39.584,7.584,4.000,16997.863,20088.554,70672.063,-0.119106,-0.877781,0.464020
75,402,4832,25760,1,center,37.227,5.227,4.000,16941.578,20095.246,70658.291,-0.313761,-0.921063,0.230643
75,413,4832,26464,1,block_,29.912,-2.088,4.000,16421.079,20414.725,70435.925,-0.710610,-0.675667,-0.196233
75,414,4832,26528,1,center,29.912,-2.088,4.000,16387.109,20460.057,70415.537,-0.721507,-0.644295,-0.253598
75,415,4832,26592,1,center,29.854,-2.146,3.984,16350.948,20503.470,70394.415,-0.660682,-0.730749,-0.171771
75,416,4832,26656,1,center,22.503,-9.497,2.031,16311.744,20543.724,70372.443,-0.658620,-0.744218,-0.111169
75,417,4832,26720,1,center,23.648,-8.352,4.000,16270.082,20580.806,70350.288,-0.655546,-0.753469,-0.050435
75,425,4832,27232,1,block_,30.483,-1.517,2.827,16022.827,20952.075,70179.257,-0.838727,-0.510601,-0.189272
75,426,4832,27296,1,center,29.912,-2.088,2.031,15997.874,21002.657,70158.206,-0.818166,-0.519870,-0.245641
75,427,4832,27360,1,center,29.912,-2.088,4.000,15971.979,21052.943,70136.989,-0.813704,-0.521361,-0.257038
75,428,4832,27424,1,center,29.912,-2.088,4.016,15946.592,21103.664,70115.869,-0.800385,-0.527932,-0.284025
75,429,4832,27488,1,center,29.912,-2.088,5.969,15922.452,21155.165,70094.970,-0.813987,-0.494223,-0.305235
75,430,4832,27552,1,center,29.892,-2.108,4.000,15897.729,21206.249,70073.788,-0.832902,-0.512774,-0.208175
75,431,4832,27616,1,center,29.912,-2.088,4.000,15871.753,21256.697,70051.926,-0.861584,-0.464620,-0.204453
75,432,4832,27680,1,block_,29.912,-2.088,4.000,15852.351,21310.643,70031.106,-0.908875,-0.351383,-0.224670
75,433,4832,27744,1,block_,29.912,-2.088,4.000,15838.533,21366.718,70011.478,-0.930189,-0.254666,-0.264374
75,435,4832,27872,1,center,29.891,-2.109,4.000,15821.575,21481.067,69973.743,-0.958525,-0.198111,-0.204896
75,436,4832,27936,1,center,29.942,-2.058,4.000,15816.949,21538.828,69955.303,-0.980420,-0.077296,-0.181111
75,437,4832,28000,1,center,33.747,1.747,4.000,15817.627,21597.013,69938.109,-0.958945,-0.113185,-0.260028
75,438,4832,28064,1,center,30.646,-1.354,4.000,15817.506,21655.090,69920.590,-0.950466,-0.045503,-0.307481
75,439,4832,28128,1,block_,30.155,-1.845,4.000,15820.569,21713.330,69903.833,-0.940131,-0.052290,-0.336777
75,517,4832,33120,3,block_,38.158,6.158,4.423,18782.506,20860.557,70859.577,0.923149,-0.211845,0.320807
75,518,4832,33184,3,center,41.124,9.124,5.984,18760.650,20807.642,70877.302,0.880033,-0.197706,0.431804
75,519,4832,33248,3,center,36.882,4.882,5.969,18739.099,20754.744,70895.471,0.830362,-0.200967,0.519722
75,520,4832,33312,3,center,36.865,4.865,4.000,18717.323,20701.960,70913.918,0.861019,-0.149280,0.486171
75,521,4832,33376,3,center,34.530,2.530,4.000,18698.294,20648.922,70934.063,0.896897,-0.135350,0.421018
75,534,4832,34208,3,center,30.098,-1.902,4.000,18136.133,20269.138,71008.134,0.180144,-0.825240,0.535283
75,535,4832,34272,3,center,27.393,-4.607,4.000,18079.113,20250.122,71007.858,0.282272,-0.775521,0.564704
75,536,4832,34336,3,center,27.118,-4.882,4.000,18021.914,20231.496,71006.407,0.205417,-0.847127,0.490081
75,537,4832,34400,3,center,28.687,-3.313,4.000,17964.637,20216.466,71002.368,0.218332,-0.904221,0.367035
75,538,4832,34464,3,block_,29.567,-2.433,4.000,17908.008,20201.210,70998.381,0.218664,-0.917757,0.331525
75,555,4832,35552,3,block_,29.957,-2.043,4.000,16942.086,20245.994,70839.949,-0.413597,-0.863603,0.288317
75,556,4832,35616,3,center,30.165,-1.835,4.000,16888.212,20265.666,70824.853,-0.363331,-0.881929,0.300320
75,557,4832,35680,3,center,38.025,6.025,4.000,16834.041,20284.417,70810.284,-0.391084,-0.864615,0.315428
75,558,4832,35744,3,center,36.985,4.985,4.000,16781.657,20306.851,70794.926,-0.505305,-0.815552,0.282031
75,559,4832,35808,3,center,33.650,1.650,4.000,16729.465,20329.897,70779.750,-0.414897,-0.861720,0.292060
75,560,4832,35872,3,center,30.143,-1.857,4.000,16677.409,20353.549,70764.800,-0.493880,-0.848176,0.191519
75,561,4832,35936,3,center,33.123,1.123,4.000,16627.819,20381.459,70748.673,-0.552593,-0.823517,0.128297
75,562,4832,36000,3,center,34.079,2.079,3.984,16580.070,20412.286,70731.723,-0.573812,-0.812208,0.105152
75,563,4832,36064,3,center,33.594,1.594,2.000,16532.649,20443.732,70714.322,-0.617640,-0.780951,0.092929
75,564,4832,36128,3,block_,32.046,0.046,2.000,16491.429,20482.920,70696.485,-0.673615,-0.733117,-0.093712
76,308,4896,19744,2,center,34.414,2.414,4.000,16815.244,22721.837,69795.011,0.076745,0.929773,-0.360044
76,309,4896,19808,2,center,29.021,-2.979,3.984,16876.445,22720.445,69803.099,0.038069,0.939478,-0.340487
76,310,4896,19872,2,center,28.979,-3.021,2.016,16937.340,22723.309,69810.661,0.033699,0.984179,-0.173945
76,311,4896,19936,2,center,29.101,-2.899,2.016,16997.934,22717.643,69820.327,0.167549,0.980459,-0.103092
76,312,4896,20000,2,center,36.346,4.346,4.000,17056.672,22702.441,69831.679,0.352669,0.935250,-0.030537
76,313,4896,20064,2,block_,37.846,5.846,4.000,17113.158,22680.418,69842.988,0.367504,0.928518,-0.052875
76,315,4896,20192,2,block_,36.980,4.980,4.000,17227.585,22645.285,69865.775,0.257557,0.928779,-0.266520
76,316,4896,20256,2,block_,38.646,6.646,3.074,17284.427,22627.034,69877.825,0.414582,0.864459,-0.284309
76,317,4896,20320,2,block_,38.383,6.383,3.391,17339.442,22604.308,69891.303,0.413122,0.857737,-0.305969
76,318,4896,20384,2,center,36.334,4.334,4.000,17394.985,22582.650,69904.218,0.414167,0.858089,-0.303560
76,319,4896,20448,2,center,34.890,2.890,4.000,17450.656,22561.190,69917.213,0.404671,0.866259,-0.292981
76,320,4896,20512,2,center,36.346,4.346,4.000,17506.997,22541.211,69929.609,0.339685,0.892268,-0.297443
76,321,4896,20576,2,center,36.346,4.346,4.000,17563.565,22521.734,69941.853,0.397021,0.871692,-0.287277
76,322,4896,20640,2,center,36.351,4.351,3.984,17619.602,22500.903,69954.481,0.405933,0.833904,-0.373929
76,323,4896,20704,2,center,36.419,4.419,3.984,17674.635,22477.990,69968.015,0.461556,0.836586,-0.295109
76,324,4896,20768,2,center,38.985,6.985,3.984,17728.202,22452.204,69982.705,0.480465,0.842554,-0.243426
76,325,4896,20832,2,block_,41.201,9.201,3.450,17780.704,22424.358,69998.186,0.530252,0.818398,-0.221491
76,326,4896,20896,2,block_,40.286,8.286,3.620,17831.128,22393.336,70014.778,0.561801,0.759466,-0.328012
76,328,4896,21024,2,center,36.353,4.353,4.000,17927.114,22324.148,70050.230,0.687324,0.670579,-0.279123
76,329,4896,21088,2,center,37.263,5.263,4.000,17971.141,22284.876,70069.230,0.701891,0.667111,-0.249624
76,330,4896,21152,2,center,42.442,10.442,4.000,18018.846,22249.245,70087.252,0.616074,0.750377,-0.239556
76,331,4896,21216,2,center,49.693,17.693,4.000,18066.947,22213.749,70104.938,0.578434,0.761893,-0.291433
76,332,4896,21280,2,center,53.024,21.024,4.000,18119.815,22184.846,70121.425,0.538022,0.806089,-0.246480
76,333,4896,21344,2,center,49.585,17.585,4.000,18172.247,22155.834,70137.756,0.501559,0.823724,-0.264421
76,334,4896,21408,2,block_,42.301,10.301,4.000,18225.738,22129.333,70153.358,0.492987,0.828518,-0.265559
76,374,4896,23968,1,block_,36.352,4.352,3.995,18524.488,20190.763,70879.574,0.421362,-0.644583,0.637939
76,375,4896,24032,1,center,36.276,4.276,4.000,18473.063,20159.625,70880.833,0.431329,-0.672642,0.601255
76,376,4896,24096,1,center,25.046,-6.954,4.000,18422.524,20127.687,70884.398,0.461549,-0.645714,0.608298
76,377,4896,24160,1,center,25.123,-6.877,4.000,18371.180,20097.208,70887.146,0.376211,-0.687812,0.620790
76,378,4896,24224,1,block_,29.007,-2.993,3.662,18317.777,20070.574,70887.289,0.354862,-0.738518,0.573292
76,379,4896,24288,1,block_,34.405,2.405,4.000,18263.207,20047.430,70885.202,0.191688,-0.723174,0.663533
76,380,4896,24352,1,center,36.934,4.934,4.000,18206.669,20028.064,70881.198,0.206372,-0.618572,0.758142
76,381,4896,24416,1,center,39.668,7.668,4.000,18149.363,20007.590,70878.485,0.156609,-0.546341,0.822791
76,382,4896,24480,1,center,37.347,5.347,4.000,18091.320,19986.377,70877.384,0.163891,-0.490641,0.855810
76,383,4896,24544,1,center,29.912,-2.088,4.000,18032.940,19966.452,70875.289,0.099304,-0.555227,0.825749
76,384,4896,24608,1,block_,30.087,-1.913,4.000,17974.548,19950.498,70870.537,0.129531,-0.679927,0.721749
76,385,4896,24672,1,block_,29.962,-2.038,4.000,17916.487,19939.595,70863.300,-0.042179,-0.813155,0.580517
76,398,4896,25504,1,block_,36.062,4.062,4.000,17178.357,20039.702,70663.114,-0.253786,-0.801288,0.541784
76,399,4896,25568,1,center,37.748,5.748,4.016,17121.322,20048.749,70647.920,-0.284659,-0.787272,0.546966
76,400,4896,25632,1,center,35.479,3.479,5.969,17064.204,20056.018,70633.940,-0.214953,-0.843594,0.492081
76,401,4896,25696,1,center,39.574,7.574,4.000,17007.909,20063.504,70620.293,-0.276442,-0.905220,0.322735
76,402,4896,25760,1,center,35.952,3.952,4.000,16954.210,20079.212,70603.727,-0.358911,-0.899661,0.248582
76,413,4896,26464,1,block_,29.854,-2.146,4.000,16442.870,20406.327,70380.760,-0.734600,-0.652801,-0.184969
76,414,4896,26528,1,center,29.884,-2.116,4.000,16406.802,20449.326,70360.015,-0.717077,-0.695052,-0.051998
76,415,4896,26592,1,center,29.663,-2.337,4.000,16368.528,20490.411,70338.454,-0.713005,-0.700974,-0.016098
76,416,4896,26656,1,center,12.989,-19.011,4.000,16328.190,20529.258,70316.548,-0.687730,-0.725481,0.026554
76,417,4896,26720,1,center,23.568,-8.432,4.000,16287.140,20566.834,70294.575,-0.677529,-0.735380,-0.013026
76,427,4896,27360,1,block_,29.912,-2.088,4.000,15996.459,21042.548,70082.681,-0.830189,-0.486268,-0.272633
76,428,4896,27424,1,center,29.912,-2.088,4.000,15972.121,21093.838,70061.702,-0.823531,-0.501269,-0.265567
76,429,4896,27488,1,center,29.892,-2.108,4.000,15947.379,21144.947,70040.700,-0.833703,-0.525019,-0.171155
76,430,4896,27552,1,center,27.373,-4.627,4.000,15919.842,21194.041,70018.884,-0.818942,-0.541600,-0.189746
76,431,4896,27616,1,center,29.897,-2.103,4.000,15895.232,21244.650,69997.415,-0.853839,-0.471551,-0.220452
76,432,4896,27680,1,center,29.897,-2.103,4.000,15875.787,21297.798,69976.652,-0.877967,-0.391049,-0.276143
76,433,4896,27744,1,center,29.884,-2.116,4.000,15861.770,21353.062,69956.978,-0.907853,-0.288249,-0.304493
76,434,4896,27808,1,block_,27.536,-4.464,4.000,15849.340,21408.844,69937.406,-0.915950,-0.306139,-0.259451
76,435,4896,27872,1,center,27.190,-4.810,4.000,15840.219,21465.306,69918.154,-0.934640,-0.202287,-0.292450
76,436,4896,27936,1,center,29.974,-2.026,4.000,15835.873,21522.771,69900.051,-0.923308,-0.138254,-0.358313
76,437,4896,28000,1,center,37.803,5.803,4.016,15836.320,21580.663,69883.082,-0.949294,-0.088214,-0.301760
76,438,4896,28064,1,center,37.741,5.741,4.000,15836.675,21638.462,69865.790,-0.948775,-0.040960,-0.313286
76,517,4896,33120,3,block_,35.628,3.628,4.281,18797.658,20836.588,70806.310,0.890206,-0.162687,0.425519
76,518,4896,33184,3,center,34.482,2.482,4.000,18779.369,20782.410,70826.075,0.897930,-0.152655,0.412816
76,519,4896,33248,3,center,34.488,2.488,4.000,18761.331,20728.518,70846.464,0.899750,-0.134997,0.415001
76,520,4896,33312,3,center,34.560,2.560,4.000,18742.874,20674.921,70867.010,0.875391,-0.147632,0.460321
76,521,4896,33376,3,center,30.120,-1.880,4.000,18722.087,20622.066,70886.462,0.860374,-0.184730,0.475006
76,534,4896,34208,3,center,30.098,-1.902,4.000,18146.757,20236.818,70958.818,0.161620,-0.834799,0.526298
76,535,4896,34272,3,center,27.393,-4.607,4.000,18088.735,20223.651,70955.282,0.144104,-0.888973,0.434697
76,536,4896,34336,3,center,27.110,-4.890,4.000,18030.736,20210.455,70951.426,0.196737,-0.892717,0.405402
76,537,4896,34400,3,center,28.667,-3.333,4.000,17973.178,20197.865,70947.390,0.135801,-0.916093,0.377268
76,538,4896,34464,3,block_,29.522,-2.478,4.000,17915.930,20185.812,70942.575,0.176239,-0.942611,0.283592
76,555,4896,35552,3,center,30.086,-1.914,4.000,16946.635,20217.899,70788.156,-0.431495,-0.756769,0.491033
76,556,4896,35616,3,center,28.007,-3.993,4.000,16892.875,20238.448,70771.983,-0.398140,-0.773738,0.492762
76,557,4896,35680,3,center,32.561,0.561,4.000,16838.180,20257.495,70757.629,-0.410505,-0.778580,0.474656
76,558,4896,35744,3,center,32.674,0.674,4.000,16784.931,20279.679,70742.549,-0.476021,-0.733931,0.484510
76,559,4896,35808,3,block_,33.530,1.530,4.000,16732.946,20304.009,70726.697,-0.511443,-0.760047,0.400942
76,560,4896,35872,3,block_,31.327,-0.673,4.000,16683.785,20332.977,70709.659,-0.588124,-0.749588,0.303690
76,561,4896,35936,3,block_,33.779,1.779,4.000,16635.618,20363.232,70692.990,-0.603302,-0.766933,0.218725
76,562,4896,36000,3,center,35.505,3.505,3.984,16590.112,20396.516,70675.542,-0.619000,-0.773377,0.136846
76,563,4896,36064,3,center,35.523,3.523,2.000,16545.691,20431.305,70657.712,-0.684858,-0.728675,-0.001417
76,564,4896,36128,3,center,36.267,4.267,2.000,16507.591,20473.611,70639.255,-0.695773,-0.717921,0.022120
76,565,4896,36192,3,block_,35.843,3.843,2.000,16461.499,20507.470,70621.693,-0.604988,-0.785827,0.128318
77,308,4960,19744,2,center,36.331,4.331,4.000,16822.219,22703.887,69736.417,-0.012622,0.988969,-0.147585
77,309,4960,19808,2,center,34.414,2.414,4.000,16884.294,22703.843,69744.057,-0.007683,0.992111,-0.125130
77,310,4960,19872,2,center,29.047,-2.953,3.984,16945.700,22709.332,69751.097,-0.020498,0.969607,-0.243806
77,311,4960,19936,2,center,29.158,-2.842,2.031,17006.450,22705.588,69760.430,0.177153,0.970658,-0.162602
77,312,4960,20000,2,center,36.346,4.346,4.000,17066.118,22693.706,69771.133,0.274102,0.955529,-0.108772
77,319,4960,20448,2,block_,35.915,3.915,4.000,17455.658,22539.990,69860.022,0.382983,0.868817,-0.313817
77,320,4960,20512,2,center,36.346,4.346,4.000,17512.009,22519.907,69872.529,0.373108,0.870416,-0.321195
77,321,4960,20576,2,center,36.351,4.351,3.984,17569.036,22501.409,69884.573,0.365657,0.870519,-0.329382
77,322,4960,20640,2,center,37.079,5.079,2.016,17624.088,22478.557,69897.900,0.397256,0.875223,-0.275994
77,323,4960,20704,2,center,43.113,11.113,2.000,17680.084,22457.391,69910.808,0.435542,0.842574,-0.316816
77,324,4960,20768,2,center,46.085,14.085,2.000,17734.192,22432.056,69925.257,0.483658,0.812410,-0.325676
77,325,4960,20832,2,center,47.414,15.414,2.016,17787.013,22404.246,69940.330,0.553761,0.786549,-0.273293
77,326,4960,20896,2,center,38.947,6.947,4.000,17835.447,22370.259,69957.735,0.639773,0.741130,-0.203511
77,327,4960,20960,2,block_,36.612,4.612,4.000,17883.995,22336.399,69975.199,0.594439,0.775522,-0.212622
77,328,4960,21024,2,center,36.346,4.346,4.000,17932.090,22302.051,69992.841,0.630463,0.752841,-0.189070
77,329,4960,21088,2,center,36.393,4.393,4.000,17980.963,22268.621,70010.599,0.594697,0.796129,-0.111862
77,330,4960,21152,2,center,42.419,10.419,4.000,18027.960,22232.309,70028.335,0.597348,0.799945,-0.057118
77,331,4960,21216,2,center,50.132,18.132,4.000,18077.661,22199.308,70045.927,0.523496,0.850050,0.058023
77,332,4960,21280,2,center,52.986,20.986,3.984,18128.980,22167.850,70062.486,0.507576,0.860525,-0.043169
77,333,4960,21344,2,center,50.045,18.045,3.984,18181.660,22139.574,70078.878,0.490319,0.866581,-0.092868
77,334,4960,21408,2,block_,40.378,8.378,4.000,18234.816,22112.636,70095.069,0.462812,0.878792,-0.116315
77,374,4960,23968,1,block_,37.292,5.292,4.000,18540.659,20161.719,70829.344,0.467930,-0.730191,0.497859
77,375,4960,24032,1,center,37.822,5.822,4.000,18488.808,20130.417,70831.209,0.466502,-0.764911,0.444170
77,376,4960,24096,1,center,28.014,-3.986,4.000,18437.204,20098.883,70833.882,0.508712,-0.740955,0.438403
77,377,4960,24160,1,center,33.025,1.025,4.000,18385.881,20067.576,70837.177,0.432968,-0.733010,0.524629
77,378,4960,24224,1,block_,33.507,1.507,4.000,18333.137,20038.652,70838.995,0.384284,-0.712916,0.586581
77,398,4960,25504,1,center,35.421,3.421,4.000,17185.594,20005.356,70614.653,-0.264762,-0.809539,0.523973
77,399,4960,25568,1,center,37.712,5.712,4.000,17129.152,20016.764,70598.460,-0.297470,-0.839946,0.453875
77,400,4960,25632,1,center,35.447,3.447,4.000,17072.415,20026.571,70583.513,-0.270183,-0.843511,0.464210
77,401,4960,25696,1,center,39.524,7.524,4.000,17016.816,20038.597,70568.089,-0.332977,-0.835840,0.436462
77,402,4960,25760,1,center,35.928,3.928,4.000,16962.252,20053.391,70552.064,-0.410240,-0.804306,0.429878
77,413,4960,26464,1,block_,28.603,-3.397,4.000,16462.276,20395.681,70325.462,-0.696278,-0.716521,-0.042353
77,414,4960,26528,1,center,26.295,-5.705,4.000,16423.282,20435.586,70304.098,-0.713157,-0.700379,-0.029610
77,415,4960,26592,1,center,15.074,-16.926,4.000,16384.147,20475.480,70282.360,-0.684286,-0.729112,-0.012200
77,416,4960,26656,1,center,12.920,-19.080,4.000,16342.604,20512.889,70260.741,-0.691290,-0.722574,0.002048
77,417,4960,26720,1,center,13.541,-18.459,4.000,16303.195,20552.340,70239.098,-0.713198,-0.699445,-0.046099
77,428,4960,27424,1,block_,29.912,-2.088,4.000,15988.736,21078.800,70005.984,-0.870675,-0.491096,0.027378
77,429,4960,27488,1,block_,29.521,-2.479,4.000,15960.307,21127.639,69984.523,-0.888279,-0.458185,0.032055
77,430,4960,27552,1,center,28.048,-3.952,4.000,15935.346,21178.139,69963.115,-0.897366,-0.440455,-0.027091
77,431,4960,27616,1,center,28.048,-3.952,4.000,15913.010,21229.673,69941.886,-0.904783,-0.404794,-0.132323
77,432,4960,27680,1,center,28.050,-3.950,4.000,15895.514,21283.267,69921.557,-0.920392,-0.332514,-0.205702
77,433,4960,27744,1,center,29.113,-2.887,4.000,15881.847,21338.506,69901.985,-0.942889,-0.302865,-0.138686
77,434,4960,27808,1,center,26.811,-5.189,4.000,15867.143,21393.326,69882.089,-0.945960,-0.290525,-0.144067
77,435,4960,27872,1,center,26.833,-5.167,4.016,15859.808,21449.766,69863.585,-0.962269,-0.150108,-0.226948
77,436,4960,27936,1,center,30.017,-1.983,4.031,15854.471,21506.726,69845.252,-0.970583,-0.126821,-0.204657
77,437,4960,28000,1,center,38.023,6.023,5.984,15852.285,21564.063,69827.657,-0.982328,-0.046681,-0.181252
77,438,4960,28064,1,center,37.940,5.940,4.000,15854.254,21621.601,69810.696,-0.959568,0.020241,-0.280748
77,518,4960,33184,3,block_,33.741,1.741,4.000,18804.616,20756.027,70777.955,0.832571,-0.066329,0.549932
77,519,4960,33248,3,center,33.918,1.918,4.000,18786.467,20701.629,70798.841,0.808697,-0.096542,0.580249
77,520,4960,33312,3,center,33.889,1.889,4.000,18763.743,20648.370,70817.079,0.807961,-0.179560,0.561211
77,521,4960,33376,3,block_,31.555,-0.445,4.000,18740.355,20595.874,70835.675,0.860852,-0.203146,0.466546
77,534,4960,34208,3,center,30.098,-1.902,4.000,18156.467,20207.427,70907.848,0.103182,-0.852860,0.511843
77,535,4960,34272,3,center,27.393,-4.607,4.000,18098.190,20195.777,70903.584,0.139277,-0.838980,0.526037
77,536,4960,34336,3,center,26.158,-5.842,4.000,18040.080,20183.777,70899.321,0.135185,-0.854179,0.502099
77,537,4960,34400,3,center,26.189,-5.811,4.000,17982.130,20172.245,70895.030,0.138956,-0.865855,0.480611
77,538,4960,34464,3,block_,28.541,-3.459,4.000,17924.287,20163.052,70889.798,0.047018,-0.858035,0.511435
77,554,4960,35488,3,block_,29.133,-2.867,4.000,17005.676,20171.123,70751.422,-0.271036,-0.904412,0.329511
77,555,4960,35552,3,center,27.971,-4.029,4.000,16949.580,20186.720,70737.941,-0.361777,-0.857676,0.365388
77,556,4960,35616,3,center,27.019,-4.981,4.000,16893.879,20203.854,70723.309,-0.356394,-0.837587,0.414043
77,557,4960,35680,3,center,29.944,-2.056,3.984,16838.645,20223.237,70708.352,-0.464896,-0.815619,0.344438
77,558,4960,35744,3,center,30.120,-1.880,4.000,16786.303,20248.512,70691.916,-0.491192,-0.837270,0.240228
77,561,4960,35936,3,block_,31.683,-0.317,4.000,16642.187,20343.200,70637.805,-0.647314,-0.751267,0.128773
77,562,4960,36000,3,center,34.052,2.052,3.984,16598.459,20378.647,70619.739,-0.673440,-0.728723,0.124264
77,563,4960,36064,3,center,35.542,3.542,2.016,16556.017,20415.615,70601.500,-0.698246,-0.697183,0.162447
77,564,4960,36128,3,center,37.919,5.919,2.000,16514.494,20454.136,70583.005,-0.686084,-0.686108,0.241962
77,565,4960,36192,3,center,37.947,5.947,2.000,16469.454,20489.150,70565.398,-0.685480,-0.710544,0.158886
77,566,4960,36256,3,block_,37.899,5.899,2.000,16427.878,20527.702,70547.010,-0.689725,-0.720256,0.074230
78,308,5024,19744,2,center,36.346,4.346,4.000,16829.591,22706.554,69674.526,-0.088219,0.982885,0.161725
78,309,5024,19808,2,center,36.274,4.274,4.000,16892.080,22705.048,69681.783,0.028214,0.986591,0.160753
78,310,5024,19872,2,center,29.367,-2.633,4.000,16954.237,22705.693,69690.273,-0.002291,0.994135,0.108121
78,311,5024,19936,2,center,36.346,4.346,4.000,17016.067,22702.251,69699.560,0.084899,0.991662,0.096950
78,312,5024,20000,2,center,36.346,4.346,4.000,17077.233,22692.907,69710.284,0.209215,0.971216,0.113879
78,322,5024,20640,2,block_,38.502,6.502,2.923,17628.970,22457.144,69840.887,0.451965,0.851390,-0.266202
78,323,5024,20704,2,center,43.071,11.071,2.016,17683.054,22432.268,69855.013,0.458744,0.841187,-0.286284
78,324,5024,20768,2,center,47.446,15.446,2.000,17736.732,22406.513,69869.316,0.521398,0.799111,-0.299275
78,325,5024,20832,2,center,47.347,15.347,2.016,17789.256,22378.383,69884.313,0.543081,0.750128,-0.377320
78,326,5024,20896,2,center,38.927,6.927,4.000,17839.385,22346.585,69901.114,0.565009,0.750188,-0.343487
78,327,5024,20960,2,center,36.345,4.345,4.000,17889.408,22314.668,69917.659,0.600800,0.757500,-0.255407
78,328,5024,21024,2,center,36.312,4.312,4.000,17938.672,22281.603,69934.916,0.581376,0.791714,-0.187592
78,329,5024,21088,2,center,36.342,4.342,4.000,17989.223,22250.124,69952.150,0.552754,0.821637,-0.139197
78,330,5024,21152,2,center,38.969,6.969,4.000,18039.229,22218.062,69969.335,0.596643,0.790843,-0.136328
78,331,5024,21216,2,center,42.399,10.399,3.984,18088.892,22185.354,69986.667,0.542449,0.807596,-0.231380
78,332,5024,21280,2,center,47.470,15.470,2.000,18140.836,22155.483,70003.150,0.526222,0.838295,-0.142658
78,333,5024,21344,2,center,36.746,4.746,2.016,18193.395,22126.998,70019.463,0.491049,0.867094,-0.083775
78,334,5024,21408,2,block_,36.630,4.630,3.391,18245.635,22098.236,70035.909,0.510274,0.854690,-0.095528
78,374,5024,23968,1,block_,29.715,-2.285,4.001,18555.544,20134.259,70777.249,0.360732,-0.682059,0.636135
78,375,5024,24032,1,center,27.974,-4.026,4.016,18502.113,20104.292,70778.164,0.414465,-0.688725,0.594875
78,376,5024,24096,1,center,27.798,-4.202,4.000,18450.014,20072.750,70781.215,0.480407,-0.648894,0.590038
78,377,5024,24160,1,center,33.026,1.026,3.984,18400.170,20038.620,70786.249,0.505201,-0.673304,0.539846
78,378,5024,24224,1,block_,33.278,1.278,3.992,18348.326,20007.327,70789.561,0.409480,-0.692456,0.593995
78,398,5024,25504,1,center,29.937,-2.063,4.000,17192.448,19970.348,70566.428,-0.339673,-0.755062,0.560807
78,399,5024,25568,1,center,33.125,1.125,4.000,17135.683,19982.157,70550.217,-0.275934,-0.747920,0.603719
78,400,5024,25632,1,center,31.410,-0.590,4.000,17078.680,19992.781,70535.349,-0.330994,-0.795943,0.506870
78,401,5024,25696,1,center,33.148,1.148,4.000,17023.228,20006.890,70518.691,-0.365284,-0.821465,0.437907
78,402,5024,25760,1,block_,32.982,0.982,4.000,16969.113,20024.060,70501.152,-0.449065,-0.810286,0.376532
78,413,5024,26464,1,block_,28.157,-3.843,4.000,16478.329,20381.501,70269.888,-0.727050,-0.685318,0.041676
78,414,5024,26528,1,center,25.854,-6.146,4.000,16438.822,20420.726,70248.251,-0.726871,-0.686685,0.011056
78,415,5024,26592,1,center,25.784,-6.216,4.000,16400.560,20461.483,70226.475,-0.718670,-0.695340,0.004083
78,416,5024,26656,1,center,14.332,-17.668,4.000,16360.285,20500.372,70204.855,-0.687857,-0.725643,-0.017173
78,417,5024,26720,1,center,29.912,-2.088,4.000,16321.355,20540.369,70183.646,-0.729809,-0.683640,-0.003911
78,430,5024,27552,1,block_,29.075,-2.925,4.000,15947.969,21160.630,69906.971,-0.894652,-0.427590,-0.129478
78,431,5024,27616,1,center,29.906,-2.094,4.000,15927.858,21213.271,69886.184,-0.913426,-0.386242,-0.128335
78,432,5024,27680,1,center,29.137,-2.863,4.000,15908.053,21266.082,69865.485,-0.930303,-0.366641,-0.010540
78,433,5024,27744,1,center,29.116,-2.884,4.000,15889.448,21319.868,69845.079,-0.958845,-0.282203,-0.031278
78,434,5024,27808,1,center,26.418,-5.582,4.016,15877.801,21375.883,69825.523,-0.978673,-0.160290,-0.128478
78,435,5024,27872,1,center,26.096,-5.904,5.984,15872.771,21433.077,69807.360,-0.975257,-0.131001,-0.178080
78,436,5024,27936,1,center,35.259,3.259,6.000,15868.468,21490.187,69789.353,-0.965480,-0.163387,-0.202864
78,437,5024,28000,1,center,37.763,5.763,5.984,15864.241,21547.179,69771.200,-0.968542,-0.062859,-0.240782
78,438,5024,28064,1,center,35.156,3.156,4.000,15867.933,21604.714,69754.646,-0.975784,0.025650,-0.217225
78,534,5024,34208,3,center,30.106,-1.894,4.000,18166.483,20176.316,70857.981,0.094603,-0.814219,0.572798
78,535,5024,34272,3,center,28.325,-3.675,4.000,18108.076,20164.964,70853.511,0.112048,-0.833202,0.541498
78,536,5024,34336,3,center,26.196,-5.804,4.000,18049.553,20154.694,70848.352,0.099523,-0.840129,0.533178
78,537,5024,34400,3,center,26.220,-5.780,4.000,17991.166,20144.312,70843.633,0.105083,-0.835279,0.539692
78,538,5024,34464,3,block_,28.479,-3.521,4.000,17933.173,20132.952,70840.001,0.139465,-0.818026,0.558017
78,554,5024,35488,3,block_,29.199,-2.801,4.079,17015.138,20157.860,70694.310,-0.190740,-0.950424,0.245587
78,555,5024,35552,3,center,27.917,-4.083,4.016,16957.696,20166.522,70682.582,-0.311226,-0.923351,0.224858
78,556,5024,35616,3,center,24.031,-7.969,3.984,16903.773,20186.816,70667.396,-0.421652,-0.903261,0.079552
78,557,5024,35680,3,center,26.746,-5.254,2.031,16852.074,20212.895,70651.421,-0.459499,-0.888136,-0.008636
78,558,5024,35744,3,center,30.118,-1.882,4.000,16800.392,20238.564,70634.619,-0.461983,-0.886845,0.008780
78,561,5024,35936,3,block_,30.120,-1.880,4.000,16651.522,20326.532,70581.904,-0.560834,-0.817915,0.128376
78,562,5024,36000,3,center,30.168,-1.832,4.000,16606.875,20360.823,70564.096,-0.614005,-0.771662,0.165940
78,563,5024,36064,3,center,36.314,4.314,3.984,16560.273,20393.260,70546.536,-0.648711,-0.738740,0.182858
78,564,5024,36128,3,center,37.937,5.937,2.000,16516.297,20429.608,70528.463,-0.678071,-0.699934,0.224303
78,565,5024,36192,3,center,38.275,6.275,2.000,16473.367,20467.202,70510.097,-0.721014,-0.650632,0.238364
78,566,5024,36256,3,center,37.780,5.780,2.016,16431.904,20506.569,70491.749,-0.720965,-0.651600,0.235853
78,567,5024,36320,3,block_,34.935,2.935,3.109,16392.445,20547.713,70472.991,-0.749779,-0.615771,0.242193
79,308,5088,19744,2,center,36.328,4.328,4.000,16836.604,22718.399,69612.755,-0.039670,0.998859,0.026585
79,309,5088,19808,2,center,34.116,2.116,4.000,16900.094,22718.653,69620.230,0.057406,0.998244,-0.014581
79,310,5088,19872,2,center,31.275,-0.725,4.000,16962.904,22710.189,69628.199,0.142986,0.986931,-0.074313
79,311,5088,19936,2,center,36.264,4.264,4.000,17025.467,22702.451,69637.394,0.159984,0.973061,-0.166002
79,312,5088,20000,2,center,36.346,4.346,4.000,17088.746,22692.890,69647.352,0.193437,0.973079,-0.125299
79,324,5088,20768,2,block_,44.029,12.029,2.000,17741.348,22384.490,69812.136,0.546958,0.801809,-0.240706
79,325,5088,20832,2,center,38.927,6.927,2.031,17791.449,22352.791,69828.449,0.587431,0.772454,-0.241327
79,326,5088,20896,2,center,36.346,4.346,4.000,17841.579,22320.870,69845.060,0.562270,0.774614,-0.289527
79,327,5088,20960,2,center,36.293,4.293,4.000,17893.198,22290.820,69861.002,0.549210,0.762283,-0.342481
79,328,5088,21024,2,center,31.984,-0.016,4.000,17944.982,22260.782,69877.273,0.541019,0.764736,-0.349968
79,329,5088,21088,2,center,33.284,1.284,4.000,17996.430,22230.362,69894.089,0.560127,0.773420,-0.296781
79,330,5088,21152,2,center,36.365,4.365,4.000,18047.554,22199.991,69910.764,0.566155,0.806722,-0.169318
79,331,5088,21216,2,center,38.965,6.965,3.984,18098.369,22169.214,69927.651,0.493028,0.866709,-0.075754
79,332,5088,21280,2,center,41.854,9.854,2.016,18152.041,22142.634,69943.731,0.445186,0.888276,-0.113027
79,333,5088,21344,2,center,36.746,4.746,2.031,18206.158,22116.548,69959.522,0.485044,0.871408,-0.073358
79,334,5088,21408,2,block_,36.506,4.506,3.296,18258.662,22087.086,69976.246,0.536848,0.837196,-0.104388
79,374,5088,23968,1,block_,29.453,-2.547,4.420,18575.067,20098.088,70731.870,0.389149,-0.756469,0.525659
79,375,5088,24032,1,center,27.991,-4.009,5.969,18520.041,20070.043,70731.273,0.385714,-0.731328,0.562481
79,376,5088,24096,1,center,27.807,-4.193,3.984,18467.073,20040.329,70732.837,0.450596,-0.726156,0.519288
79,377,5088,24160,1,center,34.289,2.289,2.000,18414.471,20009.929,70734.933,0.481125,-0.723747,0.494681
79,378,5088,24224,1,block_,34.281,2.281,2.008,18364.251,19975.524,70740.140,0.499598,-0.707636,0.499653
79,398,5088,25504,1,center,29.911,-2.089,4.000,17198.393,19932.813,70519.264,-0.279881,-0.805703,0.522024
79,399,5088,25568,1,center,29.810,-2.190,3.984,17141.433,19945.591,70503.184,-0.375897,-0.842744,0.385337
79,400,5088,25632,1,center,26.919,-5.081,4.000,17086.917,19963.388,70484.202,-0.389635,-0.861762,0.324885
79,401,5088,25696,1,center,31.407,-0.593,4.000,17032.380,19980.709,70465.906,-0.375854,-0.867038,0.327076
79,402,5088,25760,1,block_,30.428,-1.572,4.000,16977.490,19997.427,70448.100,-0.395215,-0.828759,0.396186
79,413,5088,26464,1,block_,28.067,-3.933,4.000,16488.052,20361.103,70214.621,-0.759323,-0.627039,0.173926
79,414,5088,26528,1,center,23.187,-8.813,4.000,16449.585,20401.254,70192.787,-0.785816,-0.587615,0.192880
79,415,5088,26592,1,center,25.871,-6.129,4.000,16412.477,20442.983,70170.494,-0.756249,-0.609508,0.237882
79,416,5088,26656,1,center,25.449,-6.551,4.000,16372.277,20482.428,70148.960,-0.729902,-0.629896,0.265470
79,417,5088,26720,1,block_,28.820,-3.180,4.000,16330.863,20520.740,70128.384,-0.723832,-0.619051,0.304702
79,432,5088,27680,1,block_,29.647,-2.353,4.000,15922.578,21249.771,69809.986,-0.902196,-0.377523,-0.208613
79,433,5088,27744,1,center,29.906,-2.094,4.000,15906.152,21304.227,69789.454,-0.888572,-0.359985,-0.284343
79,434,5088,27808,1,center,29.143,-2.857,4.000,15893.611,21359.895,69769.728,-0.933384,-0.245127,-0.262119
79,435,5088,27872,1,center,29.954,-2.046,4.016,15885.168,21416.409,69751.046,-0.975294,-0.154734,-0.157670
79,436,5088,27936,1,center,35.240,3.240,5.984,15879.602,21473.326,69732.978,-0.985316,-0.149808,-0.081916
79,437,5088,28000,1,center,35.380,3.380,5.969,15875.502,21530.183,69714.953,-0.988687,-0.013218,-0.149407
79,438,5088,28064,1,center,29.912,-2.088,4.000,15879.317,21587.697,69698.192,-0.983887,0.002569,-0.178770
79,534,5088,34208,3,center,30.120,-1.880,4.000,18177.018,20141.160,70810.999,0.045971,-0.768423,0.638289
79,535,5088,34272,3,center,30.145,-1.855,4.000,18118.123,20132.178,70804.557,0.082904,-0.767284,0.635927
79,536,5088,34336,3,center,30.974,-1.026,4.000,18059.520,20120.681,70800.596,0.096869,-0.755779,0.647623
79,537,5088,34400,3,center,30.120,-1.880,4.000,18000.999,20109.635,70796.520,0.108151,-0.743597,0.659824
79,538,5088,34464,3,block_,29.613,-2.387,4.000,17942.748,20097.513,70793.575,0.137591,-0.740476,0.657848
79,554,5088,35488,3,center,30.072,-1.928,4.016,17023.019,20134.502,70640.292,-0.253596,-0.921608,0.293815
79,555,5088,35552,3,center,23.998,-8.002,5.969,16967.838,20150.870,70625.876,-0.398844,-0.902107,0.164701
79,556,5088,35616,3,center,19.599,-12.401,3.984,16915.333,20174.419,70610.231,-0.463064,-0.877789,0.122711
79,557,5088,35680,3,center,19.679,-12.321,4.000,16864.205,20200.681,70593.962,-0.502471,-0.855399,0.125757
79,558,5088,35744,3,center,29.913,-2.087,4.000,16812.980,20226.396,70577.455,-0.495531,-0.859689,0.124034
79,561,5088,35936,3,block_,30.088,-1.912,4.000,16660.414,20308.250,70526.383,-0.570996,-0.784760,0.241073
79,562,5088,36000,3,center,30.105,-1.895,4.000,16615.091,20342.351,70508.090,-0.659426,-0.739431,0.135646
79,563,5088,36064,3,center,31.865,-0.135,3.984,16571.065,20378.358,70489.977,-0.654200,-0.749706,0.099811
79,564,5088,36128,3,center,36.299,4.299,2.000,16525.331,20412.677,70472.041,-0.610184,-0.785551,0.102887
79,565,5088,36192,3,center,37.749,5.749,2.000,16481.425,20449.290,70453.740,-0.701300,-0.711875,0.037590
79,566,5088,36256,3,center,34.020,2.020,2.016,16441.722,20490.554,70435.376,-0.723297,-0.689840,0.031034
79,567,5088,36320,3,center,34.030,2.030,4.000,16400.364,20530.270,70416.806,-0.702928,-0.710855,-0.024021
79,568,5088,36384,3,block_,34.986,2.986,4.000,16361.763,20572.429,70398.325,-0.734922,-0.677935,-0.017142
80,308,5152,19744,2,center,36.306,4.306,4.000,16842.653,22702.586,69553.331,0.100638,0.866406,-0.489094
80,309,5152,19808,2,center,31.236,-0.764,4.000,16905.467,22698.956,69560.888,0.123765,0.850671,-0.510921
80,310,5152,19872,2,center,25.750,-6.250,4.000,16968.530,22692.257,69568.402,0.218739,0.820941,-0.527455
80,311,5152,19936,2,center,25.842,-6.158,4.000,17031.303,22682.034,69577.335,0.146502,0.837815,-0.525930
80,312,5152,20000,2,center,36.334,4.334,4.000,17094.520,22671.988,69586.575,0.309465,0.790375,-0.528715
80,326,5152,20896,2,block_,36.059,4.059,4.000,17848.156,22301.191,69786.936,0.569345,0.804957,-0.167004
80,327,5152,20960,2,center,33.979,1.979,4.000,17898.279,22268.636,69803.818,0.590155,0.794490,-0.143189
80,328,5152,21024,2,center,33.389,1.389,4.000,17947.892,22235.128,69820.988,0.533456,0.823178,-0.194429
80,329,5152,21088,2,center,33.283,1.283,4.000,18001.620,22207.737,69836.661,0.493405,0.844854,-0.206815
80,330,5152,21152,2,center,36.235,4.235,4.000,18055.103,22180.709,69852.416,0.485659,0.836126,-0.255008
80,331,5152,21216,2,center,36.283,4.283,4.000,18109.340,22155.201,69868.256,0.474950,0.864336,-0.165365
80,332,5152,21280,2,center,39.395,7.395,4.000,18160.520,22124.968,69885.283,0.570958,0.794388,-0.207255
80,333,5152,21344,2,center,36.806,4.806,4.000,18212.740,22095.923,69901.727,0.520061,0.780632,-0.346628
80,334,5152,21408,2,block_,36.541,4.541,3.883,18264.848,22065.836,69918.200,0.576632,0.758311,-0.304072
80,374,5152,23968,1,block_,29.972,-2.028,4.001,18586.278,20075.189,70675.245,0.492354,-0.780822,0.384584
80,375,5152,24032,1,center,30.173,-1.827,4.000,18532.125,20045.936,70676.498,0.451740,-0.806762,0.380875
80,376,5152,24096,1,center,27.771,-4.229,3.984,18478.795,20016.272,70678.279,0.489597,-0.774931,0.399720
80,377,5152,24160,1,center,35.167,3.167,2.016,18428.140,19982.683,70682.116,0.507403,-0.739392,0.442540
80,378,5152,24224,1,block_,35.165,3.165,2.016,18375.736,19951.159,70685.155,0.487053,-0.772758,0.406970
80,397,5152,25440,1,block_,27.676,-4.324,4.000,17267.304,19901.695,70481.387,-0.359265,-0.889995,0.280780
80,398,5152,25504,1,center,29.742,-2.258,3.984,17209.501,19910.749,70465.224,-0.151583,-0.961940,0.227362
80,399,5152,25568,1,center,19.770,-12.230,2.016,17153.536,19925.205,70447.695,-0.358415,-0.904696,0.230358
80,400,5152,25632,1,center,23.522,-8.478,4.000,17098.584,19941.912,70429.266,-0.374996,-0.880806,0.289065
80,401,5152,25696,1,center,29.733,-2.267,4.000,17041.937,19954.543,70412.648,-0.243630,-0.861725,0.445056
80,402,5152,25760,1,block_,29.889,-2.111,4.000,16984.822,19967.410,70396.306,-0.349982,-0.868456,0.351136
80,409,5152,26208,1,block_,29.912,-2.088,4.000,16657.209,20186.716,70247.001,-0.682791,-0.721860,0.112760
80,410,5152,26272,1,block_,29.912,-2.088,4.000,16616.129,20224.159,70224.909,-0.675486,-0.736608,0.033589
80,411,5152,26336,1,block_,29.912,-2.088,4.000,16574.383,20261.075,70203.280,-0.676669,-0.721837,0.145154
80,412,5152,26400,1,block_,29.912,-2.088,4.000,16532.125,20297.263,70182.272,-0.716226,-0.661541,0.222226
80,413,5152,26464,1,center,29.858,-2.142,4.000,16491.133,20334.944,70161.091,-0.736432,-0.612517,0.287213
80,414,5152,26528,1,center,23.095,-8.905,4.000,16450.160,20373.238,70140.250,-0.720133,-0.634334,0.281120
80,415,5152,26592,1,center,25.794,-6.206,4.000,16409.058,20411.809,70119.263,-0.730518,-0.603106,0.320321
80,416,5152,26656,1,center,29.912,-2.088,4.000,16367.471,20450.207,70098.486,-0.714008,-0.593208,0.371883
80,417,5152,26720,1,block_,29.780,-2.220,4.000,16324.249,20487.733,70078.675,-0.706731,-0.589184,0.391655
80,434,5152,27808,1,block_,29.773,-2.227,4.000,15903.245,21342.228,69713.437,-0.977476,-0.191039,0.089694
80,435,5152,27872,1,center,29.953,-2.047,4.000,15890.086,21398.473,69694.144,-0.975260,-0.168750,0.142798
80,436,5152,27936,1,center,35.156,3.156,4.000,15883.414,21455.304,69675.994,-0.998543,-0.020653,-0.049844
80,437,5152,28000,1,center,29.912,-2.088,4.000,15886.034,21512.858,69658.399,-0.986152,0.007419,-0.165678
80,438,5152,28064,1,block_,30.324,-1.676,4.149,15887.935,21570.583,69641.168,-0.995164,-0.012661,-0.097408
80,534,5152,34208,3,center,30.157,-1.843,4.000,18187.341,20106.935,70763.009,0.145538,-0.835330,0.530134
80,535,5152,34272,3,center,32.498,0.498,4.000,18128.605,20094.685,70759.081,0.099867,-0.796623,0.596170
80,536,5152,34336,3,center,30.138,-1.862,4.000,18069.767,20083.225,70755.125,0.120410,-0.763949,0.633942
80,537,5152,34400,3,center,30.120,-1.880,4.000,18011.289,20070.491,70752.567,0.151457,-0.739792,0.655568
80,553,5152,35424,3,block_,29.933,-2.067,4.000,17089.653,20106.392,70598.165,-0.296790,-0.930540,0.214503
80,554,5152,35488,3,center,30.044,-1.956,4.000,17033.897,20119.953,70583.877,-0.253022,-0.958218,0.133411
80,555,5152,35552,3,center,22.447,-9.553,3.984,16980.530,20140.616,70568.673,-0.434989,-0.899995,-0.028174
80,556,5152,35616,3,center,19.136,-12.864,2.031,16928.200,20164.651,70552.959,-0.426423,-0.902486,0.060676
80,557,5152,35680,3,center,19.188,-12.812,4.000,16875.933,20188.085,70537.037,-0.431504,-0.890043,0.147065
80,558,5152,35744,3,center,22.832,-9.168,4.000,16823.443,20210.823,70521.011,-0.452420,-0.873689,0.178840
80,561,5152,35936,3,center,30.045,-1.955,4.000,16670.535,20291.053,70470.225,-0.628876,-0.777023,0.027384
80,562,5152,36000,3,center,26.493,-5.507,4.000,16625.353,20326.022,70451.618,-0.625803,-0.778297,0.051226
80,563,5152,36064,3,center,26.548,-5.452,3.984,16580.198,20360.940,70433.440,-0.632046,-0.773120,0.052947
80,564,5152,36128,3,center,30.117,-1.883,2.000,16535.623,20396.651,70415.017,-0.637003,-0.769325,0.048632
80,565,5152,36192,3,center,30.116,-1.884,2.000,16493.192,20434.954,70396.477,-0.710263,-0.703492,-0.025011
80,566,5152,36256,3,center,30.132,-1.868,2.031,16452.083,20474.923,70378.019,-0.691432,-0.720467,-0.053387
80,567,5152,36320,3,center,32.752,0.752,4.000,16414.532,20518.282,70359.591,-0.743354,-0.664250,-0.078719
80,568,5152,36384,3,center,41.521,9.521,4.000,16376.593,20561.029,70341.230,-0.731871,-0.678965,-0.058068
80,569,5152,36448,3,block_,36.428,4.428,4.361,16338.768,20603.780,70322.738,-0.750982,-0.659531,-0.032321
81,308,5216,19744,2,center,36.306,4.306,4.000,16846.975,22666.030,69502.980,0.130846,0.864868,-0.484646
81,309,5216,19808,2,center,31.163,-0.837,4.000,16908.434,22660.584,69511.670,0.226062,0.846956,-0.481209
81,310,5216,19872,2,center,22.940,-9.060,3.984,16969.262,22650.021,69522.191,0.233527,0.817018,-0.527206
81,311,5216,19936,2,center,24.222,-7.778,3.984,17030.541,22639.462,69531.373,0.257095,0.775503,-0.576625
81,312,5216,20000,2,block_,31.418,-0.582,4.000,17092.010,22627.873,69540.592,0.229177,0.756275,-0.612802
81,327,5216,20960,2,center,36.327,4.327,4.000,17903.717,22247.161,69745.796,0.538515,0.773418,-0.334405
81,328,5216,21024,2,center,33.979,1.979,4.000,17957.171,22218.649,69761.466,0.489032,0.834283,-0.254597
81,329,5216,21088,2,center,33.284,1.284,4.000,18011.477,22192.337,69777.316,0.504600,0.843067,-0.186058
81,330,5216,21152,2,center,33.274,1.274,4.000,18062.723,22161.150,69794.155,0.510563,0.851583,-0.118876
81,331,5216,21216,2,center,36.322,4.322,4.000,18117.936,22137.283,69809.598,0.492706,0.843604,-0.213479
81,332,5216,21280,2,center,44.458,12.458,4.000,18166.830,22103.782,69827.373,0.637672,0.743310,-0.202148
81,333,5216,21344,2,center,44.395,12.395,4.000,18215.056,22069.196,69845.504,0.586547,0.743766,-0.320585
81,374,5216,23968,1,block_,31.307,-0.693,4.000,18593.680,20057.324,70616.386,0.530876,-0.820744,0.211068
81,375,5216,24032,1,center,33.899,1.899,4.000,18540.478,20026.814,70619.069,0.493925,-0.818390,0.293727
81,376,5216,24096,1,center,35.212,3.212,4.000,18488.319,19995.373,70621.943,0.486999,-0.795256,0.361109
81,377,5216,24160,1,center,36.664,4.664,4.000,18436.068,19964.134,70624.776,0.530350,-0.794460,0.295908
81,378,5216,24224,1,block_,36.482,4.482,3.992,18384.926,19931.331,70628.190,0.473560,-0.812700,0.339498
81,395,5216,25312,1,block_,26.676,-5.324,4.000,17390.754,19853.095,70460.697,-0.183163,-0.927080,0.327069
81,396,5216,25376,1,center,29.725,-2.275,4.000,17332.911,19860.445,70445.754,-0.235391,-0.916903,0.322304
81,397,5216,25440,1,center,23.583,-8.417,4.000,17275.809,19871.930,70429.364,-0.297247,-0.887972,0.350926
81,398,5216,25504,1,center,18.184,-13.816,3.969,17219.787,19886.439,70411.506,-0.390346,-0.850988,0.351353
81,399,5216,25568,1,center,15.537,-16.463,2.016,17164.996,19903.062,70392.940,-0.337606,-0.880505,0.332767
81,400,5216,25632,1,center,18.365,-13.635,3.984,17109.005,19916.225,70375.873,-0.302858,-0.883370,0.357679
81,401,5216,25696,1,center,29.912,-2.088,4.000,17052.335,19928.403,70359.249,-0.323355,-0.926892,0.190561
81,402,5216,25760,1,block_,29.912,-2.088,4.000,16998.663,19949.833,70340.119,-0.407611,-0.912597,0.031931
81,407,5216,26080,1,block_,29.629,-2.371,4.000,16756.466,20097.992,70235.474,-0.630331,-0.747618,0.209166
81,408,5216,26144,1,center,29.872,-2.128,4.000,16711.141,20130.923,70214.126,-0.649607,-0.707301,0.278812
81,409,5216,26208,1,center,29.872,-2.128,4.000,16666.588,20164.769,70192.466,-0.686064,-0.669292,0.285243
81,410,5216,26272,1,center,29.871,-2.129,4.000,16624.191,20201.175,70170.528,-0.684988,-0.673974,0.276677
81,411,5216,26336,1,center,29.871,-2.129,4.000,16578.676,20234.667,70150.194,-0.668142,-0.670832,0.321824
81,412,5216,26400,1,center,29.875,-2.125,3.984,16535.759,20270.924,70128.988,-0.699349,-0.654030,0.288369
81,413,5216,26464,1,center,29.731,-2.269,4.000,16492.779,20307.348,70107.935,-0.742736,-0.606564,0.283591
81,414,5216,26528,1,center,11.425,-20.575,4.000,16455.626,20349.126,70085.316,-0.750625,-0.605733,0.263912
81,415,5216,26592,1,center,11.569,-20.431,4.000,16412.674,20386.323,70064.701,-0.682953,-0.664776,0.302735
81,416,5216,26656,1,center,29.912,-2.088,4.000,16368.614,20422.677,70044.740,-0.700799,-0.662007,0.265758
81,417,5216,26720,1,block_,29.912,-2.088,4.000,16325.478,20460.491,70024.347,-0.710056,-0.659427,0.246933
81,435,5216,27872,1,block_,30.098,-1.902,4.000,15883.669,21377.995,69636.101,-0.994203,-0.089278,0.059919
81,436,5216,27936,1,center,29.912,-2.088,4.000,15886.783,21437.303,69617.978,-0.983458,0.139531,-0.115504
81,437,5216,28000,1,block_,30.185,-1.815,4.000,15892.715,21495.148,69600.778,-0.989595,-0.064464,-0.128629
81,534,5216,34208,3,center,32.498,0.498,4.000,18197.168,20076.706,70711.382,0.152450,-0.818346,0.554138
81,535,5216,34272,3,center,32.498,0.498,4.000,18138.320,20061.781,70709.309,0.203762,-0.811899,0.547085
81,536,5216,34336,3,center,32.479,0.479,4.000,18079.855,20046.521,70708.800,0.169241,-0.752788,0.636135
81,537,5216,34400,3,center,30.120,-1.880,4.000,18021.151,20033.599,70706.483,0.154560,-0.764886,0.625348
81,553,5216,35424,3,center,30.087,-1.913,4.000,17099.387,20088.310,70542.826,-0.391657,-0.881200,0.264749
81,554,5216,35488,3,center,27.935,-4.065,3.984,17046.473,20109.387,70526.750,-0.437261,-0.886013,0.154220
81,555,5216,35552,3,center,18.637,-13.363,4.000,16992.889,20130.157,70511.607,-0.348687,-0.903154,0.250461
81,556,5216,35616,3,center,19.156,-12.844,3.984,16938.174,20148.336,70496.908,-0.398950,-0.883972,0.243788
81,557,5216,35680,3,center,22.228,-9.772,4.000,16884.909,20169.508,70481.326,-0.459443,-0.873530,0.160801
81,558,5216,35744,3,center,24.656,-7.344,3.984,16833.839,20195.105,70464.560,-0.475185,-0.873876,0.102665
81,559,5216,35808,3,block_,27.178,-4.822,3.869,16782.803,20221.129,70447.874,-0.461640,-0.882997,0.084885
81,560,5216,35872,3,block_,27.024,-4.976,4.000,16731.615,20246.818,70430.746,-0.511183,-0.859215,-0.021023
81,561,5216,35936,3,center,24.180,-7.820,4.000,16684.486,20279.390,70412.835,-0.592403,-0.805639,0.002095
81,562,5216,36000,3,center,26.252,-5.748,4.000,16639.851,20315.013,70394.518,-0.618948,-0.783274,-0.058186
81,563,5216,36064,3,center,29.711,-2.289,3.984,16595.187,20350.522,70376.408,-0.601274,-0.797624,-0.047608
81,564,5216,36128,3,center,29.811,-2.189,2.016,16551.628,20386.998,70358.265,-0.672749,-0.735386,-0.081346
81,565,5216,36192,3,center,29.704,-2.296,2.031,16511.254,20427.343,70339.782,-0.641723,-0.757450,-0.120258
81,566,5216,36256,3,center,29.143,-2.857,4.000,16471.973,20468.654,70321.546,-0.742925,-0.659628,-0.113809
81,567,5216,36320,3,center,30.072,-1.928,4.000,16432.372,20509.882,70302.945,-0.687033,-0.723973,-0.062032
81,568,5216,36384,3,center,32.806,0.806,4.016,16391.943,20550.158,70284.142,-0.693049,-0.720706,-0.016292
81,569,5216,36448,3,center,48.440,16.440,5.969,16351.805,20590.601,70265.590,-0.733871,-0.679288,0.000183
81,570,5216,36512,0,block_,43.565,11.565,4.527,16314.939,20634.015,70246.908,-0.773467,-0.633829,0.003311
82,307,5280,19680,2,block_,35.663,3.663,4.000,16792.025,22648.852,69436.573,0.160098,0.960085,-0.229358
82,308,5280,19744,2,center,36.225,4.225,4.000,16852.987,22641.968,69446.110,0.150158,0.948234,-0.279829
82,309,5280,19808,2,center,24.717,-7.283,3.984,16914.130,22636.030,69454.951,0.179634,0.934379,-0.307681
82,310,5280,19872,2,center,22.950,-9.050,2.000,16974.769,22626.642,69464.815,0.202363,0.948860,-0.242310
82,311,5280,19936,2,center,24.252,-7.748,2.031,17034.963,22614.497,69475.118,0.253685,0.943216,-0.214449
82,312,5280,20000,2,block_,30.894,-1.106,3.411,17094.425,22599.332,69486.033,0.299158,0.930961,-0.209321
82,327,5280,20960,2,center,36.346,4.346,4.000,17907.107,22222.859,69688.548,0.533791,0.844265,-0.047783
82,328,5280,21024,2,center,36.416,4.416,4.016,17961.805,22194.784,69704.773,0.435745,0.897047,-0.073703
82,329,5280,21088,2,center,36.312,4.312,4.000,18017.558,22170.070,69719.816,0.397929,0.900073,-0.177544
82,330,5280,21152,2,center,32.087,0.087,4.000,18071.917,22144.504,69735.214,0.518681,0.827912,-0.213383
82,331,5280,21216,2,center,36.239,4.239,4.000,18125.496,22117.593,69751.342,0.517787,0.837119,-0.176430
82,332,5280,21280,2,center,36.851,4.851,4.016,18173.704,22083.190,69769.205,0.645167,0.749548,-0.148111
82,333,5280,21344,2,center,36.847,4.847,4.000,18221.794,22048.210,69787.516,0.609351,0.783941,-0.118863
82,374,5280,23968,1,block_,37.531,5.531,4.000,18595.575,20046.963,70555.771,0.558921,-0.817028,0.141681
82,375,5280,24032,1,center,40.060,8.060,4.016,18545.005,20013.137,70559.916,0.581149,-0.787714,0.204385
82,376,5280,24096,1,center,41.024,9.024,4.016,18495.583,19977.828,70564.308,0.574269,-0.785527,0.230569
82,377,5280,24160,1,center,41.084,9.084,4.000,18444.279,19945.480,70567.432,0.523469,-0.783923,0.333834
82,378,5280,24224,1,block_,39.267,7.267,4.000,18394.823,19910.387,70571.575,0.458439,-0.810477,0.364639
82,395,5280,25312,1,center,23.566,-8.434,4.000,17402.700,19834.150,70404.936,-0.196820,-0.941782,0.272597
82,396,5280,25376,1,center,12.159,-19.841,4.000,17345.059,19841.610,70389.789,-0.227112,-0.941162,0.250268
82,397,5280,25440,1,center,12.182,-19.818,3.984,17288.317,19853.453,70373.189,-0.266275,-0.927735,0.261544
82,398,5280,25504,1,center,14.458,-17.542,2.016,17231.457,19864.608,70356.541,-0.299654,-0.916507,0.264997
82,399,5280,25568,1,center,15.699,-16.301,2.000,17175.581,19878.533,70339.074,-0.323454,-0.890498,0.319985
82,400,5280,25632,1,center,23.234,-8.766,2.031,17120.561,19894.662,70321.267,-0.376131,-0.893264,0.246180
82,401,5280,25696,1,center,29.912,-2.088,4.000,17066.952,19914.260,70302.496,-0.423865,-0.879708,0.215525
82,402,5280,25760,1,block_,29.912,-2.088,4.000,17014.135,19936.313,70283.109,-0.466482,-0.856254,0.221865
82,407,5280,26080,1,center,29.859,-2.141,4.000,16765.509,20074.982,70180.605,-0.621433,-0.762789,0.178812
82,408,5280,26144,1,center,24.835,-7.165,4.000,16718.885,20106.823,70159.636,-0.630906,-0.760185,0.155170
82,409,5280,26208,1,center,24.834,-7.166,4.000,16673.251,20140.373,70138.533,-0.598074,-0.795342,0.098685
82,410,5280,26272,1,center,24.695,-7.305,3.984,16628.460,20174.671,70116.985,-0.679096,-0.716935,0.157586
82,411,5280,26336,1,center,24.703,-7.297,3.969,16584.582,20209.966,70095.759,-0.655380,-0.734429,0.176329
82,412,5280,26400,1,center,25.217,-6.783,2.016,16541.202,20245.927,70074.599,-0.700622,-0.696260,0.156048
82,413,5280,26464,1,center,25.144,-6.856,4.000,16499.769,20284.226,70052.982,-0.713949,-0.696622,0.070678
82,414,5280,26528,1,center,14.763,-17.237,4.000,16459.327,20323.506,70031.154,-0.702780,-0.689238,0.176215
82,415,5280,26592,1,center,14.907,-17.093,4.000,16414.990,20359.296,70010.714,-0.696696,-0.681150,0.225056
82,416,5280,26656,1,block_,26.767,-5.233,4.000,16375.409,20399.773,69989.186,-0.750336,-0.643324,0.152086
82,533,5280,34144,3,block_,30.616,-1.384,4.000,18267.477,20053.569,70669.140,0.235386,-0.709343,0.664399
82,534,5280,34208,3,center,30.171,-1.829,4.000,18209.198,20036.556,70668.409,0.103388,-0.639427,0.761869
82,535,5280,34272,3,center,30.120,-1.880,4.000,18149.112,20023.569,70663.882,0.106701,-0.619176,0.777969
82,536,5280,34336,3,center,30.164,-1.836,4.000,18090.156,20007.883,70663.538,0.151246,-0.715981,0.681540
82,537,5280,34400,3,center,30.148,-1.852,4.000,18031.020,19995.433,70660.967,0.044652,-0.752132,0.657498
82,552,5280,35360,3,block_,27.600,-4.400,4.000,17160.169,20044.627,70505.642,-0.413931,-0.823910,0.387082
82,553,5280,35424,3,center,27.963,-4.037,3.984,17106.840,20065.247,70488.923,-0.442088,-0.817634,0.368826
82,554,5280,35488,3,center,17.314,-14.686,2.016,17053.543,20086.568,70472.649,-0.430982,-0.793254,0.430119
82,555,5280,35552,3,center,17.325,-14.675,3.969,16999.209,20106.261,70457.492,-0.401172,-0.831737,0.383764
82,556,5280,35616,3,center,18.699,-13.301,2.031,16946.649,20128.842,70441.609,-0.490209,-0.828791,0.269816
82,557,5280,35680,3,center,22.318,-9.682,3.984,16896.113,20155.153,70424.714,-0.521774,-0.832247,0.187396
82,558,5280,35744,3,center,28.192,-3.808,2.031,16846.250,20182.980,70407.533,-0.481432,-0.859122,0.173590
82,559,5280,35808,3,center,23.456,-8.544,4.000,16793.967,20206.467,70391.395,-0.513949,-0.838067,0.183032
82,560,5280,35872,3,center,23.426,-8.574,4.000,16746.286,20237.231,70373.496,-0.560582,-0.826637,0.049179
82,561,5280,35936,3,center,23.432,-8.568,4.000,16698.836,20268.727,70355.764,-0.591540,-0.804991,0.045487
82,562,5280,36000,3,center,26.284,-5.716,4.000,16653.326,20302.965,70337.875,-0.625199,-0.762279,0.167500
82,563,5280,36064,3,center,30.120,-1.880,4.000,16607.028,20336.642,70319.983,-0.650518,-0.732894,0.199230
82,564,5280,36128,3,center,30.117,-1.883,4.000,16564.674,20374.391,70301.467,-0.723570,-0.688361,0.051047
82,565,5280,36192,3,center,29.778,-2.222,4.000,16525.355,20415.433,70282.879,-0.720185,-0.690235,0.070065
82,566,5280,36256,3,center,25.402,-6.598,4.000,16483.763,20454.506,70264.538,-0.691437,-0.715150,0.102350
82,567,5280,36320,3,center,21.438,-10.562,4.000,16442.710,20494.149,70246.118,-0.745017,-0.659762,0.098302
82,568,5280,36384,3,center,30.226,-1.774,4.000,16403.283,20535.304,70227.393,-0.725850,-0.685143,0.061007
82,569,5280,36448,3,center,48.440,16.440,4.000,16364.030,20576.624,70208.619,-0.746230,-0.665594,0.011164
82,570,5280,36512,0,block_,45.682,13.682,4.000,16326.168,20619.216,70189.897,-0.754160,-0.656369,0.020566
83,307,5344,19680,2,block_,35.004,3.004,4.000,16800.176,22637.802,69376.459,0.194612,0.962753,-0.187703
83,308,5344,19744,2,center,32.423,0.423,4.000,16860.313,22627.106,69386.329,0.181598,0.962974,-0.199256
83,309,5344,19808,2,center,27.893,-4.107,3.984,16921.169,22619.615,69395.599,0.131250,0.972620,-0.191792
83,310,5344,19872,2,center,24.180,-7.820,2.031,16982.182,22612.431,69404.686,0.156793,0.970480,-0.183259
83,311,5344,19936,2,center,27.988,-4.012,4.000,17043.240,22603.662,69414.147,0.192614,0.971019,-0.141496
83,312,5344,20000,2,block_,32.331,0.331,3.978,17102.607,22587.489,69425.200,0.334306,0.937299,-0.098539
83,327,5344,20960,2,center,36.346,4.346,4.016,17921.681,22217.543,69629.560,0.488364,0.834822,-0.254112
83,328,5344,21024,2,center,36.411,4.411,5.984,17975.692,22188.761,69645.718,0.549166,0.793560,-0.262069
83,329,5344,21088,2,center,36.312,4.312,4.016,18029.077,22159.289,69660.436,0.530102,0.808823,-0.254552
83,330,5344,21152,2,center,31.997,-0.003,4.000,18082.053,22129.774,69675.535,0.512642,0.820232,-0.253807
83,331,5344,21216,2,center,33.208,1.208,4.016,18132.110,22097.334,69693.401,0.629166,0.689736,-0.358351
83,332,5344,21280,2,center,36.321,4.321,5.969,18182.393,22064.956,69710.366,0.594672,0.750241,-0.288969
83,333,5344,21344,2,center,36.346,4.346,4.000,18229.159,22028.383,69729.169,0.670811,0.684622,-0.285142
83,374,5344,23968,1,block_,40.647,8.647,4.519,18599.683,20033.267,70496.718,0.630311,-0.732464,0.257304
83,375,5344,24032,1,center,42.107,10.107,6.000,18550.320,19998.292,70501.429,0.519991,-0.812117,0.264719
83,376,5344,24096,1,center,41.078,9.078,5.969,18500.146,19964.587,70505.231,0.584483,-0.778414,0.229022
83,377,5344,24160,1,center,41.043,9.043,4.000,18450.783,19929.677,70509.246,0.562887,-0.807313,0.177212
83,378,5344,24224,1,block_,38.394,6.394,4.000,18400.734,19894.914,70512.917,0.553892,-0.824243,0.117589
83,395,5344,25312,1,center,16.182,-15.818,4.000,17415.190,19816.809,70348.859,-0.214005,-0.949375,0.229977
83,396,5344,25376,1,center,11.663,-20.337,4.000,17357.695,19824.551,70333.626,-0.188812,-0.958376,0.214164
83,397,5344,25440,1,center,12.315,-19.685,4.000,17300.537,19834.050,70317.677,-0.237805,-0.946330,0.218879
83,398,5344,25504,1,center,15.697,-16.303,3.984,17243.861,19845.323,70301.096,-0.271211,-0.939632,0.208655
83,399,5344,25568,1,center,23.152,-8.848,2.016,17187.764,19858.679,70283.744,-0.300737,-0.937694,0.174035
83,400,5344,25632,1,center,23.864,-8.136,4.000,17132.695,19874.786,70265.774,-0.343979,-0.922656,0.174310
83,401,5344,25696,1,center,29.912,-2.088,4.000,17078.276,19892.628,70247.331,-0.417176,-0.886222,0.201430
83,402,5344,25760,1,center,29.912,-2.088,4.000,17024.604,19912.662,70228.347,-0.399748,-0.867317,0.296585
83,407,5344,26080,1,center,28.117,-3.883,4.000,16775.643,20053.484,70125.093,-0.675590,-0.700066,0.231268
83,408,5344,26144,1,center,20.928,-11.072,4.000,16731.186,20088.425,70103.514,-0.639965,-0.754470,0.145672
83,409,5344,26208,1,center,20.955,-11.045,3.984,16685.182,20121.328,70082.614,-0.631047,-0.746578,0.210716
83,410,5344,26272,1,center,24.327,-7.673,2.016,16639.399,20154.630,70061.424,-0.633460,-0.746960,0.201942
83,411,5344,26336,1,center,24.736,-7.264,2.000,16594.591,20189.018,70040.330,-0.679208,-0.706478,0.198912
83,412,5344,26400,1,center,25.256,-6.744,2.016,16551.712,20225.670,70018.790,-0.699253,-0.697848,0.155089
83,413,5344,26464,1,center,26.298,-5.702,4.000,16510.030,20263.711,69997.006,-0.699827,-0.683772,0.206634
83,414,5344,26528,1,center,26.647,-5.353,4.000,16465.702,20299.543,69975.998,-0.689092,-0.669052,0.278428
83,415,5344,26592,1,center,29.912,-2.088,4.000,16422.574,20336.958,69954.789,-0.725415,-0.654006,0.214589
83,416,5344,26656,1,block_,29.076,-2.924,4.000,16383.369,20377.812,69933.097,-0.750517,-0.655219,0.086100
83,533,5344,34144,3,center,30.171,-1.829,4.000,18278.224,20018.532,70621.147,0.363189,-0.776680,0.514647
83,534,5344,34208,3,center,36.704,4.704,4.000,18220.801,19997.814,70622.799,0.230680,-0.813776,0.533438
83,535,5344,34272,3,center,30.224,-1.776,3.984,18161.159,19981.140,70621.260,0.180532,-0.790209,0.585643
83,536,5344,34336,3,center,35.840,3.840,4.000,18100.712,19968.353,70618.016,0.067976,-0.788479,0.611294
83,537,5344,34400,3,center,33.782,1.782,4.000,18040.466,19960.406,70612.679,0.084385,-0.842599,0.531889
83,550,5344,35232,3,block_,29.574,-2.426,4.000,17277.084,19985.428,70483.800,-0.295224,-0.857660,0.421024
83,551,5344,35296,3,center,30.032,-1.968,4.000,17221.323,20000.168,70468.831,-0.356556,-0.837451,0.414178
83,552,5344,35360,3,center,24.480,-7.520,4.000,17165.502,20015.578,70453.938,-0.345845,-0.823996,0.448801
83,553,5344,35424,3,center,22.316,-9.684,3.984,17110.028,20033.038,70438.593,-0.414753,-0.752263,0.511937
83,554,5344,35488,3,center,16.638,-15.362,2.000,17055.370,20053.453,70422.469,-0.439417,-0.760222,0.478514
83,555,5344,35552,3,center,16.661,-15.339,2.031,17002.994,20077.890,70405.165,-0.521402,-0.768303,0.371281
83,556,5344,35616,3,center,22.332,-9.668,4.000,16952.188,20104.434,70387.564,-0.541050,-0.781267,0.311267
83,557,5344,35680,3,center,30.121,-1.879,4.000,16902.770,20132.975,70369.745,-0.545127,-0.787186,0.288398
83,558,5344,35744,3,center,30.120,-1.880,4.000,16851.568,20158.853,70353.205,-0.491328,-0.795103,0.355540
83,559,5344,35808,3,center,30.089,-1.911,4.000,16801.312,20186.129,70336.217,-0.594708,-0.752847,0.282036
83,560,5344,35872,3,center,26.238,-5.762,4.000,16756.001,20220.161,70317.365,-0.651716,-0.723160,0.228704
83,561,5344,35936,3,center,24.262,-7.738,4.000,16709.092,20252.484,70299.193,-0.577673,-0.792032,0.197431
83,562,5344,36000,3,center,30.120,-1.880,4.000,16661.170,20283.967,70281.662,-0.596528,-0.791565,0.132584
83,563,5344,36064,3,block_,29.603,-2.397,4.000,16615.080,20317.989,70263.746,-0.667144,-0.738226,0.099705
83,564,5344,36128,3,block_,30.092,-1.908,4.000,16573.621,20357.003,70245.210,-0.713586,-0.678123,0.175910
83,565,5344,36192,3,center,30.098,-1.902,4.000,16531.476,20395.498,70226.816,-0.721796,-0.651762,0.232848
83,566,5344,36256,3,center,27.273,-4.727,4.000,16490.771,20435.560,70208.107,-0.728293,-0.651832,0.211435
83,567,5344,36320,3,center,25.424,-6.576,4.000,16450.036,20475.596,70189.617,-0.749701,-0.644501,0.150220
83,568,5344,36384,3,center,25.444,-6.556,4.000,16411.975,20517.995,70170.486,-0.776504,-0.620074,0.112024
83,569,5344,36448,3,center,32.562,0.562,4.000,16374.937,20561.296,70151.498,-0.762648,-0.643722,0.063170
83,570,5344,36512,0,block_,38.922,6.922,4.000,16336.760,20603.849,70132.842,-0.747593,-0.659995,0.074237
84,304,5408,19488,2,block_,36.180,4.180,4.000,16625.276,22632.237,69292.243,0.002767,0.960749,-0.277404
84,305,5408,19552,2,center,36.287,4.287,4.000,16686.106,22633.744,69299.427,0.020862,0.988205,-0.151708
84,306,5408,19616,2,center,33.410,1.410,4.000,16747.253,22632.440,69307.085,0.074338,0.987982,-0.135518
84,307,5408,19680,2,center,32.931,0.931,4.000,16807.938,22625.993,69316.205,0.176078,0.978368,-0.108597
84,308,5408,19744,2,center,32.424,0.424,4.000,16867.772,22613.964,69326.087,0.176806,0.971017,-0.160826
84,309,5408,19808,2,center,27.961,-4.039,4.000,16928.649,22607.317,69335.312,0.149646,0.970077,-0.191197
84,310,5408,19872,2,center,25.711,-6.289,4.000,16989.489,22599.252,69344.514,0.162436,0.956377,-0.242813
84,311,5408,19936,2,center,27.998,-4.002,4.000,17049.862,22587.857,69354.324,0.268550,0.906251,-0.326481
84,312,5408,20000,2,block_,32.370,0.370,4.000,17109.913,22572.779,69364.854,0.366373,0.865481,-0.341634
84,327,5408,20960,2,center,36.341,4.341,4.016,17919.260,22183.308,69578.310,0.447878,0.603513,-0.659680
84,328,5408,21024,2,center,35.719,3.719,5.984,17973.129,22155.619,69593.407,0.534079,0.632673,-0.560789
84,329,5408,21088,2,center,36.326,4.326,5.969,18024.498,22125.170,69610.280,0.531958,0.628757,-0.567172
84,330,5408,21152,2,center,34.810,2.810,4.000,18076.558,22095.117,69625.724,0.547429,0.642952,-0.535663
84,331,5408,21216,2,center,33.208,1.208,4.000,18127.872,22063.971,69641.689,0.558881,0.696964,-0.449325
84,332,5408,21280,2,center,33.239,1.239,4.000,18178.875,22032.678,69657.740,0.581834,0.666788,-0.465686
84,333,5408,21344,2,center,36.346,4.346,4.000,18226.942,21998.202,69675.548,0.662953,0.605219,-0.440684
84,374,5408,23968,1,block_,41.670,9.670,4.578,18604.356,20018.303,70438.243,0.526733,-0.806496,0.268544
84,375,5408,24032,1,center,42.153,10.153,5.984,18554.766,19984.312,70442.780,0.544234,-0.803632,0.240802
84,376,5408,24096,1,center,38.521,6.521,4.000,18503.104,19953.621,70446.110,0.518453,-0.843692,0.139249
84,377,5408,24160,1,center,37.503,5.503,4.000,18452.006,19921.749,70449.347,0.546371,-0.830525,0.108197
84,378,5408,24224,1,block_,35.300,3.300,4.000,18400.615,19890.177,70452.269,0.494031,-0.861574,0.116721
84,395,5408,25312,1,block_,25.808,-6.192,4.000,17428.600,19804.286,70292.140,-0.133993,-0.989761,0.049180
84,396,5408,25376,1,center,28.097,-3.903,4.000,17371.331,19811.881,70276.669,-0.167626,-0.982264,0.084021
84,397,5408,25440,1,center,28.057,-3.943,4.000,17314.405,19821.317,70260.843,-0.201294,-0.976701,0.074402
84,398,5408,25504,1,center,23.026,-8.974,3.984,17258.168,19832.969,70244.121,-0.255891,-0.964540,0.064667
84,399,5408,25568,1,center,23.026,-8.974,2.031,17202.949,19848.065,70226.874,-0.292782,-0.955859,0.024754
84,400,5408,25632,1,center,23.234,-8.766,4.000,17148.346,19864.488,70208.882,-0.299857,-0.951497,0.068839
84,401,5408,25696,1,center,29.912,-2.088,4.000,17093.162,19879.442,70190.752,-0.275342,-0.956802,0.093369
84,402,5408,25760,1,center,29.912,-2.088,4.000,17038.188,19895.884,70171.950,-0.347458,-0.935140,0.069184
84,407,5408,26080,1,block_,27.424,-4.576,4.000,16786.339,20033.853,70069.955,-0.607679,-0.784056,-0.126421
84,408,5408,26144,1,center,20.998,-11.002,4.000,16742.069,20068.704,70048.652,-0.576453,-0.816355,0.035574
84,409,5408,26208,1,center,21.053,-10.947,4.000,16695.402,20099.959,70027.102,-0.605652,-0.793280,0.062387
84,410,5408,26272,1,center,28.946,-3.054,3.984,16649.855,20133.850,70005.459,-0.613180,-0.789055,0.037449
84,411,5408,26336,1,center,28.947,-3.053,2.016,16606.087,20170.115,69984.858,-0.635079,-0.769126,-0.071556
84,412,5408,26400,1,center,29.140,-2.860,2.031,16562.382,20205.622,69963.010,-0.627558,-0.776181,0.060941
84,413,5408,26464,1,center,29.952,-2.048,4.000,16517.551,20240.226,69941.437,-0.633458,-0.752225,0.181352
84,414,5408,26528,1,center,29.912,-2.088,4.000,16470.849,20273.883,69920.753,-0.684993,-0.704102,0.187150
84,415,5408,26592,1,block_,29.895,-2.105,4.000,16429.630,20313.789,69898.937,-0.774908,-0.629522,0.056736
84,533,5408,34144,3,center,30.146,-1.854,3.984,18285.942,19993.377,70566.685,0.286165,-0.881636,0.375269
84,534,5408,34208,3,center,33.537,1.537,3.969,18227.761,19975.440,70566.763,0.291790,-0.916886,0.272359
84,535,5408,34272,3,center,37.729,5.729,2.016,18168.436,19959.340,70565.878,0.216552,-0.959704,0.179090
84,536,5408,34336,3,center,38.535,6.535,4.000,18108.115,19945.720,70563.123,0.174202,-0.962013,0.210202
84,537,5408,34400,3,center,37.694,5.694,4.000,18049.017,19932.187,70560.255,0.201786,-0.876529,0.437013
84,548,5408,35104,3,block_,30.097,-1.903,4.000,17399.128,19938.130,70457.812,-0.229908,-0.903497,0.361713
84,549,5408,35168,3,center,30.117,-1.883,4.000,17341.238,19946.516,70445.146,-0.223951,-0.903051,0.366531
84,550,5408,35232,3,center,30.064,-1.936,4.000,17284.077,19958.046,70431.319,-0.272336,-0.890166,0.365291
84,551,5408,35296,3,center,24.508,-7.492,4.000,17227.463,19971.526,70417.024,-0.321587,-0.886680,0.332235
84,552,5408,35360,3,center,23.074,-8.926,4.000,17170.981,19986.034,70402.176,-0.308344,-0.880363,0.360396
84,553,5408,35424,3,center,22.361,-9.639,3.984,17114.453,20002.038,70386.403,-0.382224,-0.859490,0.339383
84,554,5408,35488,3,center,20.267,-11.733,2.031,17059.900,20024.352,70369.246,-0.498989,-0.844462,0.194667
84,555,5408,35552,3,center,17.728,-14.272,4.000,17009.123,20053.227,70349.959,-0.564305,-0.815262,0.130028
84,556,5408,35616,3,center,30.124,-1.876,4.000,16960.500,20084.498,70332.188,-0.518336,-0.851293,0.081415
84,557,5408,35680,3,center,30.349,-1.651,4.000,16908.729,20109.577,70315.164,-0.443252,-0.862763,0.243243
84,558,5408,35744,3,center,30.120,-1.880,4.000,16856.106,20133.277,70299.130,-0.514561,-0.809129,0.283791
84,559,5408,35808,3,center,30.120,-1.880,4.000,16806.522,20162.328,70281.547,-0.597366,-0.765495,0.239105
84,560,5408,35872,3,center,30.120,-1.880,4.000,16760.611,20196.188,70262.599,-0.651438,-0.714983,0.253825
84,561,5408,35936,3,block_,28.598,-3.402,4.000,16714.022,20229.311,70244.079,-0.614512,-0.725419,0.310068
84,562,5408,36000,3,block_,28.983,-3.017,4.000,16667.231,20262.697,70226.015,-0.619469,-0.699556,0.356200
84,565,5408,36192,3,block_,29.950,-2.050,4.000,16535.826,20373.687,70170.949,-0.727610,-0.666398,0.162782
84,566,5408,36256,3,center,30.088,-1.912,4.000,16495.058,20413.956,70152.268,-0.746749,-0.654402,0.118842
84,567,5408,36320,3,center,26.043,-5.957,4.000,16457.374,20456.782,70132.954,-0.775886,-0.627654,0.063652
84,568,5408,36384,3,center,21.412,-10.588,4.000,16420.257,20500.094,70113.663,-0.778923,-0.623746,0.064959
84,569,5408,36448,3,center,26.130,-5.870,4.000,16382.819,20543.287,70094.599,-0.757277,-0.636313,0.147096
85,303,5472,19424,2,block_,36.343,4.343,4.000,16572.415,22610.189,69227.488,0.027544,0.899651,-0.435741
85,304,5472,19488,2,center,36.308,4.308,4.000,16632.919,22613.463,69234.702,-0.074564,0.917884,-0.389780
85,305,5472,19552,2,center,31.674,-0.326,4.016,16693.623,22620.434,69240.171,-0.066848,0.930887,-0.359139
85,306,5472,19616,2,center,31.675,-0.325,4.000,16755.107,22624.962,69246.221,0.062983,0.965837,-0.251379
85,307,5472,19680,2,center,31.733,-0.267,4.000,16815.856,22616.019,69255.733,0.189997,0.954699,-0.229023
85,308,5472,19744,2,center,32.462,0.462,4.000,16876.219,22605.809,69265.249,0.230605,0.962508,-0.142824
85,309,5472,19808,2,center,30.058,-1.942,4.000,16935.580,22592.751,69275.752,0.238174,0.931639,-0.274447
85,310,5472,19872,2,center,29.306,-2.694,4.000,16995.232,22580.376,69285.707,0.233386,0.907940,-0.348104
85,311,5472,19936,2,center,29.346,-2.654,4.000,17054.226,22564.751,69296.557,0.385243,0.841615,-0.378513
85,312,5472,20000,2,block_,32.951,0.951,4.000,17112.569,22546.183,69307.962,0.321635,0.851869,-0.413364
85,326,5472,20896,2,block_,36.346,4.346,4.000,17859.378,22171.345,69516.293,0.499733,0.723347,-0.476482
85,327,5472,20960,2,center,36.334,4.334,4.000,17912.395,22143.678,69531.671,0.510124,0.725529,-0.461932
85,328,5472,21024,2,center,34.831,2.831,4.000,17965.685,22116.098,69546.339,0.478481,0.664518,-0.573996
85,329,5472,21088,2,center,35.286,3.286,4.000,18019.176,22089.178,69560.543,0.475626,0.670333,-0.569591
85,330,5472,21152,2,center,34.846,2.846,4.000,18073.328,22062.719,69573.757,0.490584,0.664617,-0.563571
85,331,5472,21216,2,center,36.365,4.365,4.000,18126.340,22034.105,69587.916,0.549395,0.643569,-0.532901
85,332,5472,21280,2,center,37.161,5.161,4.000,18175.923,22001.145,69604.907,0.619871,0.601653,-0.503759
85,333,5472,21344,2,center,36.352,4.352,4.000,18221.366,21964.760,69624.516,0.653159,0.562990,-0.506385
85,374,5472,23968,1,block_,38.446,6.446,4.474,18608.251,20004.652,70380.025,0.502642,-0.845381,0.180784
85,375,5472,24032,1,center,38.522,6.522,5.969,18558.668,19971.196,70384.049,0.555584,-0.819002,0.143394
85,376,5472,24096,1,center,36.003,4.003,4.000,18505.939,19942.633,70387.027,0.469366,-0.853483,0.226414
85,377,5472,24160,1,center,34.658,2.658,4.000,18454.409,19912.030,70390.143,0.516795,-0.823357,0.234534
85,378,5472,24224,1,block_,33.128,1.128,4.000,18402.982,19881.362,70392.910,0.492276,-0.839801,0.228907
85,396,5472,25376,1,block_,29.297,-2.703,4.000,17386.846,19810.557,70219.196,-0.131013,-0.991091,-0.023973
85,397,5472,25440,1,center,29.859,-2.141,4.000,17330.225,19818.670,70203.638,-0.145543,-0.988074,0.050270
85,398,5472,25504,1,center,23.199,-8.801,4.000,17274.319,19828.548,70187.261,-0.212560,-0.976179,0.043500
85,399,5472,25568,1,center,23.031,-8.969,4.000,17219.047,19840.627,70170.222,-0.249862,-0.965834,0.068805
85,400,5472,25632,1,center,23.916,-8.084,4.000,17164.267,19854.561,70152.423,-0.291431,-0.954199,0.067615
85,401,5472,25696,1,center,29.912,-2.088,4.000,17110.118,19870.915,70133.757,-0.294281,-0.955359,0.026215
85,402,5472,25760,1,center,29.912,-2.088,4.000,17056.456,19889.707,70114.730,-0.368516,-0.924663,-0.095882
85,407,5472,26080,1,block_,28.145,-3.855,4.000,16810.434,20032.696,70015.098,-0.460376,-0.863721,-0.205038
85,408,5472,26144,1,center,29.905,-2.095,4.000,16762.386,20060.947,69993.132,-0.477931,-0.865444,-0.150293
85,409,5472,26208,1,center,28.983,-3.017,4.000,16718.149,20095.679,69972.492,-0.532622,-0.781181,-0.325685
85,410,5472,26272,1,center,29.356,-2.644,4.000,16673.383,20130.397,69950.758,-0.495048,-0.845169,-0.201534
85,411,5472,26336,1,center,29.381,-2.619,4.000,16625.859,20160.260,69928.915,-0.508616,-0.860278,0.035103
85,412,5472,26400,1,center,32.598,0.598,4.000,16577.457,20189.017,69906.603,-0.550971,-0.807124,0.212089
85,413,5472,26464,1,center,35.040,3.040,4.000,16527.785,20218.445,69884.972,-0.606585,-0.776776,0.169333
85,414,5472,26528,1,block_,30.739,-1.261,4.000,16483.091,20255.061,69863.319,-0.705730,-0.707716,-0.032927
85,532,5472,34080,3,block_,29.528,-2.472,2.704,18350.459,19989.335,70510.470,0.302329,-0.839571,0.451351
85,533,5472,34144,3,center,30.106,-1.894,2.000,18293.000,19970.063,70511.142,0.262480,-0.855772,0.445823
85,534,5472,34208,3,center,30.948,-1.052,2.000,18234.254,19954.447,70510.301,0.199478,-0.851643,0.484679
85,535,5472,34272,3,center,34.570,2.570,2.031,18175.141,19939.059,70509.180,0.212957,-0.849126,0.483358
85,536,5472,34336,3,center,38.514,6.514,4.000,18115.881,19924.095,70507.156,0.212245,-0.849854,0.482389
85,537,5472,34400,3,center,38.449,6.449,4.000,18057.585,19906.332,70506.309,0.263406,-0.851724,0.452973
85,546,5472,34976,3,block_,29.505,-2.495,4.000,17525.176,19902.801,70429.713,-0.279086,-0.949462,0.143644
85,547,5472,35040,3,center,30.053,-1.947,4.000,17467.724,19914.313,70414.959,-0.201379,-0.972749,0.114918
85,548,5472,35104,3,center,30.001,-1.999,4.000,17409.631,19923.087,70401.519,-0.175219,-0.969813,0.169592
85,549,5472,35168,3,center,29.628,-2.372,4.000,17351.525,19930.790,70388.621,-0.170478,-0.962097,0.212854
85,550,5472,35232,3,center,28.585,-3.415,4.000,17293.491,19938.385,70375.724,-0.236981,-0.947459,0.214851
85,551,5472,35296,3,center,25.902,-6.098,4.000,17236.866,19951.475,70361.280,-0.278211,-0.911729,0.302239
85,552,5472,35360,3,center,23.544,-8.456,4.000,17180.742,19965.814,70346.583,-0.406370,-0.886264,0.222260
85,553,5472,35424,3,center,24.539,-7.461,4.000,17126.867,19986.813,70329.440,-0.401201,-0.913300,0.070158
85,554,5472,35488,3,center,26.065,-5.935,4.000,17076.062,20015.130,70311.597,-0.525377,-0.840415,0.132975
85,555,5472,35552,3,center,30.125,-1.875,4.000,17026.357,20045.594,70291.230,-0.503575,-0.858253,0.099065
85,556,5472,35616,3,center,30.535,-1.465,4.000,16970.790,20067.146,70275.689,-0.417692,-0.833022,0.362778
85,557,5472,35680,3,center,35.610,3.610,4.000,16917.364,20090.396,70259.221,-0.461335,-0.820518,0.337522
85,558,5472,35744,3,block_,30.572,-1.428,4.000,16864.157,20113.291,70243.067,-0.491261,-0.844092,0.214877
85,559,5472,35808,3,block_,30.120,-1.880,4.000,16814.449,20141.959,70225.439,-0.554871,-0.808480,0.196158
85,566,5472,36256,3,block_,29.933,-2.067,4.000,16501.430,20394.226,70095.431,-0.774009,-0.613153,0.157965
85,567,5472,36320,3,center,30.089,-1.911,4.000,16464.989,20438.258,70076.114,-0.784054,-0.610688,0.110996
85,568,5472,36384,3,center,26.217,-5.783,4.000,16426.676,20480.451,70057.223,-0.742356,-0.637505,0.206141
85,569,5472,36448,3,block_,27.738,-4.262,4.000,16386.856,20521.694,70038.350,-0.734756,-0.627080,0.258660
86,302,5536,19360,2,block_,36.328,4.328,4.000,16520.029,22581.731,69166.534,-0.098588,0.951162,-0.292524
86,303,5536,19424,2,center,36.342,4.342,4.000,16579.829,22587.072,69172.041,-0.057686,0.967212,-0.247334
86,304,5536,19488,2,center,36.050,4.050,4.016,16640.474,22591.516,69178.036,-0.059192,0.950222,-0.305899
86,305,5536,19552,2,center,26.186,-5.814,5.984,16701.047,22598.294,69183.503,-0.055727,0.939343,-0.338422
86,306,5536,19616,2,center,26.216,-5.784,4.000,16761.473,22600.743,69190.073,0.089081,0.914430,-0.394819
86,307,5536,19680,2,center,33.018,1.018,4.000,16821.290,22593.398,69199.238,0.213075,0.884366,-0.415327
86,308,5536,19744,2,center,35.229,3.229,4.000,16880.755,22582.033,69209.325,0.260867,0.857621,-0.443209
86,309,5536,19808,2,center,30.171,-1.829,4.000,16939.460,22567.923,69220.021,0.316107,0.849840,-0.421721
86,310,5536,19872,2,center,30.108,-1.892,4.000,16996.986,22550.602,69232.281,0.387807,0.800554,-0.456857
86,311,5536,19936,2,center,29.563,-2.437,4.000,17054.601,22532.601,69244.122,0.324745,0.797481,-0.508492
86,312,5536,20000,2,center,36.346,4.346,4.000,17111.210,22512.518,69256.506,0.425797,0.732397,-0.531311
86,326,5536,20896,2,block_,36.346,4.346,4.000,17858.034,22139.732,69463.471,0.521173,0.715483,-0.465255
86,327,5536,20960,2,center,36.339,4.339,4.000,17910.527,22111.301,69479.094,0.531059,0.687301,-0.495574
86,328,5536,21024,2,center,35.451,3.451,4.000,17962.423,22082.167,69495.188,0.537695,0.702213,-0.466671
86,329,5536,21088,2,center,35.456,3.456,4.000,18014.398,22053.643,69510.924,0.533499,0.705918,-0.465896
86,330,5536,21152,2,center,36.358,4.358,4.000,18065.613,22024.369,69526.855,0.546573,0.658683,-0.517102
86,331,5536,21216,2,center,37.974,5.974,4.000,18115.706,21993.776,69543.022,0.560135,0.584073,-0.587459
86,332,5536,21280,2,center,38.684,6.684,4.000,18165.207,21962.112,69559.132,0.563937,0.561417,-0.605628
86,333,5536,21344,2,center,37.148,5.148,4.000,18212.917,21928.744,69576.200,0.636128,0.554408,-0.536631
86,374,5536,23968,1,block_,37.299,5.299,4.004,18613.316,19989.435,70322.807,0.539932,-0.759715,0.362363
86,375,5536,24032,1,center,37.727,5.727,4.000,18562.465,19958.405,70326.009,0.496150,-0.773375,0.394623
86,376,5536,24096,1,center,35.937,3.937,4.000,18512.635,19925.498,70330.239,0.543565,-0.744460,0.387707
86,377,5536,24160,1,center,31.709,-0.291,4.000,18462.905,19892.661,70334.593,0.522703,-0.731202,0.438320
86,378,5536,24224,1,block_,30.624,-1.376,4.000,18412.175,19861.741,70337.446,0.438951,-0.790986,0.426220
86,397,5536,25440,1,block_,28.299,-3.701,4.000,17344.607,19808.380,70147.607,-0.169239,-0.975824,0.138295
86,398,5536,25504,1,block_,26.341,-5.659,4.000,17289.546,19819.733,70131.151,-0.208652,-0.970073,0.124188
86,399,5536,25568,1,block_,24.080,-7.920,4.000,17234.382,19830.508,70113.986,-0.341436,-0.935703,0.088779
86,400,5536,25632,1,block_,27.192,-4.808,4.000,17181.429,19848.836,70096.438,-0.333091,-0.938069,-0.095274
86,401,5536,25696,1,block_,29.420,-2.580,4.000,17129.885,19870.156,70078.460,-0.262454,-0.917842,-0.297797
86,402,5536,25760,1,block_,29.912,-2.088,4.000,17078.616,19893.531,70059.711,-0.310538,-0.881286,-0.356232
86,408,5536,26144,1,block_,29.702,-2.298,4.000,16785.509,20057.903,69938.673,-0.487012,-0.864580,-0.123778
86,409,5536,26208,1,block_,29.629,-2.371,4.000,16740.561,20090.133,69918.135,-0.530028,-0.839477,0.119786
86,410,5536,26272,1,center,29.912,-2.088,4.000,16690.374,20115.017,69896.336,-0.522069,-0.833731,0.179823
86,411,5536,26336,1,center,29.929,-2.071,4.000,16640.019,20140.650,69873.842,-0.589180,-0.793144,0.154237
86,412,5536,26400,1,block_,32.116,0.116,4.000,16591.226,20168.273,69850.955,-0.438176,-0.898714,-0.017733
86,413,5536,26464,1,block_,33.016,1.016,4.000,16545.323,20203.855,69827.550,-0.596169,-0.778537,-0.196121
86,531,5536,34016,3,block_,28.824,-3.176,3.172,18415.927,19982.843,70455.445,0.270057,-0.880739,0.389060
86,532,5536,34080,3,center,29.266,-2.734,2.000,18358.031,19964.562,70455.705,0.297127,-0.863820,0.406855
86,533,5536,34144,3,center,27.511,-4.489,2.016,18300.444,19945.550,70456.337,0.263806,-0.892386,0.366133
86,534,5536,34208,3,center,27.541,-4.459,2.031,18241.936,19929.237,70455.497,0.250266,-0.890073,0.380968
86,535,5536,34272,3,center,30.816,-1.184,4.000,18183.494,19912.372,70454.910,0.246597,-0.865939,0.435132
86,536,5536,34336,3,center,34.568,2.568,4.000,18124.967,19895.653,70453.975,0.203087,-0.859725,0.468646
86,537,5536,34400,3,center,34.534,2.534,4.000,18066.221,19879.920,70452.187,0.240222,-0.852061,0.465064
86,544,5536,34848,3,block_,30.120,-1.880,4.201,17646.058,19845.664,70404.314,-0.418128,-0.902185,0.105975
86,545,5536,34912,3,center,30.120,-1.880,4.016,17592.240,19870.210,70387.835,-0.392027,-0.905120,0.164539
86,546,5536,34976,3,center,30.041,-1.959,4.016,17535.632,19885.081,70373.135,-0.261073,-0.931323,0.253927
86,547,5536,35040,3,center,21.560,-10.440,4.000,17477.880,19895.440,70359.307,-0.225399,-0.901385,0.369731
86,548,5536,35104,3,center,15.338,-16.662,4.000,17419.395,19902.524,70346.422,-0.178151,-0.922395,0.342710
86,549,5536,35168,3,center,17.009,-14.991,4.000,17361.149,19910.027,70333.285,-0.207982,-0.924091,0.320622
86,550,5536,35232,3,center,23.177,-8.823,4.000,17303.663,19920.389,70319.464,-0.213392,-0.936209,0.279244
86,551,5536,35296,3,center,25.921,-6.079,4.000,17245.847,19929.599,70305.998,-0.268469,-0.923599,0.273660
86,552,5536,35360,3,center,25.937,-6.063,4.000,17189.519,19944.908,70291.164,-0.358901,-0.898223,0.253742
86,553,5536,35424,3,center,27.005,-4.995,4.000,17134.349,19964.026,70275.391,-0.432945,-0.814862,0.385433
86,554,5536,35488,3,center,30.123,-1.877,4.000,17080.537,19986.786,70258.535,-0.467837,-0.786697,0.402785
86,555,5536,35552,3,center,30.493,-1.507,4.000,17027.427,20011.728,70241.001,-0.484228,-0.677394,0.553770
86,556,5536,35616,3,block_,30.487,-1.513,4.000,16972.976,20035.586,70223.991,-0.493019,-0.751940,0.437628
86,557,5536,35680,3,block_,31.684,-0.316,4.000,16921.475,20062.639,70205.993,-0.564783,-0.760378,0.320696
87,302,5600,19360,2,block_,36.303,4.303,4.000,16526.107,22572.026,69107.829,-0.194228,0.979307,-0.056859
87,303,5600,19424,2,center,36.129,4.129,4.000,16585.837,22578.908,69112.523,-0.030696,0.999357,0.018544
87,304,5600,19488,2,center,34.061,2.061,4.016,16647.110,22580.951,69117.966,-0.056881,0.998100,-0.023695
87,305,5600,19552,2,center,34.074,2.074,5.969,16708.315,22585.560,69124.826,-0.042271,0.999095,0.004637
87,306,5600,19616,2,center,31.160,-0.840,4.000,16768.281,22583.876,69132.938,0.157564,0.985676,-0.060137
87,307,5600,19680,2,center,40.189,8.189,4.000,16827.042,22572.482,69142.465,0.257204,0.948497,-0.184931
87,308,5600,19744,2,center,40.190,8.190,4.000,16885.357,22558.050,69153.304,0.283467,0.914301,-0.289310
87,309,5600,19808,2,center,40.177,8.177,4.000,16943.065,22541.488,69164.910,0.365815,0.863549,-0.347078
87,310,5600,19872,2,center,36.372,4.372,4.000,17000.748,22524.981,69176.986,0.310986,0.893715,-0.323360
87,311,5600,19936,2,center,36.346,4.346,4.000,17056.660,22504.196,69190.042,0.406042,0.858650,-0.312810
87,312,5600,20000,2,center,36.346,4.346,4.000,17112.296,22483.089,69203.229,0.452570,0.833194,-0.317754
87,327,5600,20960,2,center,36.337,4.337,4.000,17906.443,22075.907,69428.505,0.537698,0.674663,-0.505678
87,328,5600,21024,2,center,35.284,3.284,4.000,17959.295,22047.970,69444.160,0.499148,0.683530,-0.532576
87,329,5600,21088,2,center,34.969,2.969,4.000,18011.926,22020.602,69459.598,0.518739,0.704633,-0.484151
87,330,5600,21152,2,center,36.348,4.348,4.000,18063.294,21992.531,69475.357,0.558868,0.720276,-0.410936
87,331,5600,21216,2,center,37.961,5.961,4.000,18111.437,21960.700,69492.776,0.628130,0.692321,-0.355169
87,332,5600,21280,2,center,38.665,6.665,4.000,18158.604,21927.385,69510.483,0.620514,0.684926,-0.381888
87,333,5600,21344,2,block_,37.411,5.411,4.000,18205.836,21894.105,69527.422,0.627814,0.645782,-0.434530
87,374,5600,23968,1,block_,37.288,5.288,4.000,18624.411,19966.302,70269.371,0.534764,-0.680544,0.500886
87,375,5600,24032,1,center,36.843,4.843,4.000,18575.033,19932.871,70273.580,0.491366,-0.686106,0.536487
87,376,5600,24096,1,center,30.510,-1.490,4.000,18525.551,19899.330,70278.205,0.512376,-0.652838,0.557920
87,377,5600,24160,1,center,30.510,-1.490,4.000,18476.117,19866.060,70282.763,0.485631,-0.706640,0.514609
87,378,5600,24224,1,block_,30.425,-1.575,4.000,18424.596,19836.388,70285.124,0.420743,-0.750818,0.509165
87,531,5600,34016,3,center,30.026,-1.974,3.984,18422.196,19961.208,70399.057,0.323251,-0.881816,0.343379
87,532,5600,34080,3,center,23.545,-8.455,2.031,18365.431,19940.132,70400.766,0.279580,-0.877105,0.390540
87,533,5600,34144,3,center,23.550,-8.450,4.000,18307.252,19923.411,70400.445,0.274203,-0.875269,0.398393
87,534,5600,34208,3,center,24.176,-7.824,4.000,18249.479,19905.240,70400.356,0.259519,-0.862858,0.433735
87,535,5600,34272,3,center,27.607,-4.393,3.984,18191.505,19887.324,70400.148,0.266367,-0.853051,0.448724
87,536,5600,34336,3,center,34.561,2.561,4.000,18133.419,19869.654,70399.672,0.244530,-0.854717,0.457891
87,537,5600,34400,3,center,34.518,2.518,4.000,18075.073,19852.701,70398.561,0.211354,-0.860814,0.462957
87,543,5600,34784,3,block_,30.120,-1.880,4.000,17717.685,19822.466,70358.865,-0.277071,-0.957964,-0.074414
87,544,5600,34848,3,center,30.120,-1.880,4.016,17660.328,19840.515,70344.671,-0.270167,-0.962705,0.014481
87,545,5600,34912,3,center,30.108,-1.892,5.984,17603.383,19856.442,70330.010,-0.291443,-0.945656,0.144207
87,546,5600,34976,3,center,28.479,-3.521,5.969,17545.962,19868.231,70316.188,-0.206549,-0.944604,0.255071
87,547,5600,35040,3,center,15.801,-16.199,4.000,17487.653,19875.791,70303.340,-0.165826,-0.950048,0.264405
87,548,5600,35104,3,center,10.895,-21.105,4.000,17430.075,19886.454,70289.568,-0.241665,-0.941442,0.235128
87,549,5600,35168,3,center,10.977,-21.023,4.000,17371.894,19894.101,70276.473,-0.161690,-0.959054,0.232532
87,550,5600,35232,3,center,20.635,-11.365,4.000,17314.264,19903.759,70262.828,-0.232738,-0.951106,0.203052
87,551,5600,35296,3,center,25.925,-6.075,4.000,17257.091,19915.571,70248.596,-0.262825,-0.953406,0.148121
87,552,5600,35360,3,center,26.980,-5.020,4.000,17200.189,19929.242,70234.088,-0.285334,-0.937345,0.199921
87,553,5600,35424,3,center,28.131,-3.869,4.000,17143.933,19945.537,70218.785,-0.352621,-0.919964,0.171245
87,554,5600,35488,3,center,30.121,-1.879,4.000,17088.964,19965.702,70202.534,-0.402206,-0.891823,0.207078
87,555,5600,35552,3,block_,30.281,-1.719,4.000,17033.204,19985.704,70186.550,-0.391208,-0.916670,0.081688
88,302,5664,19360,2,block_,36.320,4.320,4.000,16527.991,22579.065,69047.402,-0.252567,0.960635,0.115715
88,303,5664,19424,2,center,36.350,4.350,4.000,16589.873,22587.490,69051.310,-0.097171,0.988055,0.119607
88,304,5664,19488,2,center,36.939,4.939,4.000,16652.922,22590.765,69056.530,-0.028647,0.973088,0.228645
88,305,5664,19552,2,center,41.532,9.532,4.000,16714.929,22586.516,69064.275,0.148365,0.979117,-0.138990
88,306,5664,19616,2,center,41.073,9.073,4.000,16776.461,22578.953,69072.173,0.140250,0.975408,-0.170026
88,307,5664,19680,2,center,40.577,8.577,4.000,16835.759,22563.801,69082.260,0.372330,0.923973,-0.087435
88,308,5664,19744,2,center,40.594,8.594,4.000,16892.582,22542.387,69094.575,0.378647,0.916330,-0.130255
88,309,5664,19808,2,center,42.783,10.783,4.000,16950.079,22524.763,69106.823,0.279373,0.955518,-0.094533
88,310,5664,19872,2,center,39.682,7.682,4.000,17008.056,22508.947,69118.793,0.294633,0.950029,-0.103129
88,311,5664,19936,2,center,36.346,4.346,4.000,17063.984,22487.639,69131.991,0.383240,0.923612,-0.008250
88,312,5664,20000,2,center,36.346,4.346,4.000,17120.053,22465.895,69145.129,0.351119,0.929707,-0.111172
88,327,5664,20960,2,center,36.335,4.335,4.000,17906.227,22045.478,69375.078,0.515593,0.830558,-0.210563
88,328,5664,21024,2,center,34.896,2.896,4.000,17958.269,22016.129,69391.809,0.553427,0.790247,-0.263113
88,329,5664,21088,2,center,24.641,-7.359,4.000,18011.016,21989.086,69407.539,0.476087,0.792645,-0.380862
88,330,5664,21152,2,center,35.006,3.006,4.000,18064.310,21964.535,69422.230,0.489475,0.797194,-0.353406
88,331,5664,21216,2,center,36.297,4.297,4.000,18114.243,21935.644,69438.254,0.609393,0.744688,-0.272177
88,332,5664,21280,2,center,36.346,4.346,4.000,18159.929,21901.125,69456.260,0.650773,0.710675,-0.267275
88,333,5664,21344,2,block_,36.859,4.859,4.000,18206.018,21866.889,69474.036,0.644555,0.695262,-0.318056
88,373,5664,23904,1,block_,34.686,2.686,4.000,18690.441,19970.753,70216.444,0.520169,-0.560875,0.644083
88,374,5664,23968,1,center,37.519,5.519,4.000,18641.681,19935.577,70220.910,0.483809,-0.626032,0.611565
88,375,5664,24032,1,center,30.101,-1.899,4.000,18591.720,19901.960,70224.701,0.468803,-0.643848,0.604717
88,376,5664,24096,1,center,25.308,-6.692,4.000,18541.847,19868.340,70229.382,0.498688,-0.628860,0.596528
88,377,5664,24160,1,center,25.379,-6.621,4.000,18491.405,19835.935,70233.526,0.423358,-0.670751,0.608983
88,378,5664,24224,1,block_,29.020,-2.980,4.000,18439.322,19806.363,70235.899,0.388262,-0.675880,0.626450
88,531,5664,34016,3,center,24.660,-7.340,4.000,18427.615,19941.796,70342.042,0.363498,-0.868101,0.338039
88,532,5664,34080,3,center,23.563,-8.437,4.000,18371.257,19920.445,70343.945,0.333353,-0.870239,0.362711
88,533,5664,34144,3,center,23.589,-8.411,4.000,18314.447,19900.274,70345.096,0.305176,-0.851579,0.426241
88,534,5664,34208,3,center,26.943,-5.057,3.984,18257.259,19880.767,70345.608,0.288002,-0.853751,0.433780
88,535,5664,34272,3,center,28.901,-3.099,2.016,18200.026,19861.034,70346.201,0.283090,-0.856781,0.431030
88,536,5664,34336,3,center,33.533,1.533,4.000,18141.824,19844.036,70345.173,0.235222,-0.867733,0.437848
88,537,5664,34400,3,center,32.487,0.487,4.000,18083.492,19827.139,70344.012,0.225589,-0.874459,0.429455
88,543,5664,34784,3,block_,30.120,-1.880,4.000,17730.457,19817.887,70298.932,-0.304343,-0.945235,0.117926
88,544,5664,34848,3,center,30.120,-1.880,4.000,17672.730,19832.316,70285.634,-0.218948,-0.940998,0.258039
88,545,5664,34912,3,center,30.180,-1.820,4.000,17613.887,19840.349,70272.866,-0.219425,-0.928344,0.300051
88,546,5664,34976,3,center,29.138,-2.862,4.000,17555.597,19848.696,70260.099,-0.183077,-0.918515,0.350447
88,547,5664,35040,3,center,22.755,-9.245,4.000,17497.254,19855.837,70247.588,-0.211558,-0.919790,0.330498
88,548,5664,35104,3,center,15.409,-16.591,4.000,17439.365,19864.786,70234.414,-0.221714,-0.913451,0.341249
88,549,5664,35168,3,center,16.309,-15.691,3.984,17381.943,19875.286,70220.552,-0.259199,-0.926854,0.271582
88,550,5664,35232,3,center,20.665,-11.335,3.984,17324.771,19886.710,70206.215,-0.251522,-0.932231,0.260158
88,551,5664,35296,3,center,25.391,-6.609,4.000,17267.351,19897.908,70192.100,-0.264136,-0.925383,0.271843
88,552,5664,35360,3,center,27.020,-4.980,4.000,17211.074,19913.238,70176.939,-0.335556,-0.921653,0.194828
88,553,5664,35424,3,block_,29.177,-2.823,4.000,17155.379,19930.682,70161.099,-0.364915,-0.916446,0.164208
88,554,5664,35488,3,block_,29.691,-2.309,4.000,17100.638,19951.152,70144.688,-0.396935,-0.906508,0.143826
89,304,5728,19488,2,block_,37.956,5.956,4.000,16658.652,22588.511,68994.081,0.130031,0.981651,-0.139474
89,305,5728,19552,2,block_,41.217,9.217,4.000,16720.879,22575.090,69002.640,0.223375,0.970873,-0.086657
89,306,5728,19616,2,center,40.543,8.543,4.000,16782.437,22562.851,69011.959,0.222401,0.959933,-0.170488
89,307,5728,19680,2,center,39.548,7.548,4.000,16842.229,22547.089,69022.843,0.317091,0.935213,-0.157577
89,308,5728,19744,2,center,39.552,7.552,4.000,16901.143,22530.024,69034.670,0.305197,0.942558,-0.135789
89,309,5728,19808,2,center,40.153,8.153,4.000,16959.773,22514.491,69046.917,0.272454,0.950318,-0.150550
89,310,5728,19872,2,center,39.655,7.655,4.000,17017.847,22498.308,69059.449,0.326152,0.923772,-0.200677
89,311,5728,19936,2,block_,36.897,4.897,4.000,17075.814,22481.327,69072.196,0.314151,0.927538,-0.202442
89,312,5728,20000,2,block_,36.346,4.346,4.000,17133.112,22460.923,69085.039,0.439078,0.895680,-0.070479
89,327,5728,20960,2,center,36.273,4.273,4.000,17919.436,22034.421,69315.014,0.509546,0.859743,0.034697
89,328,5728,21024,2,center,27.046,-4.954,4.000,17970.261,22002.730,69333.406,0.531670,0.846952,-0.000590
89,329,5728,21088,2,center,24.634,-7.366,4.000,18019.279,21970.988,69351.211,0.603622,0.788771,-0.116107
89,330,5728,21152,2,center,29.404,-2.596,4.000,18067.527,21939.907,69367.800,0.531154,0.778241,-0.334988
89,331,5728,21216,2,center,30.101,-1.899,4.000,18117.116,21910.884,69383.902,0.596814,0.719039,-0.356085
89,332,5728,21280,2,block_,34.978,2.978,4.000,18162.987,21877.042,69401.554,0.649955,0.716115,-0.254437
89,372,5728,23840,1,block_,32.349,0.349,4.000,18751.886,19982.215,70158.083,0.671928,-0.526292,0.521085
89,373,5728,23904,1,center,38.477,6.477,4.000,18708.131,19940.664,70167.215,0.627687,-0.658422,0.415318
89,374,5728,23968,1,center,38.391,6.391,4.000,18659.901,19903.433,70172.644,0.501196,-0.667108,0.551152
89,375,5728,24032,1,center,30.101,-1.899,4.000,18609.526,19869.335,70177.032,0.526326,-0.638760,0.561218
89,376,5728,24096,1,center,25.379,-6.621,4.000,18559.641,19834.891,70182.274,0.477429,-0.625073,0.617532
89,377,5728,24160,1,center,29.912,-2.088,4.000,18509.212,19801.297,70187.433,0.451225,-0.612780,0.648765
89,378,5728,24224,1,block_,29.868,-2.132,4.000,18457.175,19770.309,70191.321,0.380851,-0.626487,0.680049
89,531,5728,34016,3,center,30.087,-1.913,4.000,18433.617,19921.041,70285.888,0.383090,-0.828865,0.407708
89,532,5728,34080,3,center,25.922,-6.078,4.000,18378.355,19897.457,70288.706,0.366914,-0.834093,0.411901
89,533,5728,34144,3,center,25.961,-6.039,4.000,18322.538,19875.004,70290.971,0.321520,-0.835831,0.444984
89,534,5728,34208,3,center,28.879,-3.121,3.984,18265.531,19855.364,70291.419,0.279588,-0.853905,0.438949
89,535,5728,34272,3,center,28.884,-3.116,2.031,18208.001,19836.924,70291.286,0.272893,-0.869656,0.411372
89,536,5728,34336,3,center,30.120,-1.880,4.000,18150.005,19819.473,70290.335,0.248053,-0.884665,0.394762
89,537,5728,34400,3,block_,30.954,-1.046,4.000,18091.335,19804.161,70288.435,0.201379,-0.908300,0.366657
89,543,5728,34784,3,block_,30.120,-1.880,4.000,17738.651,19798.016,70242.639,-0.251034,-0.869067,0.426267
89,544,5728,34848,3,center,30.188,-1.812,4.000,17680.437,19808.043,70230.720,-0.243645,-0.890141,0.385080
89,545,5728,34912,3,center,38.912,6.912,4.000,17622.601,19817.957,70217.913,-0.206421,-0.929276,0.306329
89,546,5728,34976,3,center,40.563,8.563,4.000,17564.555,19826.423,70205.220,-0.205094,-0.942267,0.264707
89,547,5728,35040,3,center,29.040,-2.960,4.000,17506.824,19835.740,70192.002,-0.215542,-0.949293,0.228878
89,548,5728,35104,3,center,20.759,-11.241,3.984,17449.116,19844.913,70178.583,-0.225969,-0.945145,0.235879
89,549,5728,35168,3,center,20.662,-11.338,2.016,17392.336,19857.573,70164.078,-0.249141,-0.938292,0.239867
89,550,5728,35232,3,center,24.997,-7.003,2.031,17335.152,19868.757,70149.982,-0.270635,-0.931486,0.243086
89,551,5728,35296,3,center,26.987,-5.013,4.000,17278.902,19883.393,70134.941,-0.313855,-0.938526,0.143751
89,552,5728,35360,3,block_,28.064,-3.936,4.000,17222.995,19899.584,70119.444,-0.300331,-0.945162,0.128333
90,328,5792,21024,2,block_,32.440,0.440,4.000,17978.908,21982.962,69277.408,0.611013,0.715518,-0.338669
90,329,5792,21088,2,block_,29.567,-2.433,4.000,18025.846,21950.399,69295.700,0.632247,0.727890,-0.265404
90,330,5792,21152,2,center,36.346,4.346,4.000,18071.730,21916.805,69313.418,0.619087,0.768218,-0.163011
90,331,5792,21216,2,block_,33.736,1.736,4.000,18120.957,21887.844,69329.699,0.480312,0.862255,-0.160676
90,371,5792,23776,1,block_,30.467,-1.533,4.000,18810.679,19997.387,70096.210,0.772549,-0.352846,0.527889
90,372,5792,23840,1,center,32.056,0.056,4.000,18772.396,19950.530,70109.228,0.585817,-0.520721,0.621021
90,373,5792,23904,1,center,36.072,4.072,4.000,18722.111,19914.310,70113.839,0.469428,-0.631584,0.617040
90,374,5792,23968,1,center,33.317,1.317,4.000,18671.989,19878.666,70117.987,0.558005,-0.707319,0.433971
90,375,5792,24032,1,center,30.179,-1.821,4.000,18622.445,19842.590,70123.700,0.559612,-0.710412,0.426790
90,376,5792,24096,1,center,29.947,-2.053,4.000,18573.680,19805.853,70130.694,0.600476,-0.685359,0.411961
90,377,5792,24160,1,center,29.947,-2.053,4.000,18524.948,19769.111,70138.412,0.568072,-0.696538,0.438325
90,378,5792,24224,1,block_,29.912,-2.088,4.000,18472.989,19736.823,70143.330,0.441037,-0.725144,0.528823
90,531,5792,34016,3,block_,29.710,-2.290,4.000,18441.511,19896.048,70231.933,0.383688,-0.806716,0.449437
90,532,5792,34080,3,center,30.136,-1.864,4.000,18385.989,19873.402,70234.217,0.332306,-0.836054,0.436562
90,533,5792,34144,3,center,32.202,0.202,4.000,18330.236,19851.029,70236.275,0.347937,-0.854409,0.385909
90,534,5792,34208,3,center,30.680,-1.320,4.000,18273.579,19830.826,70236.951,0.290976,-0.864476,0.409895
90,535,5792,34272,3,center,30.120,-1.880,4.000,18216.013,19812.934,70236.358,0.233366,-0.871094,0.432129
90,536,5792,34336,3,block_,30.109,-1.891,3.984,18157.713,19796.757,70234.807,0.218268,-0.861056,0.459284
90,544,5792,34848,3,block_,32.657,0.657,4.000,17688.172,19785.497,70175.744,-0.315942,-0.900116,0.299952
90,545,5792,34912,3,center,38.843,6.843,4.000,17631.937,19799.684,70161.887,-0.282047,-0.924954,0.254773
90,546,5792,34976,3,center,40.489,8.489,4.000,17575.086,19811.336,70148.336,-0.212987,-0.956074,0.201392
90,547,5792,35040,3,center,30.120,-1.880,4.000,17517.870,19822.241,70134.835,-0.217921,-0.951956,0.215151
90,548,5792,35104,3,center,30.079,-1.921,4.000,17460.107,19830.216,70121.612,-0.181946,-0.953395,0.240693
90,549,5792,35168,3,block_,24.612,-7.388,3.484,17402.579,19839.233,70107.988,-0.217721,-0.935201,0.279278
90,550,5792,35232,3,block_,27.967,-4.033,3.415,17346.007,19852.244,70093.326,-0.311963,-0.931087,0.189093
90,551,5792,35296,3,block_,28.568,-3.432,3.748,17290.237,19868.258,70077.916,-0.321779,-0.928492,0.185367
91,371,5856,23776,1,center,29.939,-2.061,4.000,18828.578,19968.808,70043.968,0.809286,-0.453233,0.373678
91,372,5856,23840,1,center,33.352,1.352,4.000,18787.703,19922.877,70056.050,0.657051,-0.679575,0.326285
91,373,5856,23904,1,center,36.040,4.040,4.000,18739.922,19882.523,70063.694,0.578846,-0.674898,0.457657
91,374,5856,23968,1,center,33.332,1.332,4.000,18687.935,19848.457,70066.922,0.430844,-0.698847,0.570952
91,375,5856,24032,1,center,35.586,3.586,4.000,18635.450,19815.493,70069.953,0.510172,-0.659796,0.551719
91,376,5856,24096,1,center,34.460,2.460,4.000,18584.697,19780.279,70075.901,0.517789,-0.647066,0.559642
91,377,5856,24160,1,center,34.425,2.425,4.000,18535.331,19743.834,70083.342,0.557737,-0.664411,0.497480
91,378,5856,24224,1,block_,31.175,-0.825,4.000,18485.044,19708.778,70089.965,0.581277,-0.696605,0.420545
91,532,5856,34080,3,block_,30.823,-1.177,4.000,18394.396,19847.713,70180.735,0.323953,-0.844797,0.425878
91,533,5856,34144,3,block_,31.739,-0.261,4.000,18338.032,19827.400,70181.769,0.267506,-0.894038,0.359357
91,534,5856,34208,3,block_,30.751,-1.249,4.000,18280.716,19809.431,70181.262,0.297942,-0.892314,0.339126
91,535,5856,34272,3,block_,30.190,-1.810,4.000,18223.083,19792.274,70180.335,0.276123,-0.917798,0.285311
92,371,5920,23776,1,center,29.928,-2.072,4.000,18838.189,19946.127,69986.451,0.762961,-0.556909,0.328243
92,372,5920,23840,1,center,32.007,0.007,4.000,18796.110,19901.161,69997.377,0.692650,-0.630521,0.350255
92,373,5920,23904,1,center,31.991,-0.009,4.000,18750.691,19858.812,70006.667,0.659461,-0.674796,0.331304
92,374,5920,23968,1,center,29.956,-2.044,4.000,18702.793,19819.522,70014.032,0.565422,-0.669418,0.481849
92,375,5920,24032,1,center,35.550,3.550,4.000,18652.529,19783.058,70019.987,0.529086,-0.641080,0.555954
92,376,5920,24096,1,center,35.586,3.586,4.000,18601.861,19747.037,70026.387,0.501225,-0.692360,0.519048
92,377,5920,24160,1,center,35.541,3.541,4.000,18548.595,19714.941,70030.462,0.466625,-0.739644,0.484961
93,371,5984,23776,1,block_,30.256,-1.744,4.000,18850.472,19921.079,69930.564,0.681976,-0.514537,0.519769
93,372,5984,23840,1,center,31.177,-0.823,4.000,18806.653,19877.397,69940.483,0.658613,-0.616267,0.431790
93,373,5984,23904,1,center,31.168,-0.832,4.000,18759.929,19836.430,69949.054,0.651524,-0.635954,0.413617
93,374,5984,23968,1,center,29.912,-2.088,4.000,18713.577,19795.322,69957.599,0.608313,-0.703451,0.367576
93,375,5984,24032,1,center,29.970,-2.030,4.000,18663.519,19758.189,69964.245,0.588987,-0.750268,0.300320
93,376,5984,24096,1,center,34.440,2.440,4.000,18611.809,19723.264,69969.932,0.511391,-0.818675,0.261249
93,377,5984,24160,1,center,34.380,2.380,4.000,18558.560,19690.804,69974.485,0.541794,-0.770463,0.335924
94,371,6048,23776,1,block_,30.139,-1.861,4.000,18870.372,19889.884,69879.667,0.662021,-0.581667,0.472644
94,372,6048,23840,1,center,29.872,-2.128,4.000,18823.608,19847.340,69887.943,0.552076,-0.610910,0.567451
94,373,6048,23904,1,center,29.912,-2.088,4.000,18771.839,19811.268,69892.928,0.539246,-0.690206,0.482525
94,374,6048,23968,1,center,29.934,-2.066,4.000,18721.566,19774.343,69899.011,0.569418,-0.743868,0.349890
94,375,6048,24032,1,center,32.796,0.796,4.000,18669.680,19739.486,69904.529,0.536799,-0.784542,0.310389
94,376,6048,24096,1,center,33.017,1.017,4.000,18617.496,19705.121,69910.152,0.554301,-0.753388,0.353775
94,377,6048,24160,1,block_,31.719,-0.281,4.000,18565.649,19670.676,69916.052,0.532356,-0.765380,0.361648
95,372,6112,23840,1,block_,29.902,-2.098,4.000,18835.188,19822.572,69830.945,0.650550,-0.690731,0.315713
95,373,6112,23904,1,center,29.912,-2.088,4.000,18786.030,19782.675,69838.113,0.551767,-0.679708,0.483270
95,374,6112,23968,1,center,29.912,-2.088,4.000,18731.881,19749.919,69842.227,0.456877,-0.754212,0.471622
95,375,6112,24032,1,center,29.912,-2.088,4.000,18678.075,19717.421,69846.461,0.508439,-0.741567,0.437685
95,376,6112,24096,1,block_,30.817,-1.183,4.000,18625.853,19682.715,69852.282,0.574838,-0.704907,0.415533
103,586,6624,37536,4,block_,31.741,-0.259,4.000,16196.121,21165.251,68703.367,-0.902968,-0.135319,-0.407845
103,587,6624,37600,4,block_,31.720,-0.280,4.000,16194.441,21227.310,68690.646,-0.867886,-0.055354,-0.493670
103,588,6624,37664,4,center,31.682,-0.318,4.000,16200.311,21289.722,68681.713,-0.858911,0.010040,-0.512027
103,589,6624,37728,4,center,31.675,-0.325,4.000,16204.152,21351.247,68672.628,-0.913310,-0.093124,-0.396474
103,590,6624,37792,4,block_,29.902,-2.098,4.000,16201.387,21411.577,68661.169,-0.908873,-0.134763,-0.394701
104,585,6688,37472,4,block_,32.985,0.985,4.033,16233.494,21095.657,68663.506,-0.838195,-0.255083,-0.482040
104,586,6688,37536,4,center,31.760,-0.240,4.016,16225.313,21155.454,68648.783,-0.843026,-0.212890,-0.493949
104,587,6688,37600,4,center,31.647,-0.353,4.000,16224.414,21216.851,68636.473,-0.903661,-0.075439,-0.421551
104,588,6688,37664,4,center,24.177,-7.823,4.016,16225.135,21279.365,68625.326,-0.923629,-0.062230,-0.378201
104,589,6688,37728,4,center,23.291,-8.709,4.016,16225.156,21341.438,68615.549,-0.864963,-0.020772,-0.501405
104,590,6688,37792,4,center,25.507,-6.493,4.016,16227.805,21402.572,68607.014,-0.814084,-0.062493,-0.577375
104,591,6688,37856,4,block_,30.657,-1.343,4.000,16229.631,21463.293,68598.385,-0.779233,-0.093460,-0.619726
105,584,6752,37408,4,block_,38.313,6.313,4.391,16271.747,21028.274,68623.627,-0.808591,-0.220836,-0.545354
105,585,6752,37472,4,center,37.096,5.096,4.031,16265.858,21087.978,68611.796,-0.772827,-0.170274,-0.611347
105,586,6752,37536,4,center,34.126,2.126,5.984,16263.678,21148.018,68601.480,-0.719002,-0.087180,-0.689518
105,587,6752,37600,4,center,27.178,-4.822,4.016,16264.535,21209.042,68592.507,-0.637656,-0.098856,-0.763952
105,588,6752,37664,4,center,23.341,-8.659,6.000,16266.807,21271.191,68583.551,-0.592759,-0.105422,-0.798450
105,589,6752,37728,4,center,23.444,-8.556,6.000,16269.865,21333.271,68574.192,-0.604905,-0.071019,-0.793124
105,590,6752,37792,4,center,25.665,-6.335,5.984,16271.241,21394.923,68563.582,-0.704845,-0.136361,-0.696132
105,591,6752,37856,4,center,31.741,-0.259,4.000,16271.152,21456.219,68553.177,-0.740021,-0.126532,-0.660575
105,592,6752,37920,4,block_,31.741,-0.259,4.000,16265.432,21515.566,68540.885,-0.881340,-0.184205,-0.435095
106,584,6816,37408,4,center,49.602,17.602,5.984,16311.432,21024.198,68578.552,-0.805739,-0.225826,-0.547528
106,585,6816,37472,4,center,49.463,17.463,5.984,16304.927,21082.572,68567.737,-0.880454,-0.181020,-0.438215
106,586,6816,37536,4,center,31.799,-0.201,5.969,16302.974,21141.199,68557.690,-0.925911,-0.067250,-0.371708
106,587,6816,37600,4,center,31.742,-0.258,4.016,16303.575,21201.056,68547.941,-0.957514,-0.035267,-0.286221
106,588,6816,37664,4,center,31.829,-0.171,5.984,16303.626,21262.296,68537.673,-0.971286,-0.110615,-0.210635
106,589,6816,37728,4,center,42.866,10.866,5.984,16300.588,21323.249,68525.131,-0.980729,0.019657,-0.194384
106,590,6816,37792,4,center,45.669,13.669,5.969,16303.895,21385.308,68513.196,-0.991235,-0.031807,-0.128223
106,591,6816,37856,4,center,31.822,-0.178,4.000,16295.643,21446.128,68500.004,-0.983323,-0.175950,-0.046023
106,592,6816,37920,4,center,31.741,-0.259,4.000,16287.004,21505.407,68485.501,-0.970405,-0.219298,-0.101102
107,584,6880,37408,4,center,47.290,15.290,4.000,16330.895,21015.372,68524.099,-0.966025,-0.249100,-0.068890
107,585,6880,37472,4,center,47.283,15.283,4.000,16317.985,21072.666,68510.817,-0.974842,-0.205566,-0.086173
107,586,6880,37536,4,center,38.995,6.995,4.000,16308.975,21131.094,68498.971,-0.991005,-0.115838,-0.067018
107,587,6880,37600,4,center,31.815,-0.185,4.000,16305.229,21190.662,68488.341,-0.994863,-0.083505,-0.057215
107,588,6880,37664,4,center,31.900,-0.100,4.000,16301.745,21250.558,68476.828,-0.998089,-0.001248,0.061774
107,589,6880,37728,4,center,42.816,10.816,4.000,16298.727,21311.113,68465.300,-0.991454,-0.040315,0.124072
107,590,6880,37792,4,center,45.707,13.707,4.000,16294.586,21371.860,68453.373,-0.993718,-0.037099,0.105581
107,591,6880,37856,4,center,41.971,9.971,4.000,16291.142,21432.262,68439.935,-0.992281,-0.041828,0.116740
107,592,6880,37920,4,center,31.741,-0.259,4.000,16285.980,21491.554,68426.505,-0.996224,-0.084719,0.018964
107,593,6880,37984,4,block_,31.741,-0.259,4.000,16283.452,21550.296,68413.541,-0.988114,-0.061413,-0.140921
108,584,6944,37408,4,center,31.799,-0.201,4.000,16343.114,21004.651,68466.024,-0.908862,-0.315342,-0.272999
108,585,6944,37472,4,center,38.995,6.995,4.000,16329.582,21062.404,68452.630,-0.937754,-0.244857,-0.246299
108,586,6944,37536,4,center,31.742,-0.258,4.000,16320.245,21121.078,68440.420,-0.956529,-0.148235,-0.251154
108,587,6944,37600,4,center,31.815,-0.185,4.000,16314.359,21180.366,68429.168,-0.962614,-0.183538,-0.199221
108,588,6944,37664,4,center,31.850,-0.150,4.000,16306.121,21239.527,68417.056,-0.974384,-0.144104,-0.172654
108,589,6944,37728,4,center,36.434,4.434,4.000,16300.796,21299.485,68405.131,-0.984349,-0.124595,-0.124634
108,590,6944,37792,4,center,40.335,8.335,4.000,16296.701,21359.530,68392.994,-0.991133,-0.084545,-0.102503
108,591,6944,37856,4,center,38.372,6.372,4.000,16291.532,21419.256,68380.035,-0.988105,-0.101307,-0.115691
108,592,6944,37920,4,center,31.768,-0.232,4.000,16290.021,21478.854,68367.564,-0.988455,-0.028565,-0.148797
108,593,6944,37984,4,block_,31.747,-0.253,4.000,16291.324,21538.015,68355.429,-0.985268,0.019621,-0.169886
109,584,7008,37408,4,block_,32.135,0.135,4.000,16367.421,20998.226,68410.945,-0.842468,-0.381981,-0.379919
109,585,7008,37472,4,center,31.741,-0.259,4.000,16351.739,21054.792,68397.088,-0.881514,-0.295379,-0.368354
109,586,7008,37536,4,center,31.742,-0.258,4.000,16340.316,21112.561,68384.162,-0.922483,-0.218108,-0.318519
109,587,7008,37600,4,center,31.813,-0.187,4.000,16329.417,21170.530,68371.189,-0.939682,-0.274710,-0.203796
109,588,7008,37664,4,center,31.764,-0.236,4.000,16318.760,21228.992,68358.003,-0.964035,-0.147707,-0.220952
109,589,7008,37728,4,center,34.589,2.589,4.000,16313.591,21288.748,68346.144,-0.966250,-0.124783,-0.225367
109,590,7008,37792,4,center,35.982,3.982,4.016,16309.221,21348.368,68334.291,-0.962259,-0.124037,-0.242224
109,591,7008,37856,4,center,37.457,5.457,4.016,16304.540,21407.676,68321.796,-0.964260,-0.101498,-0.244745
109,592,7008,37920,4,center,35.223,3.223,4.000,16303.360,21467.129,68309.588,-0.979349,-0.039734,-0.198233
109,593,7008,37984,4,block_,32.699,0.699,4.000,16300.477,21526.041,68297.171,-0.992614,-0.114338,-0.040537
110,399,7072,25568,6,block_,32.098,0.098,4.000,17450.126,19279.821,68849.557,-0.603809,-0.731631,0.316434
110,400,7072,25632,6,center,35.400,3.400,4.000,17402.615,19312.576,68828.905,-0.660562,-0.655861,0.365383
110,401,7072,25696,6,center,36.221,4.221,4.000,17356.376,19347.415,68808.078,-0.639298,-0.718361,0.274329
110,402,7072,25760,6,center,44.272,12.272,4.000,17310.239,19381.821,68788.676,-0.671448,-0.710522,0.210515
110,403,7072,25824,6,block_,36.022,4.022,4.000,17268.177,19419.648,68767.189,-0.710997,-0.677660,0.187779
110,404,7072,25888,6,block_,35.917,3.917,4.000,17227.848,19458.834,68745.666,-0.744343,-0.645411,0.171459
110,585,7072,37472,4,block_,31.741,-0.259,4.000,16374.778,21047.567,68342.003,-0.881239,-0.372923,-0.290425
110,586,7072,37536,4,block_,31.741,-0.259,4.000,16357.756,21103.121,68327.555,-0.942201,-0.270310,-0.197964
110,587,7072,37600,4,block_,31.752,-0.248,4.000,16345.305,21160.452,68313.747,-0.962592,-0.215180,-0.164665
110,588,7072,37664,4,center,31.746,-0.254,4.000,16337.592,21219.418,68300.665,-0.975642,-0.156749,-0.153466
110,589,7072,37728,4,center,32.308,0.308,4.016,16328.787,21278.567,68288.420,-0.983064,-0.176067,-0.050840
110,590,7072,37792,4,center,34.276,2.276,5.984,16319.359,21337.287,68276.421,-0.994104,-0.103058,0.033713
110,591,7072,37856,4,center,38.406,6.406,5.984,16314.030,21396.043,68263.940,-0.994249,-0.099829,0.038762
110,592,7072,37920,4,center,38.354,6.354,4.000,16304.857,21454.305,68251.453,-0.982762,-0.132022,0.129418
111,398,7136,25504,6,block_,29.295,-2.705,3.359,17507.014,19227.290,68813.641,-0.489867,-0.869434,0.064150
111,399,7136,25568,6,block_,30.378,-1.622,3.578,17457.893,19257.250,68794.179,-0.625198,-0.779766,0.033053
111,400,7136,25632,6,center,35.406,3.406,3.984,17406.611,19285.468,68775.427,-0.543276,-0.833999,-0.096416
111,401,7136,25696,6,center,36.221,4.221,4.000,17365.042,19327.379,68753.917,-0.624294,-0.779029,-0.058057
111,402,7136,25760,6,center,44.355,12.355,4.000,17320.364,19362.145,68732.601,-0.674996,-0.735853,0.053862
111,403,7136,25824,6,center,43.499,11.499,4.000,17277.794,19399.199,68711.797,-0.638496,-0.769609,0.004974
111,404,7136,25888,6,center,42.865,10.865,4.000,17238.109,19438.878,68690.325,-0.752788,-0.653559,-0.078553
111,405,7136,25952,6,block_,32.992,0.992,4.000,17201.761,19481.405,68668.831,-0.720494,-0.690320,-0.065930
111,406,7136,26016,6,block_,30.880,-1.120,4.000,17164.401,19522.490,68647.494,-0.714898,-0.685075,-0.139979
111,508,7136,32544,5,block_,43.142,11.142,4.000,19016.250,20506.998,68681.154,0.801602,0.594559,-0.062723
111,509,7136,32608,5,block_,43.996,11.996,4.000,19051.481,20460.609,68707.913,0.803165,0.584577,-0.114876
111,510,7136,32672,5,block_,41.273,9.273,4.000,19076.983,20407.624,68732.855,0.941341,0.309319,0.134901
111,511,7136,32736,5,block_,39.861,7.861,4.000,19086.149,20348.814,68756.092,0.939376,0.207706,0.272819
111,512,7136,32800,5,block_,39.968,7.968,4.000,19093.541,20291.130,68779.539,0.920478,0.257329,0.294112
111,587,7136,37600,4,block_,31.741,-0.259,4.000,16351.303,21147.647,68254.360,-0.967763,-0.251408,-0.015118
111,588,7136,37664,4,center,31.744,-0.256,4.000,16334.582,21205.793,68241.677,-0.975675,-0.218878,-0.012308
111,589,7136,37728,4,center,32.107,0.107,4.000,16325.058,21265.750,68229.569,-0.987688,-0.116867,-0.103992
111,590,7136,37792,4,center,32.132,0.132,4.031,16320.231,21325.164,68217.740,-0.987554,-0.080460,-0.135144
111,591,7136,37856,4,center,35.218,3.218,5.984,16314.000,21383.518,68205.327,-0.985597,-0.163730,-0.042313
111,592,7136,37920,4,center,35.171,3.171,4.000,16301.391,21440.996,68192.280,-0.979042,-0.203425,0.009740
112,397,7200,25440,6,center,29.279,-2.721,3.969,17574.771,19191.399,68775.292,-0.443170,-0.894475,-0.059278
112,398,7200,25504,6,center,29.269,-2.731,2.000,17523.818,19218.062,68756.176,-0.525503,-0.850751,-0.008360
112,399,7200,25568,6,center,29.710,-2.290,2.000,17475.833,19249.548,68737.080,-0.513026,-0.857194,-0.044974
112,400,7200,25632,6,center,36.103,4.103,2.016,17428.317,19281.247,68717.610,-0.633895,-0.772977,-0.026151
112,401,7200,25696,6,center,36.140,4.140,4.000,17382.495,19315.735,68697.473,-0.544738,-0.836643,0.057352
112,402,7200,25760,6,center,40.846,8.846,4.000,17338.349,19351.065,68676.888,-0.639104,-0.747624,-0.180568
112,403,7200,25824,6,center,39.992,7.992,4.000,17297.020,19388.758,68655.994,-0.663337,-0.743551,-0.084352
112,404,7200,25888,6,center,41.041,9.041,4.000,17258.212,19429.007,68634.764,-0.709551,-0.699934,-0.081418
112,405,7200,25952,6,center,37.622,5.622,4.000,17221.107,19470.668,68613.770,-0.743933,-0.653054,-0.141721
112,406,7200,26016,6,center,29.876,-2.124,4.000,17188.298,19515.948,68593.648,-0.753739,-0.625099,-0.202801
112,407,7200,26080,6,block_,29.425,-2.575,4.000,17155.761,19561.669,68573.611,-0.736041,-0.643565,-0.209923
112,508,7200,32544,5,center,45.198,13.198,4.000,19028.777,20485.181,68623.869,0.853658,0.519629,-0.035401
112,509,7200,32608,5,center,45.205,13.205,4.000,19060.147,20436.454,68648.902,0.880170,0.453002,-0.141739
112,510,7200,32672,5,center,43.534,11.534,4.000,19084.734,20383.432,68673.850,0.940632,0.336132,-0.047183
112,511,7200,32736,5,center,39.639,7.639,4.000,19101.651,20327.398,68698.813,0.957476,0.274611,0.088482
112,512,7200,32800,5,center,40.146,8.146,4.000,19112.167,20270.089,68723.469,0.963051,0.193465,0.187361
112,513,7200,32864,5,block_,40.232,8.232,4.000,19119.003,20212.412,68748.325,0.975232,0.197383,0.099812
112,588,7200,37664,4,center,31.744,-0.256,4.000,16354.382,21197.742,68184.371,-0.875422,-0.228630,-0.425869
112,589,7200,37728,4,center,32.104,0.104,4.016,16345.255,21257.191,68172.967,-0.903875,-0.208420,-0.373593
112,590,7200,37792,4,center,32.121,0.121,5.984,16335.381,21315.238,68160.564,-0.927716,-0.218609,-0.302578
112,591,7200,37856,4,center,34.221,2.221,5.984,16325.158,21372.930,68147.735,-0.929240,-0.238121,-0.282510
112,592,7200,37920,4,center,31.741,-0.259,4.016,16313.365,21430.360,68134.458,-0.923543,-0.264350,-0.277826
113,397,7264,25440,6,center,29.266,-2.734,2.000,17593.270,19187.125,68717.954,-0.426681,-0.899459,-0.094429
113,398,7264,25504,6,center,27.639,-4.361,2.000,17542.560,19213.182,68699.124,-0.461313,-0.871214,-0.167858
113,399,7264,25568,6,center,27.653,-4.347,2.000,17495.545,19245.364,68680.835,-0.490127,-0.846866,-0.206381
113,400,7264,25632,6,center,29.286,-2.714,2.016,17448.911,19277.307,68661.878,-0.493326,-0.831138,-0.256593
113,401,7264,25696,6,center,29.310,-2.690,3.984,17404.413,19311.150,68642.411,-0.537390,-0.803989,-0.254585
113,402,7264,25760,6,center,29.318,-2.682,4.000,17360.112,19344.779,68621.812,-0.552290,-0.830762,-0.069354
113,403,7264,25824,6,center,31.818,-0.182,4.000,17315.376,19377.405,68600.300,-0.619979,-0.776163,-0.114879
113,404,7264,25888,6,center,37.634,5.634,4.000,17276.300,19417.263,68578.975,-0.681266,-0.714239,-0.160434
113,405,7264,25952,6,center,32.308,0.308,4.000,17240.130,19460.024,68558.370,-0.730848,-0.658142,-0.180860
113,406,7264,26016,6,center,29.871,-2.129,4.000,17207.155,19505.344,68538.454,-0.783794,-0.595331,-0.176772
113,407,7264,26080,6,center,29.271,-2.729,4.000,17175.316,19551.107,68518.541,-0.768784,-0.626434,-0.128650
113,408,7264,26144,6,block_,29.175,-2.825,4.000,17142.638,19595.939,68498.015,-0.753046,-0.637171,-0.164116
113,508,7264,32544,5,center,42.749,10.749,4.000,19041.669,20463.850,68566.293,0.900087,0.430995,0.063927
113,509,7264,32608,5,center,45.200,13.200,4.000,19062.601,20410.178,68591.350,0.919182,0.379533,-0.105159
113,510,7264,32672,5,center,44.582,12.582,4.000,19087.278,20357.642,68615.901,0.928880,0.335220,-0.157513
113,511,7264,32736,5,center,41.086,9.086,4.000,19108.317,20303.212,68640.749,0.958045,0.277369,-0.072230
113,512,7264,32800,5,center,40.146,8.146,4.000,19122.743,20246.756,68665.757,0.979275,0.201996,0.014749
113,513,7264,32864,5,block_,40.239,8.239,4.000,19129.151,20188.789,68690.529,0.985919,0.125174,0.110886
113,588,7264,37664,4,block_,31.751,-0.249,4.000,16388.625,21195.256,68134.552,-0.694975,-0.364145,-0.620007
113,589,7264,37728,4,center,31.741,-0.259,4.000,16372.961,21251.466,68120.187,-0.805664,-0.310267,-0.504618
113,590,7264,37792,4,center,31.741,-0.259,4.031,16359.519,21307.926,68106.321,-0.859940,-0.294107,-0.417139
113,591,7264,37856,4,center,31.715,-0.285,6.000,16347.650,21364.948,68093.017,-0.881751,-0.265090,-0.390182
113,592,7264,37920,4,center,31.737,-0.263,5.984,16333.747,21421.221,68078.855,-0.912196,-0.306030,-0.272477
113,593,7264,37984,4,block_,31.697,-0.303,4.864,16322.997,21478.340,68065.114,-0.945976,-0.197756,-0.256947
114,73,7328,4704,7,block_,28.383,-3.617,4.000,17296.694,19425.083,69542.891,-0.369844,-0.835272,0.406861
114,74,7328,4768,7,block_,30.056,-1.944,4.000,17239.344,19440.450,69520.471,-0.426664,-0.831183,0.356501
114,75,7328,4832,7,block_,30.617,-1.383,4.000,17183.069,19458.933,69497.492,-0.385253,-0.883751,0.265640
114,76,7328,4896,7,block_,31.356,-0.644,4.000,17127.345,19478.320,69472.982,-0.420994,-0.882833,0.208253
114,396,7328,25376,6,block_,29.279,-2.721,2.273,17662.114,19157.519,68679.130,-0.479870,-0.874978,-0.064326
114,397,7328,25440,6,center,29.280,-2.720,2.000,17612.909,19185.720,68661.575,-0.465301,-0.881169,-0.083888
114,398,7328,25504,6,center,29.420,-2.580,2.000,17565.026,19215.667,68643.762,-0.508578,-0.837622,-0.199346
114,399,7328,25568,6,center,29.675,-2.325,2.000,17518.355,19247.429,68626.062,-0.507290,-0.851221,-0.134457
114,400,7328,25632,6,center,30.074,-1.926,2.000,17471.122,19276.793,68607.707,-0.488595,-0.870399,-0.060674
114,401,7328,25696,6,center,33.211,1.211,2.031,17424.986,19305.752,68588.364,-0.533214,-0.845299,-0.033948
114,402,7328,25760,6,center,31.769,-0.231,4.000,17380.401,19336.553,68567.523,-0.548617,-0.812525,-0.197035
114,403,7328,25824,6,center,31.417,-0.583,4.000,17340.409,19373.812,68546.663,-0.607308,-0.742157,-0.283515
114,404,7328,25888,6,center,31.400,-0.600,4.000,17302.550,19414.343,68525.815,-0.583037,-0.705740,-0.402491
114,405,7328,25952,6,center,29.244,-2.756,4.000,17266.756,19457.383,68505.900,-0.594586,-0.687180,-0.417434
114,406,7328,26016,6,center,29.235,-2.765,4.000,17231.606,19500.261,68485.557,-0.612160,-0.693533,-0.379831
114,407,7328,26080,6,center,28.154,-3.846,4.000,17197.274,19543.110,68465.057,-0.671296,-0.655598,-0.345763
114,408,7328,26144,6,center,29.275,-2.725,4.000,17165.255,19587.796,68444.739,-0.690099,-0.630564,-0.355180
114,508,7328,32544,5,block_,41.948,9.948,4.000,19046.157,20439.524,68509.145,0.926320,0.303480,-0.223229
114,509,7328,32608,5,center,43.531,11.531,4.000,19067.359,20385.565,68533.780,0.952190,0.288766,-0.099744
114,510,7328,32672,5,center,43.549,11.549,4.000,19088.279,20331.719,68558.399,0.927209,0.346082,-0.143213
114,511,7328,32736,5,center,43.308,11.308,4.000,19110.826,20277.999,68582.592,0.945099,0.306281,-0.113930
114,512,7328,32800,5,center,40.107,8.107,4.016,19126.497,20222.048,68607.470,0.978523,0.205679,-0.013751
114,513,7328,32864,5,center,40.119,8.119,4.000,19135.785,20164.781,68632.464,0.996868,0.074359,0.026931
114,588,7328,37664,4,block_,31.741,-0.259,4.000,16425.879,21194.255,68087.115,-0.792112,-0.535829,-0.292311
114,589,7328,37728,4,center,31.741,-0.259,4.031,16403.879,21246.983,68069.805,-0.888597,-0.343359,-0.304139
114,590,7328,37792,4,center,31.688,-0.312,6.000,16388.430,21302.160,68054.773,-0.871808,-0.334460,-0.357893
114,591,7328,37856,4,center,28.322,-3.678,5.984,16374.312,21358.059,68039.787,-0.882577,-0.343692,-0.320833
114,592,7328,37920,4,center,31.117,-0.883,5.984,16355.660,21412.800,68024.025,-0.889445,-0.376342,-0.259333
114,593,7328,37984,4,block_,31.463,-0.537,4.875,16340.173,21468.091,68009.022,-0.946307,-0.261707,-0.189771
115,71,7392,4576,7,block_,28.469,-3.531,4.000,17424.212,19363.305,69536.054,-0.381231,-0.908446,0.171433
115,72,7392,4640,7,center,22.015,-9.985,4.000,17369.339,19384.638,69512.037,-0.316549,-0.946452,-0.063451
115,73,7392,4704,7,center,22.058,-9.942,4.000,17313.912,19404.367,69487.770,-0.394963,-0.916679,-0.060866
115,74,7392,4768,7,center,27.561,-4.439,4.000,17259.399,19427.695,69463.923,-0.313756,-0.944780,-0.094588
115,75,7392,4832,7,center,28.094,-3.906,4.000,17203.796,19446.398,69439.546,-0.386381,-0.921936,-0.027283
115,76,7392,4896,7,center,31.702,-0.298,4.000,17149.185,19465.991,69415.126,-0.317304,-0.941043,0.117285
115,77,7392,4960,7,block_,31.216,-0.784,4.000,17096.847,19489.291,69389.678,-0.454257,-0.863243,-0.220140
115,78,7392,5024,7,block_,31.164,-0.836,4.000,17049.297,19523.007,69362.898,-0.537114,-0.809292,-0.237814
115,396,7392,25376,6,block_,29.279,-2.721,2.872,17673.627,19144.152,68622.908,-0.569552,-0.782284,0.252276
115,397,7392,25440,6,center,29.279,-2.721,2.016,17624.491,19172.463,68606.061,-0.529452,-0.791065,0.306427
115,398,7392,25504,6,center,29.279,-2.721,2.016,17575.693,19201.330,68589.815,-0.585030,-0.728742,0.355915
115,399,7392,25568,6,center,29.279,-2.721,2.016,17528.268,19231.156,68572.694,-0.598611,-0.718227,0.354705
115,400,7392,25632,6,center,29.279,-2.721,2.031,17482.724,19261.795,68554.457,-0.658182,-0.701936,0.272180
115,401,7392,25696,6,center,29.296,-2.704,4.000,17440.826,19294.617,68535.103,-0.658148,-0.748374,0.082326
115,402,7392,25760,6,center,31.417,-0.583,4.000,17402.492,19331.156,68514.857,-0.725213,-0.684518,-0.074172
115,403,7392,25824,6,center,29.703,-2.297,4.000,17367.643,19372.658,68494.657,-0.673456,-0.690659,-0.263531
115,404,7392,25888,6,center,29.664,-2.336,4.000,17333.417,19416.521,68474.855,-0.659058,-0.683160,-0.314539
115,405,7392,25952,6,center,24.769,-7.231,4.000,17296.978,19458.983,68455.039,-0.664888,-0.697442,-0.267392
115,406,7392,26016,6,center,24.818,-7.182,4.000,17260.224,19499.636,68434.994,-0.654082,-0.717196,-0.240432
115,407,7392,26080,6,center,27.117,-4.883,4.000,17225.393,19540.694,68414.559,-0.692839,-0.661641,-0.286715
115,408,7392,26144,6,center,28.784,-3.216,4.000,17195.439,19585.882,68394.710,-0.718382,-0.590100,-0.368387
115,409,7392,26208,6,block_,29.115,-2.885,4.000,17166.748,19632.737,68374.869,-0.689596,-0.617053,-0.379081
115,509,7392,32608,5,block_,41.381,9.381,4.000,19060.433,20357.467,68478.694,0.924761,0.195375,-0.326566
115,510,7392,32672,5,center,42.710,10.710,4.000,19082.019,20304.119,68502.926,0.904275,0.233879,-0.357193
115,511,7392,32736,5,center,40.178,8.178,4.016,19104.808,20250.622,68526.719,0.897216,0.213732,-0.386423
115,512,7392,32800,5,center,35.201,3.201,5.969,19126.239,20196.364,68550.273,0.949046,0.174004,-0.262744
115,513,7392,32864,5,center,36.562,4.562,4.000,19140.547,20140.341,68574.841,0.982118,0.188180,-0.005683
115,588,7392,37664,4,block_,31.741,-0.259,4.703,16422.026,21177.424,68035.274,-0.817587,-0.135282,0.559687
115,589,7392,37728,4,center,31.649,-0.351,5.984,16404.493,21232.608,68018.248,-0.861612,-0.141930,0.487321
115,590,7392,37792,4,center,28.236,-3.764,5.984,16395.832,21288.421,68000.223,-0.962908,-0.043106,0.266364
115,591,7392,37856,4,center,26.410,-5.590,4.016,16381.223,21344.396,67984.035,-0.964195,-0.182456,0.192451
115,592,7392,37920,4,center,28.341,-3.659,5.969,16364.940,21399.767,67967.342,-0.940303,-0.307319,0.146235
115,593,7392,37984,4,block_,30.995,-1.005,4.366,16345.526,21454.502,67951.999,-0.961016,-0.250527,0.116984
116,71,7456,4576,7,center,31.892,-0.108,4.000,17443.223,19345.847,69478.462,-0.509825,-0.840379,0.183958
116,72,7456,4640,7,center,22.092,-9.908,4.000,17389.264,19369.116,69453.908,-0.424770,-0.863475,0.271996
116,73,7456,4704,7,center,22.084,-9.916,4.000,17334.488,19391.225,69429.286,-0.480846,-0.853914,0.199045
116,74,7456,4768,7,center,22.064,-9.936,4.000,17278.954,19412.388,69405.737,-0.382491,-0.871475,0.306971
116,75,7456,4832,7,center,23.041,-8.959,4.000,17222.400,19428.747,69383.382,-0.413795,-0.841013,0.348528
116,76,7456,4896,7,center,23.079,-8.921,4.000,17170.125,19450.105,69358.800,-0.541921,-0.835477,0.091102
116,77,7456,4960,7,center,29.443,-2.557,4.000,17123.261,19481.969,69332.654,-0.580160,-0.811830,0.065926
116,78,7456,5024,7,center,30.751,-1.249,4.000,17074.705,19512.868,69305.864,-0.577234,-0.811666,0.089439
116,79,7456,5088,7,block_,30.962,-1.038,4.000,17028.246,19546.531,69278.831,-0.656964,-0.748661,0.088909
116,80,7456,5152,7,block_,31.120,-0.880,4.000,16983.448,19582.516,69251.363,-0.650692,-0.740256,0.169176
116,403,7456,25824,6,block_,29.343,-2.657,4.000,17385.781,19361.218,68439.996,-0.797965,-0.594554,0.098777
116,404,7456,25888,6,center,29.245,-2.755,4.000,17349.454,19404.411,68420.999,-0.780642,-0.533947,0.324805
116,405,7456,25952,6,center,24.848,-7.152,4.000,17310.795,19445.280,68401.067,-0.774653,-0.576940,0.258945
116,406,7456,26016,6,center,28.785,-3.215,4.016,17274.503,19486.992,68382.017,-0.777633,-0.588104,0.222305
116,407,7456,26080,6,center,29.279,-2.721,4.016,17242.228,19529.923,68362.900,-0.885941,-0.458835,0.067673
116,408,7456,26144,6,center,29.279,-2.721,4.000,17218.047,19577.975,68342.930,-0.872685,-0.481917,-0.078596
116,409,7456,26208,6,block_,29.271,-2.729,4.000,17192.871,19626.719,68322.966,-0.818291,-0.547512,-0.175017
116,509,7456,32608,5,block_,39.732,7.732,4.000,19045.821,20327.599,68426.286,0.915922,0.182186,-0.357625
116,510,7456,32672,5,center,40.189,8.189,4.000,19065.052,20274.150,68450.983,0.905982,0.172274,-0.386675
116,511,7456,32736,5,center,30.624,-1.376,4.000,19086.668,20220.439,68474.616,0.878778,0.208130,-0.429455
116,512,7456,32800,5,center,30.664,-1.336,4.000,19111.852,20167.337,68496.519,0.873963,0.252559,-0.415214
116,513,7456,32864,5,center,35.305,3.305,4.000,19136.778,20114.142,68518.306,0.909318,0.274754,-0.312493
116,588,7456,37664,4,block_,28.138,-3.862,4.000,16390.775,21151.466,67988.073,-0.907728,-0.114526,0.403625
116,589,7456,37728,4,center,23.329,-8.671,4.016,16379.077,21210.464,67967.275,-0.948919,-0.038862,0.313117
116,590,7456,37792,4,center,20.047,-11.953,5.969,16375.296,21268.694,67947.978,-0.982801,0.030436,0.182142
116,591,7456,37856,4,center,20.041,-11.959,4.000,16373.941,21325.357,67927.531,-0.991474,-0.077838,0.104504
116,592,7456,37920,4,center,28.368,-3.632,4.000,16356.434,21380.460,67910.415,-0.928362,-0.271294,0.254053
116,593,7456,37984,4,center,31.741,-0.259,4.000,16334.850,21436.093,67895.572,-0.890254,-0.248196,0.381899
117,71,7520,4576,7,center,31.973,-0.027,4.000,17454.048,19314.285,69425.258,-0.552419,-0.713129,0.431603
117,72,7520,4640,7,center,32.000,0.000,4.000,17400.897,19338.347,69399.836,-0.513807,-0.705969,0.487452
117,73,7520,4704,7,center,30.932,-1.068,4.000,17345.353,19359.176,69376.190,-0.455512,-0.711091,0.535592
117,74,7520,4768,7,center,27.388,-4.612,4.000,17288.447,19377.456,69353.935,-0.427228,-0.735255,0.526191
117,75,7520,4832,7,center,23.070,-8.930,4.000,17232.432,19395.969,69331.640,-0.515932,-0.695891,0.499549
117,76,7520,4896,7,center,21.573,-10.427,4.000,17182.724,19423.036,69305.326,-0.639685,-0.668002,0.380233
117,77,7520,4960,7,center,23.833,-8.167,4.000,17134.853,19453.818,69278.492,-0.646197,-0.652960,0.395059
117,78,7520,5024,7,center,28.622,-3.378,4.000,17087.369,19485.767,69251.167,-0.656486,-0.642442,0.395342
117,79,7520,5088,7,center,29.353,-2.647,3.984,17039.104,19517.404,69224.529,-0.640186,-0.644212,0.418514
117,80,7520,5152,7,center,30.760,-1.240,4.000,16989.702,19548.370,69198.726,-0.622059,-0.632167,0.461960
117,81,7520,5216,7,center,31.972,-0.028,4.000,16940.131,19579.290,69173.062,-0.638616,-0.604768,0.475843
117,82,7520,5280,7,block_,32.113,0.113,4.000,16892.672,19611.698,69146.565,-0.687679,-0.592491,0.419585
117,403,7520,25824,6,block_,29.317,-2.683,4.000,17377.420,19330.871,68391.808,-0.718633,-0.411252,0.560748
117,404,7520,25888,6,center,29.484,-2.516,4.000,17339.126,19372.139,68372.510,-0.737156,-0.497965,0.456763
117,405,7520,25952,6,center,29.357,-2.643,4.016,17298.958,19412.800,68353.626,-0.787199,-0.458238,0.412718
117,406,7520,26016,6,center,29.443,-2.557,5.984,17267.511,19459.558,68331.866,-0.894764,-0.385056,0.226118
117,407,7520,26080,6,center,29.279,-2.721,5.969,17245.712,19509.152,68309.937,-0.942020,-0.317120,0.109698
117,408,7520,26144,6,center,29.279,-2.721,4.000,17227.652,19560.389,68288.730,-0.927374,-0.337364,0.161752
117,409,7520,26208,6,block_,29.279,-2.721,4.000,17199.639,19607.881,68269.171,-0.854187,-0.430646,0.291392
117,509,7520,32608,5,block_,38.950,6.950,4.000,19035.477,20299.344,68373.111,0.934573,0.275532,-0.225069
117,510,7520,32672,5,center,36.568,4.568,4.000,19055.074,20246.182,68396.933,0.945715,0.267342,-0.184800
117,511,7520,32736,5,center,30.081,-1.919,4.000,19075.223,20192.297,68420.318,0.948100,0.267555,-0.171815
117,512,7520,32800,5,center,30.647,-1.353,4.000,19097.827,20138.574,68442.952,0.895660,0.346296,-0.279056
117,513,7520,32864,5,center,40.293,8.293,4.000,19126.511,20087.396,68463.389,0.882935,0.364929,-0.295386
117,588,7520,37664,4,center,31.676,-0.324,4.000,16397.775,21134.236,67932.283,-0.877365,-0.366202,-0.310043
117,589,7520,37728,4,center,23.401,-8.599,4.000,16386.314,21192.328,67912.515,-0.928792,-0.197571,-0.313547
117,590,7520,37792,4,center,20.205,-11.795,4.000,16378.445,21248.611,67892.439,-0.981403,-0.191601,-0.011756
117,591,7520,37856,4,center,26.529,-5.471,4.000,16362.037,21302.691,67873.166,-0.876261,-0.218797,0.429295
117,592,7520,37920,4,center,31.741,-0.259,4.000,16340.889,21358.115,67854.718,-0.872500,-0.206718,0.442733
117,593,7520,37984,4,block_,31.741,-0.259,4.000,16317.112,21414.791,67839.238,-0.930517,-0.247433,0.270028
118,71,7584,4576,7,center,32.473,0.473,4.000,17462.338,19278.378,69373.484,-0.535370,-0.761687,0.364981
118,72,7584,4640,7,center,36.953,4.953,4.000,17408.371,19301.027,69348.961,-0.460560,-0.789659,0.405368
118,73,7584,4704,7,center,32.008,0.008,4.000,17352.450,19320.866,69325.774,-0.445615,-0.769947,0.456738
118,74,7584,4768,7,center,31.979,-0.021,4.000,17295.414,19338.952,69303.793,-0.418245,-0.765174,0.489468
118,75,7584,4832,7,center,28.222,-3.778,4.000,17238.693,19358.053,69281.602,-0.494114,-0.742360,0.452496
118,76,7584,4896,7,center,23.426,-8.574,4.000,17187.857,19385.548,69255.022,-0.638202,-0.663786,0.389983
118,77,7584,4960,7,center,23.824,-8.176,4.000,17139.422,19416.339,69227.453,-0.653809,-0.634165,0.412757
118,78,7584,5024,7,center,24.475,-7.525,3.984,17090.575,19447.365,69200.535,-0.635585,-0.615121,0.466538
118,79,7584,5088,7,center,28.625,-3.375,2.016,17041.410,19478.456,69173.874,-0.629474,-0.609764,0.481612
118,80,7584,5152,7,center,29.759,-2.241,3.984,16990.400,19508.207,69148.893,-0.600198,-0.608965,0.518579
118,81,7584,5216,7,center,32.342,0.342,4.000,16941.185,19539.936,69122.863,-0.676104,-0.600416,0.427064
118,82,7584,5280,7,center,32.343,0.343,4.000,16895.082,19574.489,69095.301,-0.709194,-0.594165,0.379489
118,83,7584,5344,7,block_,32.109,0.109,4.000,16851.999,19611.466,69067.172,-0.729285,-0.614694,0.300489
118,84,7584,5408,7,block_,32.060,0.060,4.000,16809.486,19648.432,69039.134,-0.750110,-0.603669,0.270036
118,404,7584,25888,6,block_,36.654,4.654,4.000,17339.190,19346.540,68321.610,-0.813237,-0.576085,-0.082285
118,405,7584,25952,6,center,39.116,7.116,4.000,17308.312,19393.210,68299.359,-0.769113,-0.588940,-0.248225
118,406,7584,26016,6,center,33.342,1.342,4.016,17280.971,19442.733,68277.946,-0.799039,-0.510794,-0.317216
118,407,7584,26080,6,center,29.279,-2.721,4.016,17253.948,19490.678,68256.441,-0.852072,-0.515480,-0.090846
118,408,7584,26144,6,center,29.279,-2.721,4.000,17224.823,19536.303,68236.087,-0.814773,-0.568820,0.112203
118,509,7584,32608,5,block_,38.591,6.591,4.000,19036.842,20275.420,68317.299,0.918841,0.387444,-0.074961
118,510,7584,32672,5,center,36.664,4.664,4.000,19058.929,20223.197,68340.085,0.940344,0.340132,0.008006
118,511,7584,32736,5,center,30.722,-1.278,4.000,19078.177,20169.024,68362.791,0.926951,0.374215,0.026937
118,512,7584,32800,5,center,36.616,4.616,4.000,19100.188,20115.520,68385.484,0.918257,0.395673,0.015736
118,513,7584,32864,5,center,40.205,8.205,4.000,19124.815,20063.417,68407.534,0.901243,0.426286,-0.077727
118,514,7584,32928,5,block_,38.593,6.593,4.000,19148.248,20011.660,68429.104,0.959384,0.282099,-0.001738
118,582,7584,37280,4,block_,33.320,1.320,4.000,16537.663,20794.768,67987.789,-0.925325,-0.379160,-0.003402
118,583,7584,37344,4,center,32.701,0.701,4.000,16517.655,20849.219,67969.010,-0.935507,-0.344356,-0.079031
118,584,7584,37408,4,center,31.749,-0.251,4.000,16500.253,20904.396,67950.837,-0.888527,-0.365625,-0.277196
118,585,7584,37472,4,center,31.741,-0.259,4.000,16483.381,20960.021,67933.212,-0.866602,-0.374593,-0.329668
118,586,7584,37536,4,center,31.741,-0.259,4.000,16463.880,21014.567,67915.044,-0.861462,-0.429629,-0.270743
118,587,7584,37600,4,center,31.741,-0.259,4.000,16442.982,21068.500,67896.067,-0.858299,-0.424295,-0.288612
118,588,7584,37664,4,center,31.754,-0.246,4.000,16422.533,21122.353,67876.675,-0.862109,-0.429120,-0.269490
118,589,7584,37728,4,center,32.575,0.575,4.000,16402.989,21175.926,67856.490,-0.918967,-0.384406,-0.087935
118,590,7584,37792,4,center,33.865,1.865,4.000,16380.985,21228.300,67835.971,-0.927054,-0.367152,0.075967
118,591,7584,37856,4,center,31.741,-0.259,4.000,16356.179,21281.116,67816.361,-0.894678,-0.428902,0.124878
118,592,7584,37920,4,center,31.741,-0.259,4.000,16329.603,21335.553,67797.729,-0.942034,-0.334336,0.028132
118,593,7584,37984,4,block_,31.741,-0.259,4.000,16314.755,21395.601,67778.277,-0.968314,-0.220808,-0.116673
119,71,7648,4576,7,block_,34.148,2.148,4.000,17475.750,19249.854,69318.347,-0.491751,-0.825027,0.278410
119,72,7648,4640,7,center,36.953,4.953,4.000,17419.432,19269.078,69294.716,-0.392462,-0.811370,0.433188
119,73,7648,4704,7,center,36.992,4.992,4.000,17360.273,19283.063,69275.065,-0.378318,-0.745812,0.548307
119,74,7648,4768,7,center,36.974,4.974,4.000,17303.056,19301.236,69252.603,-0.457822,-0.736671,0.497710
119,75,7648,4832,7,center,33.695,1.695,4.000,17247.023,19322.448,69228.839,-0.506429,-0.741303,0.440454
119,76,7648,4896,7,center,31.864,-0.136,4.000,17194.059,19348.463,69203.206,-0.605662,-0.678371,0.415916
119,77,7648,4960,7,center,26.879,-5.121,4.000,17143.985,19378.445,69176.068,-0.629964,-0.664036,0.402742
119,78,7648,5024,7,center,27.908,-4.092,3.984,17094.192,19409.293,69149.366,-0.639034,-0.657629,0.398948
119,79,7648,5088,7,center,28.704,-3.296,2.016,17043.636,19439.103,69123.312,-0.576200,-0.705498,0.412635
119,80,7648,5152,7,center,29.810,-2.190,2.031,16992.212,19468.762,69098.305,-0.663601,-0.689136,0.291075
119,81,7648,5216,7,center,31.980,-0.020,4.000,16946.589,19504.673,69069.919,-0.666719,-0.721646,0.186314
119,82,7648,5280,7,center,32.345,0.345,4.000,16901.792,19541.262,69041.683,-0.721361,-0.686192,0.093691
119,83,7648,5344,7,center,32.340,0.340,4.000,16861.966,19581.872,69012.842,-0.723089,-0.689511,0.041434
119,84,7648,5408,7,center,32.002,0.002,4.000,16821.017,19620.391,68984.535,-0.689995,-0.718145,0.090408
119,85,7648,5472,7,block_,31.979,-0.021,4.000,16776.548,19655.106,68957.077,-0.649547,-0.729806,0.213242
119,404,7648,25888,6,block_,32.185,0.185,4.000,17353.561,19331.211,68268.069,-0.876797,-0.458990,0.143374
119,405,7648,25952,6,center,39.040,7.040,4.016,17327.016,19380.403,68246.953,-0.888110,-0.381681,0.256087
119,406,7648,26016,6,center,33.303,1.303,5.984,17297.171,19427.429,68225.469,-0.850728,-0.468131,0.238988
119,407,7648,26080,6,center,29.279,-2.721,5.969,17271.133,19475.144,68202.374,-0.857080,-0.488695,-0.163067
119,408,7648,26144,6,center,29.279,-2.721,4.000,17237.976,19520.700,68179.773,-0.678286,-0.711861,-0.182161
119,510,7648,32672,5,center,38.933,6.933,4.000,19069.560,20203.185,68282.906,0.899715,0.436473,-0.001974
119,511,7648,32736,5,center,36.560,4.560,4.000,19094.357,20151.442,68306.024,0.898071,0.439546,0.016384
119,512,7648,32800,5,center,32.638,0.638,4.000,19116.199,20098.140,68328.715,0.920940,0.375987,0.102484
119,513,7648,32864,5,center,29.034,-2.966,4.000,19134.696,20043.771,68350.631,0.933870,0.339261,0.113087
119,514,7648,32928,5,block_,36.087,4.087,4.000,19152.204,19989.522,68372.368,0.952569,0.303458,-0.022911
119,580,7648,37152,4,block_,31.949,-0.051,3.378,16605.797,20679.195,67969.869,-0.766030,-0.606566,-0.212779
119,581,7648,37216,4,center,33.187,1.187,3.984,16575.735,20727.735,67949.410,-0.835044,-0.497389,-0.235172
119,582,7648,37280,4,center,33.464,1.464,4.000,16553.438,20781.258,67930.907,-0.886051,-0.391473,-0.248321
119,583,7648,37344,4,center,33.470,1.470,4.000,16536.485,20836.647,67913.280,-0.909647,-0.357957,-0.210736
119,584,7648,37408,4,center,32.716,0.716,3.984,16519.494,20892.140,67895.469,-0.948577,-0.314542,-0.035572
119,585,7648,37472,4,center,31.763,-0.237,3.984,16500.249,20947.046,67877.280,-0.949515,-0.313679,-0.005154
119,586,7648,37536,4,center,31.748,-0.252,4.000,16481.735,21001.874,67858.631,-0.921209,-0.368323,-0.125346
119,587,7648,37600,4,center,31.754,-0.246,4.000,16462.416,21056.128,67840.144,-0.908891,-0.357337,-0.215005
119,588,7648,37664,4,center,32.567,0.567,4.000,16443.723,21110.237,67821.332,-0.863787,-0.445322,-0.235713
119,589,7648,37728,4,center,33.893,1.893,4.000,16418.434,21160.805,67800.306,-0.811571,-0.552875,-0.188896
119,590,7648,37792,4,center,33.856,1.856,4.000,16388.890,21209.649,67778.668,-0.825370,-0.559709,-0.074097
119,591,7648,37856,4,center,31.741,-0.259,4.000,16361.511,21261.398,67757.344,-0.916993,-0.388457,-0.090690
119,592,7648,37920,4,center,31.741,-0.259,4.000,16343.740,21319.218,67737.519,-0.918278,-0.303223,-0.254602
119,593,7648,37984,4,block_,31.741,-0.259,4.000,16336.317,21380.181,67720.209,-0.880288,-0.136389,-0.454413
120,73,7712,4704,7,block_,37.136,5.136,4.000,17366.494,19241.031,69227.090,-0.426810,-0.740460,0.519184
120,74,7712,4768,7,center,37.951,5.951,4.000,17309.638,19260.781,69202.799,-0.484833,-0.748344,0.452679
120,75,7712,4832,7,center,37.918,5.918,4.000,17253.068,19282.757,69177.950,-0.521699,-0.760497,0.386620
120,76,7712,4896,7,center,33.648,1.648,4.000,17201.762,19312.684,69150.310,-0.606540,-0.743267,0.282248
120,77,7712,4960,7,center,31.970,-0.030,4.000,17150.278,19341.889,69122.738,-0.606435,-0.709895,0.358169
120,78,7712,5024,7,center,32.093,0.093,4.000,17099.700,19373.406,69096.405,-0.681927,-0.696441,0.223484
120,79,7712,5088,7,center,34.699,2.699,4.000,17053.994,19408.645,69068.669,-0.593410,-0.794949,0.126175
120,80,7712,5152,7,center,34.634,2.634,4.000,17008.904,19445.100,69041.528,-0.649720,-0.749900,-0.124553
120,81,7712,5216,7,center,33.048,1.048,4.000,16967.462,19485.805,69013.512,-0.620404,-0.773359,-0.130444
120,82,7712,5280,7,center,32.344,0.344,4.000,16925.385,19525.104,68985.132,-0.627144,-0.766135,-0.140458
120,83,7712,5344,7,center,32.007,0.007,4.000,16882.723,19562.690,68956.626,-0.637920,-0.770096,0.003264
120,84,7712,5408,7,center,32.007,0.007,4.000,16837.642,19596.947,68928.662,-0.634373,-0.761056,0.135514
120,85,7712,5472,7,center,31.985,-0.015,4.000,16791.449,19630.373,68901.185,-0.601320,-0.792392,0.102615
120,86,7712,5536,7,center,32.084,0.084,4.000,16741.668,19659.598,68874.827,-0.520819,-0.830813,0.196205
120,87,7712,5600,7,block_,32.245,0.245,4.000,16692.378,19690.382,68847.400,-0.697943,-0.691150,0.187586
120,88,7712,5664,7,block_,31.969,-0.031,4.000,16653.280,19732.482,68817.550,-0.793674,-0.605240,0.061373
120,404,7712,25888,6,center,29.279,-2.721,4.000,17356.574,19309.834,68213.479,-0.766325,-0.601870,0.224719
120,405,7712,25952,6,center,29.222,-2.778,4.000,17321.130,19353.208,68194.156,-0.843506,-0.481290,0.238450
120,406,7712,26016,6,center,28.214,-3.786,3.984,17292.413,19400.845,68172.912,-0.907026,-0.353288,0.229110
120,407,7712,26080,6,center,29.158,-2.842,4.000,17273.265,19452.318,68149.730,-0.903696,-0.153730,0.399626
120,408,7712,26144,6,center,29.279,-2.721,4.000,17243.077,19500.859,68127.255,-0.701694,-0.428769,0.569019
120,510,7712,32672,5,center,38.905,6.905,4.000,19082.529,20184.246,68226.279,0.860643,0.427060,0.277333
120,511,7712,32736,5,center,33.025,1.025,4.000,19103.634,20130.748,68249.102,0.885706,0.441983,0.142043
120,512,7712,32800,5,center,30.825,-1.175,4.000,19125.773,20077.899,68271.465,0.912664,0.406017,0.046841
120,513,7712,32864,5,center,29.040,-2.960,4.000,19146.975,20024.715,68293.650,0.932059,0.360924,0.031609
120,514,7712,32928,5,block_,35.417,3.417,4.000,19163.724,19969.860,68315.509,0.956756,0.257540,0.135249
120,578,7712,37024,4,block_,33.740,1.740,4.000,16689.760,20575.561,67955.945,-0.751095,-0.553118,-0.360440
120,579,7712,37088,4,center,32.278,0.278,3.984,16661.765,20624.752,67936.460,-0.740133,-0.573298,-0.351473
120,580,7712,37152,4,center,31.745,-0.255,2.000,16632.326,20672.994,67916.216,-0.731704,-0.598649,-0.325925
120,581,7712,37216,4,center,31.751,-0.249,2.016,16603.428,20721.808,67896.012,-0.747337,-0.551864,-0.370045
120,582,7712,37280,4,center,33.202,1.202,4.000,16577.251,20772.368,67876.252,-0.792513,-0.511237,-0.332504
120,583,7712,37344,4,center,34.687,2.687,3.969,16554.220,20824.548,67857.285,-0.840679,-0.458519,-0.288130
120,584,7712,37408,4,center,35.325,3.325,2.000,16533.257,20878.264,67839.201,-0.856038,-0.394192,-0.334383
120,585,7712,37472,4,center,34.448,2.448,2.016,16514.123,20932.810,67820.687,-0.840931,-0.432524,-0.325205
120,586,7712,37536,4,center,32.551,0.551,4.000,16497.515,20988.334,67802.496,-0.865213,-0.334940,-0.373124
120,587,7712,37600,4,center,32.566,0.566,4.000,16482.329,21044.061,67784.681,-0.877502,-0.339401,-0.338816
120,588,7712,37664,4,center,33.319,1.319,4.000,16465.505,21098.646,67766.383,-0.855964,-0.443006,-0.266593
120,589,7712,37728,4,center,35.405,3.405,4.000,16439.949,21148.777,67745.135,-0.782595,-0.588460,-0.203126
120,590,7712,37792,4,center,32.744,0.744,4.000,16408.254,21195.788,67721.765,-0.771666,-0.606933,-0.190169
120,591,7712,37856,4,center,31.741,-0.259,4.000,16382.421,21247.487,67699.519,-0.851132,-0.384514,-0.357384
120,592,7712,37920,4,center,31.749,-0.251,4.000,16370.388,21306.702,67681.440,-0.860083,-0.235004,-0.452802
120,593,7712,37984,4,center,31.741,-0.259,4.000,16366.071,21367.225,67665.911,-0.863267,-0.145828,-0.483222
121,75,7776,4832,7,block_,34.059,2.059,4.000,17272.396,19263.506,69119.698,-0.404715,-0.909733,-0.092691
121,76,7776,4896,7,block_,32.808,0.808,4.000,17219.810,19291.307,69092.798,-0.477220,-0.876599,-0.061933
121,77,7776,4960,7,block_,32.363,0.363,4.000,17169.785,19323.183,69066.504,-0.508131,-0.827463,-0.238971
121,79,7776,5088,7,block_,42.207,10.207,4.357,17079.697,19397.008,69012.323,-0.610883,-0.775878,-0.157594
121,80,7776,5152,7,center,38.249,6.249,4.000,17037.621,19436.216,68984.721,-0.601862,-0.788147,-0.128788
121,81,7776,5216,7,center,34.601,2.601,4.000,16993.916,19473.603,68956.264,-0.614316,-0.778434,-0.129055
121,82,7776,5280,7,center,32.532,0.532,4.000,16949.243,19509.664,68928.173,-0.592935,-0.805215,-0.007486
121,83,7776,5344,7,center,32.540,0.540,4.000,16902.914,19542.772,68900.197,-0.614570,-0.786630,0.059298
121,84,7776,5408,7,center,32.560,0.560,4.000,16857.200,19576.707,68871.692,-0.608165,-0.793746,0.010111
121,85,7776,5472,7,center,33.969,1.969,4.000,16811.362,19611.464,68843.763,-0.577426,-0.815823,0.031820
121,86,7776,5536,7,center,37.265,5.265,4.000,16760.654,19639.657,68817.565,-0.487460,-0.868562,0.089351
121,87,7776,5600,7,center,31.979,-0.021,4.000,16712.889,19670.375,68790.894,-0.678053,-0.727415,-0.105413
121,88,7776,5664,7,center,31.969,-0.031,4.000,16679.586,19716.114,68762.529,-0.705301,-0.635193,-0.314771
121,89,7776,5728,7,block_,31.730,-0.270,4.000,16649.531,19764.873,68733.836,-0.739615,-0.618903,-0.264442
121,90,7776,5792,7,block_,31.727,-0.273,4.000,16619.081,19812.900,68704.710,-0.740433,-0.615733,-0.269503
121,404,7776,25888,6,center,29.181,-2.819,4.000,17360.470,19288.473,68158.722,-0.779472,-0.620645,0.084983
121,405,7776,25952,6,center,22.880,-9.120,3.984,17325.652,19332.129,68138.909,-0.811304,-0.583201,0.040773
121,406,7776,26016,6,center,15.189,-16.811,2.016,17295.773,19378.893,68118.251,-0.872690,-0.488009,0.016109
121,407,7776,26080,6,center,13.796,-18.204,3.984,17266.174,19425.648,68097.243,-0.840931,-0.495567,0.217366
121,408,7776,26144,6,center,29.158,-2.842,4.000,17233.995,19470.877,68076.457,-0.849920,-0.475262,0.227515
121,509,7776,32608,5,block_,39.888,7.888,4.703,19092.590,20227.639,68151.294,0.894361,0.386995,0.224395
121,510,7776,32672,5,center,38.916,6.916,4.016,19110.273,20172.134,68172.636,0.897616,0.357059,0.258447
121,511,7776,32736,5,center,33.071,1.071,4.000,19125.408,20115.855,68193.526,0.901925,0.327221,0.281882
121,512,7776,32800,5,center,32.514,0.514,4.000,19141.155,20060.266,68214.746,0.916994,0.341695,0.205831
121,513,7776,32864,5,center,29.770,-2.230,4.000,19157.741,20005.246,68236.539,0.935236,0.334508,0.115918
121,514,7776,32928,5,block_,33.584,1.584,4.000,19170.591,19949.253,68258.181,0.986989,0.160654,-0.006605
121,578,7776,37024,4,center,36.917,4.917,4.000,16717.874,20570.546,67903.281,-0.756586,-0.561235,-0.335549
121,579,7776,37088,4,center,35.157,3.157,3.984,16689.785,20619.820,67883.623,-0.752367,-0.568416,-0.332937
121,580,7776,37152,4,center,32.255,0.255,2.016,16661.062,20668.473,67863.670,-0.742240,-0.562545,-0.364175
121,581,7776,37216,4,center,31.518,-0.482,2.031,16633.071,20717.499,67844.037,-0.751473,-0.568554,-0.334716
121,582,7776,37280,4,center,32.526,0.526,3.984,16605.941,20766.680,67824.083,-0.762355,-0.538594,-0.358791
121,583,7776,37344,4,center,38.132,6.132,2.000,16581.041,20817.167,67804.509,-0.819135,-0.475861,-0.320272
121,584,7776,37408,4,center,38.089,6.089,2.000,16559.357,20869.583,67785.592,-0.841319,-0.422128,-0.337625
121,585,7776,37472,4,center,32.817,0.817,2.016,16541.990,20924.285,67767.800,-0.849940,-0.347540,-0.396003
121,586,7776,37536,4,center,32.550,0.550,4.000,16526.992,20980.135,67750.504,-0.842443,-0.364002,-0.397231
121,587,7776,37600,4,center,33.290,1.290,4.000,16510.096,21034.998,67732.077,-0.840907,-0.406027,-0.357797
121,588,7776,37664,4,center,35.593,3.593,4.000,16488.379,21087.219,67711.884,-0.828651,-0.488390,-0.273517
121,589,7776,37728,4,center,33.108,1.108,4.000,16463.733,21137.540,67690.810,-0.759796,-0.604399,-0.239608
121,590,7776,37792,4,center,31.724,-0.276,3.984,16435.148,21185.238,67668.219,-0.760310,-0.482259,-0.435148
121,591,7776,37856,4,center,31.749,-0.251,3.984,16417.167,21240.215,67649.213,-0.776962,-0.365983,-0.512237
121,592,7776,37920,4,center,32.765,0.765,4.000,16405.470,21297.406,67631.566,-0.819604,-0.302816,-0.486366
121,593,7776,37984,4,center,31.762,-0.238,4.000,16394.231,21354.333,67613.289,-0.924114,-0.313452,-0.218542
122,78,7840,5024,7,block_,41.340,9.340,5.321,17149.759,19350.280,68982.890,-0.512232,-0.857884,0.040665
122,79,7840,5088,7,center,45.029,13.029,5.984,17103.525,19382.886,68955.636,-0.644467,-0.764627,-0.002792
122,80,7840,5152,7,center,36.796,4.796,4.000,17060.629,19420.303,68927.639,-0.668038,-0.741550,0.061875
122,81,7840,5216,7,center,34.628,2.628,3.984,17016.546,19457.088,68899.431,-0.711038,-0.685619,0.156050
122,82,7840,5280,7,center,33.078,1.078,3.984,16969.263,19489.914,68871.671,-0.564860,-0.764771,0.309933
122,83,7840,5344,7,center,34.098,2.098,4.000,16920.846,19520.374,68844.184,-0.684244,-0.695389,0.219644
122,84,7840,5408,7,center,35.283,3.283,4.000,16875.302,19554.742,68816.000,-0.685578,-0.639724,0.347470
122,85,7840,5472,7,center,39.239,7.239,4.000,16826.301,19586.100,68788.814,-0.571906,-0.667563,0.476741
122,86,7840,5536,7,center,39.182,7.182,4.000,16775.635,19614.465,68762.509,-0.634606,-0.721304,0.277480
122,87,7840,5600,7,center,33.283,1.283,4.000,16741.050,19656.762,68736.605,-0.761621,-0.581208,-0.286587
122,88,7840,5664,7,center,31.944,-0.056,4.000,16711.755,19704.958,68708.879,-0.714946,-0.631813,-0.299439
122,89,7840,5728,7,center,30.750,-1.250,4.000,16680.971,19752.303,68680.118,-0.663344,-0.641091,-0.385975
122,90,7840,5792,7,center,31.717,-0.283,4.000,16653.267,19802.317,68652.239,-0.680959,-0.608237,-0.407851
122,91,7840,5856,7,block_,31.276,-0.724,4.000,16625.416,19851.852,68623.800,-0.686879,-0.623824,-0.372882
122,404,7840,25888,6,center,22.953,-9.047,4.000,17368.744,19270.133,68103.297,-0.793289,-0.596977,0.119630
122,405,7840,25952,6,center,15.341,-16.659,4.000,17334.790,19313.833,68083.425,-0.816260,-0.569695,0.095748
122,406,7840,26016,6,center,12.211,-19.789,2.000,17301.479,19358.025,68063.390,-0.829317,-0.532129,0.170502
122,407,7840,26080,6,center,11.151,-20.849,2.016,17268.528,19402.533,68042.803,-0.835503,-0.531684,0.138732
122,408,7840,26144,6,center,13.847,-18.153,4.000,17238.182,19448.785,68021.793,-0.854840,-0.506570,0.112407
122,509,7840,32608,5,block_,40.645,8.645,6.000,19114.710,20213.248,68094.757,0.898340,0.358425,0.254002
122,510,7840,32672,5,center,40.305,8.305,5.984,19129.462,20156.326,68115.791,0.924226,0.309176,0.224088
122,511,7840,32736,5,center,37.181,5.181,4.016,19144.384,20099.849,68136.987,0.931180,0.329121,0.156789
122,512,7840,32800,5,center,34.312,2.312,4.016,19158.423,20043.289,68158.016,0.948313,0.268690,0.168841
122,513,7840,32864,5,center,34.317,2.317,4.000,19171.820,19986.508,68179.385,0.949880,0.283313,0.132142
122,514,7840,32928,5,block_,35.117,3.117,4.000,19180.064,19928.954,68200.734,0.982001,0.082618,0.169848
122,577,7840,36960,4,block_,32.405,0.405,4.082,16770.964,20513.706,67868.977,-0.808555,-0.512524,-0.289063
122,578,7840,37024,4,center,33.729,1.729,4.016,16744.243,20564.218,67849.641,-0.802788,-0.545150,-0.241544
122,579,7840,37088,4,center,33.719,1.719,4.016,16715.794,20613.446,67829.962,-0.793782,-0.557038,-0.244169
122,580,7840,37152,4,center,32.431,0.431,4.000,16687.191,20662.218,67810.454,-0.787772,-0.565560,-0.244043
122,581,7840,37216,4,center,32.482,0.482,4.000,16658.329,20710.221,67790.602,-0.787570,-0.570719,-0.232408
122,582,7840,37280,4,center,38.922,6.922,3.984,16630.503,20758.520,67770.841,-0.806992,-0.545643,-0.225914
122,583,7840,37344,4,center,38.935,6.935,2.016,16605.333,20808.069,67751.137,-0.834155,-0.454585,-0.312311
122,584,7840,37408,4,center,38.624,6.624,2.016,16586.169,20861.130,67732.849,-0.842575,-0.391556,-0.369799
122,585,7840,37472,4,block_,32.753,0.753,2.172,16569.799,20915.741,67715.356,-0.858721,-0.351180,-0.373190
122,586,7840,37536,4,center,31.742,-0.258,4.000,16554.466,20971.004,67697.666,-0.865077,-0.371648,-0.336927
122,587,7840,37600,4,center,31.808,-0.192,4.000,16536.233,21025.291,67678.619,-0.846271,-0.440054,-0.300295
122,588,7840,37664,4,center,33.260,1.260,4.000,16513.989,21077.515,67658.544,-0.829373,-0.486639,-0.274452
122,589,7840,37728,4,center,31.749,-0.251,3.984,16489.286,21127.639,67637.647,-0.795143,-0.549257,-0.257030
122,590,7840,37792,4,center,29.539,-2.461,2.000,16467.031,21178.797,67617.727,-0.840180,-0.404966,-0.360694
122,591,7840,37856,4,center,31.743,-0.257,2.016,16447.693,21231.793,67598.193,-0.841343,-0.439412,-0.314736
122,592,7840,37920,4,center,34.393,2.393,4.000,16429.769,21285.182,67578.287,-0.894978,-0.380478,-0.232918
122,593,7840,37984,4,center,34.372,2.372,4.000,16413.072,21338.860,67558.035,-0.906465,-0.344262,-0.244550
123,77,7904,4960,7,block_,32.063,0.063,4.938,17218.200,19301.656,68951.938,-0.567084,-0.759833,0.317914
123,78,7904,5024,7,center,32.410,0.410,6.000,17165.563,19326.252,68927.352,-0.539836,-0.789522,0.291944
123,79,7904,5088,7,center,40.358,8.358,5.984,17118.913,19358.284,68899.916,-0.668831,-0.714869,0.204029
123,80,7904,5152,7,center,36.803,4.803,3.984,17074.680,19393.940,68871.635,-0.685198,-0.701447,0.196153
123,81,7904,5216,7,center,37.522,5.522,2.000,17028.052,19427.358,68844.043,-0.621732,-0.740394,0.255472
123,82,7904,5280,7,center,36.800,4.800,2.031,16978.568,19457.354,68817.648,-0.600603,-0.726758,0.333314
123,83,7904,5344,7,center,35.226,3.226,4.000,16929.298,19487.234,68791.182,-0.620244,-0.678688,0.393294
123,84,7904,5408,7,center,32.025,0.025,4.000,16880.081,19517.429,68764.513,-0.649573,-0.659549,0.378219
123,85,7904,5472,7,block_,38.808,6.808,4.000,16833.265,19550.426,68736.500,-0.724744,-0.661360,0.193260
123,86,7904,5536,7,center,37.837,5.837,4.000,16796.367,19592.728,68708.000,-0.795661,-0.541602,-0.271277
123,87,7904,5600,7,center,31.954,-0.046,4.000,16773.593,19646.338,68683.987,-0.745623,-0.536067,-0.395825
123,88,7904,5664,7,center,29.982,-2.018,4.000,16747.595,19697.166,68657.937,-0.683595,-0.578484,-0.445033
123,89,7904,5728,7,center,28.194,-3.806,4.000,16720.726,19747.380,68631.191,-0.648875,-0.615958,-0.446718
123,90,7904,5792,7,center,29.781,-2.219,4.000,16691.395,19795.228,68601.976,-0.634211,-0.654236,-0.412009
123,91,7904,5856,7,center,29.796,-2.204,4.000,16664.416,19845.311,68574.168,-0.641111,-0.592485,-0.487790
123,92,7904,5920,7,block_,31.035,-0.965,4.000,16638.793,19896.985,68547.572,-0.546399,-0.567080,-0.616334
123,404,7904,25888,6,center,24.576,-7.424,4.031,17369.773,19246.609,68050.226,-0.794041,-0.453382,0.404899
123,405,7904,25952,6,center,20.605,-11.395,5.969,17334.683,19289.406,68030.451,-0.800761,-0.491853,0.341851
123,406,7904,26016,6,center,15.253,-16.747,2.031,17300.970,19333.111,68010.084,-0.841406,-0.452979,0.294698
123,407,7904,26080,6,center,11.248,-20.752,2.031,17271.397,19379.521,67988.289,-0.868345,-0.437505,0.233596
123,408,7904,26144,6,center,17.653,-14.347,4.000,17240.423,19425.711,67967.383,-0.841971,-0.457712,0.285630
123,509,7904,32608,5,block_,41.912,9.912,5.992,19125.200,20194.498,68037.373,0.952336,0.280400,-0.120134
123,510,7904,32672,5,center,43.444,11.444,5.984,19142.508,20138.438,68058.403,0.963530,0.255214,-0.080471
123,511,7904,32736,5,center,41.101,9.101,5.984,19156.452,20081.654,68079.382,0.980912,0.190752,-0.037753
123,512,7904,32800,5,center,37.201,5.201,5.969,19169.403,20024.624,68099.922,0.973370,0.229071,0.008814
123,513,7904,32864,5,center,36.148,4.148,4.000,19182.534,19967.145,68120.777,0.981320,0.189262,0.034498
123,577,7904,36960,4,center,31.683,-0.317,4.016,16790.239,20502.465,67812.845,-0.873013,-0.469246,-0.132875
123,578,7904,37024,4,center,32.324,0.324,5.984,16763.422,20553.185,67793.578,-0.845796,-0.517601,-0.129302
123,579,7904,37088,4,center,32.327,0.327,5.969,16735.376,20602.999,67774.462,-0.844461,-0.526627,-0.097727
123,580,7904,37152,4,center,32.397,0.397,4.000,16706.019,20651.342,67755.181,-0.827965,-0.554426,-0.084171
123,581,7904,37216,4,center,32.455,0.455,4.000,16676.808,20698.919,67736.084,-0.849949,-0.519672,-0.086767
123,582,7904,37280,4,center,36.258,4.258,4.000,16651.052,20747.858,67716.773,-0.859759,-0.486959,-0.153899
123,583,7904,37344,4,center,38.121,6.121,4.000,16628.988,20798.607,67697.881,-0.872745,-0.410498,-0.264211
123,584,7904,37408,4,block_,36.431,4.431,3.203,16610.674,20851.529,67679.876,-0.880916,-0.388008,-0.270993
123,586,7904,37536,4,block_,31.752,-0.248,4.000,16574.417,20958.482,67642.509,-0.928495,-0.350777,-0.121871
123,587,7904,37600,4,center,31.668,-0.332,4.000,16553.026,21011.214,67623.052,-0.903895,-0.427482,0.015257
123,588,7904,37664,4,center,31.622,-0.378,4.000,16529.900,21063.022,67603.172,-0.907721,-0.413667,-0.070159
123,589,7904,37728,4,center,27.901,-4.099,3.984,16510.822,21115.894,67583.691,-0.892080,-0.408420,-0.193357
123,590,7904,37792,4,center,28.527,-3.473,2.016,16490.490,21168.013,67564.246,-0.868986,-0.437271,-0.231642
123,591,7904,37856,4,block_,29.819,-2.181,2.109,16469.611,21219.671,67544.324,-0.870159,-0.425859,-0.247927
123,592,7904,37920,4,block_,32.255,0.255,3.859,16451.139,21272.043,67524.497,-0.863080,-0.407365,-0.298575
123,593,7904,37984,4,block_,32.890,0.890,4.000,16434.829,21324.808,67504.917,-0.897463,-0.318981,-0.304649
124,77,7968,4960,7,center,31.969,-0.031,4.016,17225.947,19266.505,68900.325,-0.593215,-0.732311,0.334389
124,78,7968,5024,7,center,31.972,-0.028,6.000,17178.468,19297.580,68872.733,-0.664255,-0.717499,0.209667
124,79,7968,5088,7,center,33.484,1.484,5.969,17133.854,19332.263,68844.208,-0.666417,-0.721327,0.188615
124,80,7968,5152,7,center,34.918,2.918,3.984,17088.332,19366.639,68815.790,-0.654445,-0.719141,0.233534
124,81,7968,5216,7,center,36.798,4.798,2.031,17039.737,19398.035,68788.648,-0.590050,-0.747806,0.304347
124,82,7968,5280,7,center,36.737,4.737,4.000,16987.623,19425.034,68763.851,-0.540598,-0.751488,0.378179
124,83,7968,5344,7,block_,33.994,1.994,3.891,16937.153,19453.397,68738.174,-0.636981,-0.717656,0.281469
124,86,7968,5536,7,block_,33.593,1.593,4.000,16834.282,19586.316,68658.104,-0.691992,-0.510023,-0.510905
124,87,7968,5600,7,block_,31.497,-0.503,4.000,16809.385,19638.496,68633.014,-0.705395,-0.562113,-0.431795
124,88,7968,5664,7,center,28.574,-3.426,4.000,16784.717,19690.471,68607.778,-0.701494,-0.561445,-0.438959
124,89,7968,5728,7,center,25.396,-6.604,4.000,16758.842,19741.117,68581.569,-0.661505,-0.590197,-0.462686
124,90,7968,5792,7,center,25.394,-6.606,4.000,16733.182,19791.776,68555.171,-0.613309,-0.577968,-0.538335
124,91,7968,5856,7,center,25.129,-6.871,4.000,16710.084,19844.988,68530.618,-0.548609,-0.490171,-0.677319
124,92,7968,5920,7,center,29.850,-2.150,4.000,16688.328,19900.199,68507.330,-0.509438,-0.508850,-0.693934
124,404,7968,25888,6,center,29.243,-2.757,6.000,17359.590,19215.566,68001.349,-0.712538,-0.502867,0.489301
124,405,7968,25952,6,center,24.632,-7.368,6.016,17324.060,19258.382,67981.647,-0.786435,-0.373061,0.492286
124,406,7968,26016,6,center,22.986,-9.014,5.984,17293.554,19303.899,67959.074,-0.872922,-0.303071,0.382303
124,407,7968,26080,6,center,19.821,-12.179,4.016,17265.004,19351.365,67935.943,-0.835405,-0.387564,0.389733
124,408,7968,26144,6,center,22.224,-9.776,4.000,17231.581,19397.082,67916.437,-0.781249,-0.380045,0.495192
124,509,7968,32608,5,block_,44.282,12.282,4.266,19118.375,20170.389,67981.001,0.943199,0.218993,-0.249834
124,510,7968,32672,5,center,48.409,16.409,4.000,19135.914,20115.396,68001.687,0.944699,0.174054,-0.277935
124,511,7968,32736,5,center,41.996,9.996,4.000,19151.291,20059.626,68022.255,0.955067,0.159121,-0.250054
124,512,7968,32800,5,center,41.857,9.857,4.000,19164.684,20003.113,68042.518,0.959587,0.129868,-0.249654
124,513,7968,32864,5,center,40.305,8.305,4.000,19177.072,19945.573,68062.603,0.966894,0.086932,-0.239913
124,576,7968,36896,4,block_,26.443,-5.557,3.672,16822.453,20433.001,67774.796,-0.940056,-0.332443,0.076000
124,577,7968,36960,4,center,23.551,-8.449,3.984,16799.179,20485.661,67755.564,-0.910854,-0.401452,0.095816
124,578,7968,37024,4,center,24.475,-7.525,4.000,16772.753,20536.780,67736.411,-0.887215,-0.453019,0.087306
124,579,7968,37088,4,center,24.902,-7.098,4.000,16744.848,20586.834,67717.725,-0.879836,-0.455284,0.136403
124,580,7968,37152,4,center,28.136,-3.864,4.000,16715.742,20635.428,67699.065,-0.862572,-0.493220,0.112706
124,581,7968,37216,4,block_,31.296,-0.704,4.000,16686.933,20683.191,67680.810,-0.899878,-0.433537,0.047598
124,586,7968,37536,4,block_,26.792,-5.208,4.000,16586.000,20942.260,67586.388,-0.901125,-0.414346,-0.127634
124,587,7968,37600,4,center,22.272,-9.728,4.000,16565.314,20994.979,67566.817,-0.898705,-0.394298,-0.191985
124,588,7968,37664,4,center,20.176,-11.824,4.000,16546.374,21048.657,67547.605,-0.890342,-0.405241,-0.207533
124,589,7968,37728,4,center,26.216,-5.784,4.000,16527.508,21101.895,67528.382,-0.912066,-0.376176,-0.163180
124,590,7968,37792,4,center,28.396,-3.604,4.000,16508.399,21154.700,67509.520,-0.911858,-0.385739,-0.140426
124,591,7968,37856,4,block_,28.989,-3.011,3.141,16489.318,21206.978,67490.563,-0.910041,-0.388727,-0.143932
124,598,7968,38304,4,block_,47.070,15.070,4.775,16521.257,21572.856,67398.690,-0.659691,0.399473,-0.636576
124,599,7968,38368,4,block_,40.923,8.923,4.863,16552.624,21622.441,67393.044,-0.730887,0.405163,-0.549224
124,600,7968,38432,4,block_,36.437,4.437,4.401,16586.687,21669.872,67388.382,-0.679586,0.468244,-0.564721
125,77,8032,4960,7,center,31.961,-0.039,4.016,17236.543,19235.050,68846.492,-0.664301,-0.687924,0.292341
125,78,8032,5024,7,center,30.916,-1.084,5.969,17190.457,19267.872,68818.306,-0.681510,-0.681656,0.266251
125,79,8032,5088,7,center,31.980,-0.020,4.000,17145.441,19302.073,68789.645,-0.669465,-0.665593,0.329852
125,80,8032,5152,7,center,32.898,0.898,4.000,17097.668,19333.989,68761.893,-0.629607,-0.653995,0.419387
125,81,8032,5216,7,center,34.878,2.878,4.000,17045.612,19361.511,68736.832,-0.550073,-0.657182,0.515298
125,82,8032,5280,7,block_,34.104,2.104,3.854,16995.311,19390.870,68711.204,-0.709463,-0.647001,0.279379
125,88,8032,5664,7,block_,29.103,-2.897,4.000,16818.821,19681.860,68556.337,-0.804816,-0.533491,-0.260110
125,89,8032,5728,7,block_,25.396,-6.604,4.000,16794.956,19733.930,68531.439,-0.787428,-0.485137,-0.380261
125,90,8032,5792,7,center,25.445,-6.555,4.000,16774.071,19787.871,68508.201,-0.745317,-0.462962,-0.479759
125,91,8032,5856,7,center,25.199,-6.801,4.000,16754.469,19843.349,68485.937,-0.730880,-0.458594,-0.505476
125,92,8032,5920,7,block_,29.248,-2.752,4.000,16734.046,19899.357,68463.014,-0.712824,-0.502059,-0.489714
125,404,8032,25888,6,center,29.317,-2.683,6.016,17340.401,19178.969,67959.233,-0.655284,-0.272558,0.704496
125,405,8032,25952,6,center,34.014,2.014,7.984,17307.536,19223.554,67936.213,-0.802319,-0.210061,0.558712
125,406,8032,26016,6,center,29.262,-2.738,6.000,17278.843,19270.848,67911.203,-0.788271,-0.190166,0.585206
125,407,8032,26080,6,center,22.202,-9.798,5.969,17246.823,19317.971,67889.492,-0.732602,-0.253319,0.631763
125,408,8032,26144,6,center,26.101,-5.899,4.000,17212.766,19364.188,67870.563,-0.715602,-0.274361,0.642371
125,509,8032,32608,5,block_,48.857,16.857,4.000,19121.573,20149.459,67924.483,0.956250,0.273110,0.104863
125,510,8032,32672,5,center,50.752,18.752,4.000,19134.775,20093.743,67945.428,0.970464,0.235997,0.050054
125,511,8032,32736,5,center,47.832,15.832,4.000,19145.372,20037.658,67966.424,0.977203,0.202871,0.062585
125,512,8032,32800,5,center,41.950,9.950,4.000,19155.011,19981.253,67986.252,0.979514,0.141612,-0.143173
125,513,8032,32864,5,center,41.857,9.857,4.000,19163.376,19924.027,68006.205,0.978764,0.023323,-0.203658
125,576,8032,36896,4,block_,21.298,-10.702,2.000,16817.158,20410.412,67719.258,-0.929165,-0.293884,0.224242
125,577,8032,36960,4,center,16.140,-15.860,2.016,16795.458,20463.311,67699.533,-0.916716,-0.320464,0.238612
125,578,8032,37024,4,center,17.496,-14.504,4.000,16769.328,20514.438,67680.585,-0.879119,-0.375421,0.293613
125,579,8032,37088,4,center,24.185,-7.815,4.000,16740.758,20564.161,67662.609,-0.866604,-0.375157,0.329021
125,580,8032,37152,4,center,25.110,-6.890,4.000,16713.548,20613.850,67644.342,-0.872886,-0.376276,0.310622
125,586,8032,37536,4,block_,22.536,-9.464,4.000,16598.917,20926.756,67530.478,-0.968644,-0.248251,-0.009964
125,587,8032,37600,4,center,18.271,-13.729,4.000,16582.920,20981.226,67511.190,-0.943098,-0.329389,-0.045494
125,588,8032,37664,4,center,17.378,-14.622,4.000,16561.714,21034.261,67491.828,-0.923490,-0.382781,0.025383
125,589,8032,37728,4,center,20.720,-11.280,4.000,16541.000,21086.895,67472.529,-0.939260,-0.342330,-0.024510
125,590,8032,37792,4,block_,27.012,-4.988,4.000,16521.012,21139.611,67453.743,-0.920496,-0.390483,-0.014489
125,597,8032,38240,4,block_,41.035,9.035,6.000,16518.042,21501.227,67356.397,-0.733424,0.373478,-0.567982
125,598,8032,38304,4,center,49.258,17.258,6.016,16545.824,21552.135,67349.861,-0.799365,0.357853,-0.482656
125,599,8032,38368,4,center,48.067,16.067,7.969,16575.509,21601.805,67343.529,-0.715626,0.445105,-0.538294
125,600,8032,38432,4,center,39.026,7.026,4.016,16610.800,21647.456,67340.543,-0.670546,0.503452,-0.544889
125,601,8032,38496,4,block_,37.208,5.208,4.891,16646.694,21691.942,67337.645,-0.665316,0.522376,-0.533364
126,77,8096,4960,0,block_,31.943,-0.057,4.049,17244.675,19201.238,68793.670,-0.695155,-0.636952,0.333244
126,78,8096,5024,0,center,31.977,-0.023,4.000,17199.077,19234.676,68765.279,-0.673871,-0.666117,0.319665
126,79,8096,5088,0,center,32.466,0.466,4.000,17151.293,19265.755,68737.921,-0.629878,-0.661070,0.407725
126,80,8096,5152,0,block_,32.541,0.541,4.000,17101.660,19295.337,68710.907,-0.627268,-0.653775,0.423216
126,81,8096,5216,0,block_,33.180,1.180,4.000,17052.729,19326.320,68684.485,-0.697023,-0.671677,0.251017
126,403,8096,25824,6,block_,29.279,-2.721,4.616,17353.792,19094.416,67941.316,-0.602314,-0.283447,0.746241
126,404,8096,25888,6,center,29.316,-2.684,6.000,17316.244,19139.138,67919.277,-0.701593,-0.154710,0.695581
126,405,8096,25952,6,center,33.993,1.993,7.953,17282.565,19185.773,67895.694,-0.670831,-0.123078,0.731326
126,406,8096,26016,6,center,34.158,2.158,5.984,17249.908,19233.040,67872.689,-0.664728,-0.096439,0.740834
126,407,8096,26080,6,center,26.477,-5.523,4.000,17217.550,19280.889,67850.976,-0.646206,-0.107501,0.755553
126,408,8096,26144,6,center,29.279,-2.721,4.000,17184.880,19328.377,67831.112,-0.672255,-0.165028,0.721692
126,505,8096,32352,5,block_,40.293,8.293,4.000,19050.611,20339.357,67783.478,0.710361,0.622989,0.327524
126,506,8096,32416,5,center,40.293,8.293,4.000,19084.227,20294.423,67805.908,0.766757,0.602344,0.221959
126,507,8096,32480,5,center,40.322,8.322,4.000,19108.636,20243.325,67827.242,0.831270,0.452643,0.322654
126,508,8096,32544,5,center,44.016,12.016,4.000,19127.279,20189.330,67848.245,0.898967,0.330373,0.287595
126,509,8096,32608,5,center,49.257,17.257,4.000,19139.359,20132.790,67868.519,0.924952,0.269896,0.267620
126,510,8096,32672,5,center,40.356,8.356,4.000,19149.439,20075.721,67888.951,0.944973,0.233095,0.229547
126,511,8096,32736,5,center,41.970,9.970,4.016,19160.490,20019.314,67910.386,0.934238,0.273191,0.229271
126,512,8096,32800,5,center,41.964,9.964,4.000,19166.922,19962.371,67931.614,0.903999,0.178543,0.388469
126,513,8096,32864,5,center,41.940,9.940,4.000,19166.203,19904.058,67951.452,0.897852,0.102882,0.428109
126,576,8096,36896,4,block_,22.160,-9.840,2.004,16813.389,20387.863,67663.661,-0.902995,-0.339409,0.263441
126,577,8096,36960,4,center,18.482,-13.518,2.016,16785.273,20438.140,67645.960,-0.821564,-0.355554,0.445662
126,578,8096,37024,4,center,18.509,-13.491,3.984,16754.142,20487.305,67629.410,-0.765774,-0.332252,0.550635
126,579,8096,37088,4,center,24.210,-7.790,4.000,16725.089,20537.107,67611.830,-0.825868,-0.258927,0.500899
126,580,8096,37152,4,center,29.571,-2.429,4.000,16698.908,20587.632,67593.355,-0.847987,-0.264145,0.459505
126,586,8096,37536,4,center,29.352,-2.648,4.000,16593.065,20905.697,67475.619,-0.949510,-0.114315,0.292170
126,587,8096,37600,4,center,17.422,-14.578,4.000,16577.907,20959.992,67456.070,-0.929270,-0.189244,0.317244
126,588,8096,37664,4,center,16.888,-15.112,4.000,16559.016,21013.436,67436.734,-0.918619,-0.193638,0.344446
126,589,8096,37728,4,center,20.985,-11.015,4.000,16539.977,21066.792,67417.223,-0.911312,-0.231228,0.340653
126,590,8096,37792,4,block_,27.601,-4.399,4.000,16519.601,21119.588,67398.387,-0.920570,-0.290524,0.261048
126,597,8096,38240,4,center,37.694,5.694,6.000,16539.453,21483.331,67305.412,-0.833194,0.367122,-0.413532
126,598,8096,38304,4,center,43.481,11.481,6.016,16565.960,21534.164,67298.564,-0.804585,0.424108,-0.415663
126,599,8096,38368,4,center,42.978,10.978,7.969,16598.331,21581.616,67294.246,-0.730857,0.490350,-0.474768
126,600,8096,38432,4,center,42.936,10.936,6.000,16632.173,21627.925,67291.230,-0.745399,0.521533,-0.415192
126,601,8096,38496,4,block_,39.021,7.021,5.641,16666.804,21672.494,67289.113,-0.702361,0.597386,-0.387064
127,403,8160,25824,6,center,29.279,-2.721,4.016,17327.289,19051.765,67902.374,-0.662793,-0.367100,0.652644
127,404,8160,25888,6,center,29.194,-2.806,4.016,17286.404,19097.773,67882.226,-0.740550,-0.286528,0.607854
127,405,8160,25952,6,center,26.414,-5.586,4.016,17251.398,19145.786,67858.624,-0.681979,-0.213079,0.699644
127,406,8160,26016,6,center,29.279,-2.721,5.969,17215.072,19193.777,67838.751,-0.664657,-0.134877,0.734874
127,407,8160,26080,6,center,29.279,-2.721,4.000,17181.968,19242.985,67817.703,-0.689234,-0.126179,0.713467
127,408,8160,26144,6,block_,29.276,-2.724,4.000,17153.699,19292.467,67794.549,-0.778270,-0.162536,0.606530
127,505,8160,32352,5,block_,40.293,8.293,4.000,19078.562,20333.561,67729.714,0.804569,0.556311,0.207813
127,506,8160,32416,5,center,40.293,8.293,4.000,19104.588,20282.112,67750.204,0.885171,0.457521,0.084539
127,507,8160,32480,5,center,40.325,8.325,4.000,19129.866,20229.883,67771.414,0.898838,0.430245,0.083540
127,508,8160,32544,5,center,44.397,12.397,4.000,19149.171,20174.753,67792.590,0.931819,0.317582,0.175656
127,509,8160,32608,5,center,47.314,15.314,4.000,19160.446,20117.074,67812.630,0.937716,0.234884,0.255964
127,510,8160,32672,5,center,46.704,14.704,4.031,19170.082,20059.047,67833.153,0.913301,0.260125,0.313396
127,511,8160,32736,5,center,44.398,12.398,5.969,19181.505,20001.753,67854.947,0.903727,0.328685,0.274304
127,512,8160,32800,5,center,43.640,11.640,4.000,19193.096,19944.755,67878.052,0.903568,0.289030,0.316270
127,513,8160,32864,5,center,42.227,10.227,4.000,19197.170,19885.822,67900.089,0.897405,0.123057,0.423699
127,576,8160,36896,4,center,25.484,-6.516,3.984,16798.352,20360.758,67612.414,-0.802837,-0.354668,0.479233
127,577,8160,36960,4,center,22.485,-9.515,2.016,16766.212,20409.265,67596.418,-0.792132,-0.388357,0.470856
127,578,8160,37024,4,center,20.357,-11.643,2.031,16734.533,20458.355,67579.949,-0.836411,-0.352644,0.419593
127,579,8160,37088,4,center,25.688,-6.312,4.000,16708.218,20509.691,67561.105,-0.908867,-0.274174,0.314309
127,580,8160,37152,4,center,31.742,-0.258,4.000,16685.236,20561.708,67541.367,-0.908073,-0.301481,0.290711
127,581,8160,37216,4,block_,32.199,0.199,4.000,16661.668,20613.274,67522.117,-0.909028,-0.300876,0.288342
127,585,8160,37472,4,block_,29.499,-2.501,4.000,16591.371,20828.247,67442.936,-0.968003,-0.119743,0.220526
127,586,8160,37536,4,center,27.786,-4.214,4.000,16580.744,20883.036,67422.270,-0.972338,-0.116679,0.202349
127,587,8160,37600,4,center,26.321,-5.679,4.000,16565.561,20936.803,67402.688,-0.942045,-0.245037,0.229146
127,588,8160,37664,4,center,21.231,-10.769,4.000,16545.632,20989.634,67383.954,-0.933961,-0.290764,0.207783
127,589,8160,37728,4,center,31.741,-0.259,4.000,16526.297,21042.876,67364.563,-0.948195,-0.252972,0.192178
127,590,8160,37792,4,block_,29.389,-2.611,4.000,16509.087,21096.352,67344.421,-0.909647,-0.290242,0.297157
127,596,8160,38176,4,block_,36.797,4.797,4.875,16523.802,21418.832,67257.917,-0.909726,0.414707,-0.020396
127,597,8160,38240,4,center,40.222,8.222,6.000,16548.454,21471.113,67250.309,-0.880132,0.472060,-0.050270
127,598,8160,38304,4,center,43.484,11.484,6.000,16576.671,21521.723,67243.629,-0.845168,0.522138,-0.114295
127,599,8160,38368,4,center,42.978,10.978,6.000,16610.277,21569.364,67239.500,-0.810021,0.571242,-0.132468
127,600,8160,38432,4,center,42.883,10.883,5.969,16643.121,21617.166,67236.694,-0.829163,0.558835,-0.013880
127,601,8160,38496,4,block_,37.500,5.500,5.150,16675.256,21664.937,67234.833,-0.829611,0.551403,0.087749
128,394,8224,25248,6,block_,28.970,-3.030,4.000,17797.306,18738.369,67959.103,-0.239034,-0.901890,0.359801
128,395,8224,25312,6,center,29.223,-2.777,4.000,17737.160,18755.891,67952.156,-0.419631,-0.874136,0.244531
128,396,8224,25376,6,center,24.096,-7.904,3.984,17680.062,18781.264,67942.271,-0.450549,-0.861913,0.232620
128,397,8224,25440,6,center,16.387,-15.613,3.984,17624.677,18809.634,67931.334,-0.505978,-0.824082,0.254707
128,398,8224,25504,6,center,27.775,-4.225,3.984,17571.894,18841.351,67918.883,-0.565993,-0.770909,0.292149
128,399,8224,25568,6,block_,28.935,-3.065,3.982,17520.632,18874.587,67906.423,-0.560501,-0.781023,0.275394
128,400,8224,25632,6,block_,29.600,-2.400,4.000,17468.218,18906.792,67894.646,-0.530913,-0.790927,0.304247
128,402,8224,25760,6,block_,29.171,-2.829,4.688,17359.234,18972.291,67868.519,-0.693840,-0.646199,0.317826
128,403,8224,25824,6,center,29.208,-2.792,6.000,17313.879,19016.847,67850.183,-0.739488,-0.578145,0.344826
128,404,8224,25888,6,center,21.211,-10.789,5.969,17270.465,19062.149,67831.401,-0.767516,-0.510022,0.388326
128,405,8224,25952,6,center,21.264,-10.736,4.000,17229.343,19109.470,67812.863,-0.767689,-0.546673,0.334368
128,406,8224,26016,6,center,29.279,-2.721,4.000,17193.641,19159.572,67792.878,-0.839588,-0.438612,0.320486
128,407,8224,26080,6,center,29.279,-2.721,4.000,17160.383,19209.532,67771.990,-0.903976,-0.397811,0.156757
128,408,8224,26144,6,block_,29.279,-2.721,4.000,17133.928,19259.771,67748.443,-0.865518,-0.334194,0.373085
128,505,8224,32352,5,block_,40.293,8.293,4.000,19096.443,20320.292,67671.951,0.874989,0.469443,0.118395
128,506,8224,32416,5,center,40.293,8.293,4.000,19116.945,20265.143,67691.937,0.915939,0.370962,0.153111
128,507,8224,32480,5,center,40.311,8.311,4.000,19140.585,20211.235,67713.047,0.897067,0.436548,0.068525
128,508,8224,32544,5,center,42.591,10.591,4.000,19163.695,20157.385,67734.614,0.921358,0.359935,0.146787
128,509,8224,32608,5,center,44.382,12.382,4.016,19178.972,20100.445,67755.476,0.923843,0.287911,0.252231
128,510,8224,32672,5,center,45.397,13.397,5.984,19191.173,20042.369,67776.621,0.923645,0.306792,0.229692
128,511,8224,32736,5,center,44.382,12.382,4.000,19201.632,19983.887,67798.323,0.954433,0.211046,0.210991
128,512,8224,32800,5,center,42.240,10.240,4.000,19215.738,19926.186,67821.614,0.946332,0.275727,0.168614
128,513,8224,32864,5,center,40.293,8.293,4.000,19222.894,19866.252,67845.071,0.972452,0.090088,0.214992
128,576,8224,36896,4,center,31.693,-0.307,4.000,16785.212,20334.823,67560.051,-0.852612,-0.433066,0.292415
128,577,8224,36960,4,center,25.520,-6.480,4.000,16756.277,20384.521,67542.666,-0.881298,-0.427019,0.202407
128,578,8224,37024,4,center,22.759,-9.241,4.000,16729.651,20435.616,67524.600,-0.920305,-0.380685,0.090095
128,579,8224,37088,4,center,25.685,-6.315,4.000,16704.419,20487.299,67505.539,-0.901596,-0.422681,0.092011
128,580,8224,37152,4,center,31.705,-0.295,3.984,16680.113,20538.931,67486.241,-0.923757,-0.354459,0.145025
128,581,8224,37216,4,block_,32.974,0.974,4.000,16657.001,20590.727,67467.074,-0.902086,-0.408740,0.138467
128,582,8224,37280,4,block_,34.453,2.453,4.000,16634.761,20643.054,67447.652,-0.951398,-0.307950,0.002985
128,585,8224,37472,4,block_,28.784,-3.216,4.000,16591.904,20807.860,67387.335,-0.970802,-0.239010,-0.020421
128,586,8224,37536,4,center,26.348,-5.652,4.000,16578.234,20862.080,67367.122,-0.971611,-0.224282,0.075302
128,587,8224,37600,4,center,24.632,-7.368,4.000,16562.095,20915.611,67347.381,-0.946961,-0.289218,0.140066
128,588,8224,37664,4,center,23.831,-8.169,4.000,16542.339,20968.321,67328.197,-0.951297,-0.265177,0.157211
128,589,8224,37728,4,center,31.741,-0.259,4.000,16524.677,21021.832,67308.675,-0.941697,-0.323115,0.093828
128,595,8224,38112,4,block_,33.960,1.960,4.000,16498.286,21357.001,67208.713,-0.977129,0.212522,0.007377
128,596,8224,38176,4,center,31.951,-0.049,4.016,16516.630,21412.813,67199.204,-0.907947,0.416651,0.045093
128,597,8224,38240,4,center,47.214,15.214,6.000,16544.811,21465.177,67191.441,-0.851695,0.523546,-0.022699
128,598,8224,38304,4,center,43.859,11.859,6.000,16576.086,21516.057,67185.323,-0.858610,0.505145,-0.087282
128,599,8224,38368,4,center,42.955,10.955,5.969,16609.414,21565.580,67180.594,-0.811998,0.583516,-0.012983
128,600,8224,38432,4,center,41.986,9.986,4.000,16639.505,21616.868,67177.924,-0.895641,0.444514,0.015327
129,394,8288,25248,6,center,29.262,-2.738,4.000,17801.529,18725.053,67898.780,-0.296673,-0.954979,0.000306
129,395,8288,25312,6,center,27.054,-4.946,3.984,17743.608,18747.548,67890.276,-0.382463,-0.923763,-0.019601
129,396,8288,25376,6,center,18.264,-13.736,2.016,17687.515,18773.171,67880.696,-0.440031,-0.897929,-0.009802
129,397,8288,25440,6,center,16.337,-15.663,2.016,17633.111,18802.139,67870.269,-0.491119,-0.868684,-0.064738
129,398,8288,25504,6,center,22.849,-9.151,2.031,17578.797,18830.593,67858.546,-0.434667,-0.899229,-0.049517
129,399,8288,25568,6,center,28.501,-3.499,4.000,17525.151,18859.504,67846.566,-0.486059,-0.869576,0.087085
129,400,8288,25632,6,center,30.767,-1.233,4.000,17471.763,18889.330,67834.372,-0.528525,-0.835933,0.147909
129,401,8288,25696,6,center,35.635,3.635,4.000,17418.976,18921.908,67820.761,-0.560003,-0.823727,0.088716
129,402,8288,25760,6,center,29.271,-2.729,4.016,17367.398,18957.480,67805.541,-0.605462,-0.795722,-0.015577
129,403,8288,25824,6,center,28.156,-3.844,5.969,17321.569,18999.973,67788.613,-0.709120,-0.700696,-0.078576
129,404,8288,25888,6,center,22.495,-9.505,4.000,17280.033,19046.710,67771.249,-0.728790,-0.666542,-0.156802
129,405,8288,25952,6,center,21.221,-10.779,4.000,17242.741,19096.203,67753.407,-0.741796,-0.641314,-0.196101
129,406,8288,26016,6,center,29.279,-2.721,4.000,17204.569,19143.235,67733.943,-0.756794,-0.630973,-0.170690
129,407,8288,26080,6,center,29.279,-2.721,4.000,17169.783,19190.678,67713.693,-0.778269,-0.627852,0.009934
129,408,8288,26144,6,block_,29.279,-2.721,4.000,17133.858,19235.853,67693.429,-0.822611,-0.568057,0.024954
129,508,8288,32544,5,block_,42.274,10.274,4.000,19180.039,20140.768,67676.306,0.908182,0.406163,0.101175
129,509,8288,32608,5,block_,43.413,11.413,4.109,19199.596,20084.487,67698.033,0.926617,0.339601,0.161408
129,510,8288,32672,5,block_,44.977,12.977,5.484,19211.941,20025.545,67719.077,0.934601,0.238944,0.263489
129,511,8288,32736,5,block_,44.025,12.025,4.109,19220.362,19965.360,67740.059,0.934464,0.214640,0.284090
129,512,8288,32800,5,block_,42.179,10.179,4.000,19227.837,19905.031,67761.973,0.955447,0.179844,0.234045
129,513,8288,32864,5,block_,41.076,9.076,4.000,19233.581,19844.563,67784.880,0.968891,0.148706,0.197828
129,576,8288,36896,4,block_,32.042,0.042,4.000,16779.923,20312.340,67504.712,-0.899817,-0.367284,0.235440
129,577,8288,36960,4,center,36.109,4.109,4.000,16754.146,20363.438,67486.403,-0.902331,-0.369211,0.222445
129,578,8288,37024,4,center,25.505,-6.495,4.000,16729.789,20415.272,67467.655,-0.918027,-0.352359,0.181848
129,579,8288,37088,4,center,25.205,-6.795,3.969,16706.558,20467.626,67448.600,-0.914218,-0.360046,0.185939
129,580,8288,37152,4,center,25.255,-6.745,2.016,16680.597,20518.574,67429.944,-0.899212,-0.399404,0.178589
129,581,8288,37216,4,center,33.565,1.565,4.000,16660.278,20571.199,67410.522,-0.958040,-0.279256,0.064611
129,582,8288,37280,4,center,39.282,7.282,4.000,16644.572,20625.540,67390.878,-0.961494,-0.274649,-0.009839
129,583,8288,37344,4,block_,37.195,5.195,4.000,16628.609,20680.059,67371.010,-0.958770,-0.284124,-0.005750
129,585,8288,37472,4,block_,29.209,-2.791,4.000,16596.875,20788.541,67331.175,-0.957663,-0.287415,0.016535
129,586,8288,37536,4,center,24.614,-7.386,4.000,16579.129,20841.876,67311.412,-0.958422,-0.284650,0.020041
129,587,8288,37600,4,center,21.465,-10.535,4.000,16563.940,20895.856,67291.769,-0.952246,-0.304930,-0.015638
129,588,8288,37664,4,center,23.817,-8.183,4.000,16547.875,20949.748,67272.366,-0.934789,-0.344143,-0.087944
129,589,8288,37728,4,block_,29.063,-2.937,4.000,16529.337,21002.963,67252.507,-0.936861,-0.343209,-0.067081
129,594,8288,38048,4,block_,32.748,0.748,4.000,16483.610,21286.474,67161.943,-0.996476,0.077981,-0.030905
129,595,8288,38112,4,center,31.909,-0.091,4.000,16494.953,21346.189,67149.053,-0.973697,0.207440,-0.094246
129,596,8288,38176,4,center,43.216,11.216,4.016,16513.972,21404.592,67138.974,-0.920857,0.374728,-0.107709
129,597,8288,38240,4,center,47.182,15.182,5.984,16543.148,21457.922,67130.691,-0.797778,0.602824,-0.012373
129,598,8288,38304,4,center,43.819,11.819,5.969,16577.682,21508.726,67124.953,-0.881350,0.471638,0.027942
129,599,8288,38368,4,center,40.872,8.872,4.000,16607.376,21562.206,67120.459,-0.856065,0.511678,0.073064
129,600,8288,38432,4,block_,35.353,3.353,4.002,16638.931,21614.822,67117.133,-0.875945,0.482365,0.006626
130,394,8352,25248,6,center,29.263,-2.737,4.000,17809.332,18723.778,67837.068,-0.332117,-0.943073,0.017664
130,395,8352,25312,6,center,27.111,-4.889,4.000,17752.154,18744.833,67828.951,-0.369538,-0.928644,0.032594
130,396,8352,25376,6,center,23.440,-8.560,4.000,17696.481,18768.953,67819.517,-0.459289,-0.887583,0.035349
130,397,8352,25440,6,center,16.406,-15.594,4.000,17642.567,18796.692,67809.338,-0.440951,-0.886534,0.140070
130,398,8352,25504,6,center,24.056,-7.944,4.000,17587.597,18821.924,67798.514,-0.434580,-0.882000,0.182252
130,399,8352,25568,6,center,29.345,-2.655,4.000,17531.482,18845.406,67786.861,-0.456095,-0.856625,0.241186
130,400,8352,25632,6,center,32.849,0.849,4.000,17480.619,18878.348,67773.741,-0.574260,-0.818526,-0.015491
130,401,8352,25696,6,center,29.363,-2.637,4.000,17432.349,18915.035,67759.792,-0.560381,-0.813560,-0.155221
130,402,8352,25760,6,center,29.283,-2.717,4.000,17384.433,18952.294,67744.108,-0.627495,-0.760308,-0.167871
130,403,8352,25824,6,center,28.164,-3.836,4.000,17342.227,18996.662,67728.030,-0.684626,-0.677775,-0.268157
130,404,8352,25888,6,center,22.469,-9.531,4.000,17303.286,19044.117,67711.550,-0.690839,-0.658312,-0.298944
130,405,8352,25952,6,center,15.739,-16.261,3.984,17265.039,19091.156,67694.018,-0.717093,-0.669192,-0.194831
130,406,8352,26016,6,center,29.279,-2.721,3.984,17225.508,19135.778,67675.215,-0.679172,-0.720725,-0.138854
130,407,8352,26080,6,center,29.279,-2.721,4.000,17184.715,19177.550,67655.693,-0.734480,-0.674603,-0.073821
130,577,8352,36960,4,block_,31.650,-0.350,4.000,16745.871,20339.839,67431.706,-0.899298,-0.286174,0.330708
130,578,8352,37024,4,center,31.691,-0.309,3.984,16722.248,20391.961,67412.610,-0.905012,-0.284250,0.316473
130,579,8352,37088,4,center,25.240,-6.760,2.016,16698.931,20444.244,67393.746,-0.903500,-0.301396,0.304710
130,580,8352,37152,4,center,23.263,-8.737,2.016,16676.168,20496.435,67374.595,-0.940834,-0.266046,0.209882
130,581,8352,37216,4,center,26.435,-5.565,4.000,16659.113,20550.291,67354.399,-0.967393,-0.206696,0.146378
130,582,8352,37280,4,center,34.429,2.429,4.000,16646.005,20605.366,67334.078,-0.968001,-0.208503,0.139641
130,583,8352,37344,4,center,43.903,11.903,4.000,16629.261,20659.834,67314.459,-0.955843,-0.234231,0.177481
130,584,8352,37408,4,block_,36.272,4.272,4.000,16613.402,20714.234,67294.858,-0.973793,-0.198580,0.110875
130,585,8352,37472,4,block_,28.752,-3.248,4.000,16599.749,20768.926,67274.883,-0.971231,-0.228328,0.067657
130,586,8352,37536,4,center,21.451,-10.549,4.000,16585.887,20823.436,67255.120,-0.969284,-0.245780,0.009013
130,587,8352,37600,4,center,20.402,-11.598,3.984,16572.647,20878.116,67235.592,-0.969969,-0.243053,-0.009284
130,588,8352,37664,4,center,22.042,-9.958,3.984,16557.692,20932.443,67216.086,-0.955929,-0.292469,-0.025738
130,589,8352,37728,4,block_,25.782,-6.218,3.984,16541.088,20986.342,67196.383,-0.948172,-0.314083,-0.048192
130,592,8352,37920,4,block_,36.222,4.222,4.120,16500.076,21152.887,67138.426,-0.912904,-0.258670,-0.315746
130,593,8352,37984,4,center,44.188,12.188,4.016,16495.871,21211.438,67120.439,-0.947699,-0.099933,-0.303118
130,594,8352,38048,4,center,31.891,-0.109,4.000,16499.006,21271.174,67104.606,-0.935316,0.006480,-0.353754
130,595,8352,38112,4,center,41.769,9.769,4.000,16509.052,21330.957,67091.337,-0.882914,0.156255,-0.442773
130,596,8352,38176,4,center,41.763,9.763,4.000,16530.461,21389.372,67082.065,-0.837132,0.254296,-0.484297
130,597,8352,38240,4,center,43.142,11.142,4.000,16552.420,21447.009,67072.922,-0.843181,0.275206,-0.461853
130,598,8352,38304,4,center,40.633,8.633,4.000,16578.870,21503.001,67065.160,-0.802868,0.446432,-0.395097
130,599,8352,38368,4,center,40.564,8.564,4.000,16610.010,21556.473,67061.012,-0.878821,0.338504,-0.336287
130,600,8352,38432,4,block_,35.135,3.135,4.000,16641.693,21609.862,67056.317,-0.728279,0.584985,-0.356935
131,394,8416,25248,6,block_,28.867,-3.133,4.000,17815.683,18719.225,67776.128,-0.300319,-0.948412,0.101603
131,395,8416,25312,6,block_,28.484,-3.516,4.000,17757.620,18735.523,67768.983,-0.362181,-0.913810,0.183783
131,396,8416,25376,6,center,27.115,-4.885,4.000,17701.771,18757.685,67760.040,-0.398755,-0.897132,0.190129
131,397,8416,25440,6,center,24.082,-7.918,4.000,17646.527,18780.907,67750.505,-0.421214,-0.887027,0.189110
131,398,8416,25504,6,center,32.622,0.622,4.000,17593.835,18808.304,67739.362,-0.464319,-0.877140,0.122614
131,399,8416,25568,6,center,34.130,2.130,4.000,17542.164,18837.389,67727.386,-0.550825,-0.826746,-0.114381
131,400,8416,25632,6,center,40.099,8.099,4.000,17496.246,18875.819,67713.985,-0.629259,-0.754088,-0.188108
131,401,8416,25696,6,center,40.029,8.029,4.000,17449.869,18913.761,67700.459,-0.573894,-0.815429,-0.075641
131,402,8416,25760,6,center,30.956,-1.044,4.000,17403.965,18950.619,67685.053,-0.669665,-0.720103,-0.181660
131,403,8416,25824,6,center,29.244,-2.756,4.000,17365.267,18996.328,67669.867,-0.728753,-0.660148,-0.181999
131,404,8416,25888,6,center,24.752,-7.248,3.984,17326.746,19042.453,67653.522,-0.732194,-0.675659,-0.085889
131,405,8416,25952,6,center,19.206,-12.794,2.000,17285.367,19085.327,67635.477,-0.688756,-0.723714,-0.043046
131,406,8416,26016,6,center,29.279,-2.721,2.031,17242.930,19126.238,67616.639,-0.691192,-0.721731,-0.036846
131,407,8416,26080,6,block_,29.279,-2.721,3.585,17202.137,19168.011,67597.630,-0.706335,-0.683668,-0.183545
131,578,8416,37024,4,block_,30.795,-1.205,3.710,16708.971,20366.736,67359.391,-0.898386,-0.236978,0.369790
131,579,8416,37088,4,center,31.691,-0.309,3.984,16687.366,20419.700,67339.773,-0.914610,-0.234353,0.329496
131,580,8416,37152,4,center,25.270,-6.730,2.031,16668.490,20473.337,67319.587,-0.953466,-0.199555,0.226010
131,581,8416,37216,4,center,27.040,-4.960,4.000,16653.222,20528.013,67298.940,-0.960484,-0.169298,0.220928
131,582,8416,37280,4,center,29.708,-2.292,4.000,16637.475,20582.782,67278.769,-0.945817,-0.193836,0.260497
131,583,8416,37344,4,center,34.362,2.362,4.000,16622.417,20637.790,67258.799,-0.970157,-0.170692,0.172222
131,584,8416,37408,4,center,34.337,2.337,4.000,16610.265,20693.245,67238.681,-0.979138,-0.153613,0.133010
131,585,8416,37472,4,center,28.010,-3.990,4.000,16599.675,20748.767,67218.683,-0.984403,-0.154563,0.084029
131,586,8416,37536,4,center,22.027,-9.973,3.984,16587.328,20803.758,67198.947,-0.975372,-0.208169,0.072900
131,587,8416,37600,4,center,22.036,-9.964,2.000,16574.317,20858.482,67179.435,-0.974168,-0.222942,0.035967
131,588,8416,37664,4,center,25.221,-6.779,2.016,16562.238,20913.395,67159.742,-0.975043,-0.221804,0.009728
131,589,8416,37728,4,center,28.157,-3.843,2.031,16548.764,20968.096,67139.959,-0.964803,-0.240286,-0.106850
131,590,8416,37792,4,block_,31.786,-0.214,3.996,16538.174,21023.836,67120.362,-0.951235,-0.260509,-0.165189
131,591,8416,37856,4,center,36.466,4.466,4.000,16527.000,21079.856,67100.985,-0.945155,-0.237185,-0.224556
131,592,8416,37920,4,center,38.805,6.805,4.016,16518.493,21137.174,67082.017,-0.952677,-0.196013,-0.232349
131,593,8416,37984,4,center,44.230,12.230,5.969,16514.516,21195.489,67064.048,-0.953141,-0.076658,-0.292652
131,594,8416,38048,4,center,40.876,8.876,4.000,16519.787,21254.749,67048.671,-0.920240,0.091564,-0.380492
131,595,8416,38112,4,center,41.130,9.130,4.000,16534.930,21313.649,67037.064,-0.888578,0.174238,-0.424348
131,596,8416,38176,4,center,38.874,6.874,4.000,16553.990,21371.880,67027.102,-0.878348,0.254693,-0.404520
131,597,8416,38240,4,center,38.819,6.819,4.000,16576.435,21429.021,67018.436,-0.840774,0.336579,-0.424044
131,598,8416,38304,4,center,31.741,-0.259,4.000,16604.446,21483.794,67012.143,-0.824203,0.361779,-0.435667
131,599,8416,38368,4,block_,35.312,3.312,4.000,16633.774,21537.777,67006.649,-0.787230,0.395698,-0.472960
132,396,8480,25376,6,block_,28.955,-3.045,4.000,17704.188,18740.416,67702.096,-0.377933,-0.868410,0.320984
132,397,8480,25440,6,center,32.585,0.585,4.000,17649.842,18764.739,67692.468,-0.462889,-0.834015,0.300253
132,398,8480,25504,6,center,32.802,0.802,4.000,17598.759,18794.200,67681.103,-0.545523,-0.790190,0.279292
132,399,8480,25568,6,center,34.143,2.143,4.000,17549.379,18826.533,67669.087,-0.606467,-0.732615,0.308988
132,400,8480,25632,6,center,46.540,14.540,4.000,17503.046,18863.535,67656.519,-0.630199,-0.680929,0.373074
132,401,8480,25696,6,center,46.679,14.679,4.000,17457.032,18900.336,67642.561,-0.720310,-0.620354,0.310345
132,402,8480,25760,6,center,46.228,14.228,4.000,17416.315,18941.957,67627.128,-0.699972,-0.666013,0.257810
132,403,8480,25824,6,center,29.279,-2.721,4.000,17375.074,18983.505,67611.231,-0.767657,-0.629560,0.119824
132,404,8480,25888,6,center,29.279,-2.721,3.984,17336.535,19027.823,67594.091,-0.756137,-0.650628,0.070292
132,405,8480,25952,6,center,29.279,-2.721,2.031,17296.472,19070.828,67576.491,-0.740955,-0.670413,0.039155
132,406,8480,26016,6,center,29.279,-2.721,4.000,17260.274,19116.820,67558.532,-0.769965,-0.610562,-0.185387
132,407,8480,26080,6,block_,29.279,-2.721,3.576,17225.089,19164.174,67540.821,-0.715830,-0.656898,-0.236797
132,579,8480,37088,4,block_,30.795,-1.205,3.710,16675.718,20395.041,67285.602,-0.955135,-0.167707,0.244112
132,580,8480,37152,4,center,31.732,-0.268,4.000,16659.577,20449.793,67264.415,-0.938241,-0.198083,0.283669
132,581,8480,37216,4,center,30.556,-1.444,4.000,16642.085,20504.438,67244.172,-0.946331,-0.171648,0.273851
132,582,8480,37280,4,center,30.573,-1.427,4.000,16627.704,20559.882,67223.382,-0.965336,-0.149402,0.214022
132,583,8480,37344,4,center,30.683,-1.317,4.000,16615.106,20615.824,67202.739,-0.968477,-0.133871,0.210075
132,584,8480,37408,4,center,33.767,1.767,4.000,16603.677,20671.985,67182.661,-0.973104,-0.105789,0.204639
132,585,8480,37472,4,center,28.050,-3.950,4.000,16594.745,20728.050,67162.755,-0.982978,-0.089397,0.160505
132,586,8480,37536,4,center,27.169,-4.831,3.984,16586.101,20783.723,67142.835,-0.986890,-0.128706,0.097381
132,587,8480,37600,4,center,25.213,-6.787,2.031,16576.932,20839.057,67123.164,-0.988853,-0.146650,0.025771
132,588,8480,37664,4,center,28.129,-3.871,4.000,16567.820,20894.415,67103.494,-0.987602,-0.145987,-0.057709
132,589,8480,37728,4,center,31.711,-0.289,4.000,16560.716,20950.556,67084.003,-0.975192,-0.187163,-0.118200
132,590,8480,37792,4,center,31.909,-0.091,4.000,16550.417,21006.505,67064.053,-0.969770,-0.223416,-0.098139
132,591,8480,37856,4,center,36.437,4.437,4.000,16541.370,21063.107,67044.562,-0.975268,-0.178285,-0.130644
132,592,8480,37920,4,center,38.763,6.763,4.000,16533.308,21120.444,67025.073,-0.969977,-0.185104,-0.157735
132,593,8480,37984,4,center,40.524,8.524,4.000,16532.480,21179.055,67007.613,-0.960076,-0.008893,-0.279597
132,594,8480,38048,4,center,40.536,8.536,4.000,16541.353,21238.231,66993.106,-0.917118,0.114595,-0.381788
132,595,8480,38112,4,center,39.460,7.460,4.000,16556.046,21297.181,66981.201,-0.910804,0.171433,-0.375563
132,596,8480,38176,4,center,31.741,-0.259,4.000,16573.725,21355.686,66970.567,-0.903909,0.241853,-0.352784
132,597,8480,38240,4,center,31.741,-0.259,4.000,16595.390,21413.046,66961.733,-0.904289,0.339492,-0.258856
132,598,8480,38304,4,block_,32.782,0.782,4.000,16619.273,21469.775,66954.322,-0.917514,0.378235,-0.122908
133,397,8544,25440,6,block_,30.530,-1.470,4.000,17646.658,18737.625,67638.748,-0.392862,-0.746873,0.536508
133,398,8544,25504,6,center,29.279,-2.721,4.000,17591.927,18763.821,67630.237,-0.461150,-0.704666,0.539246
133,399,8544,25568,6,center,29.382,-2.618,4.000,17539.376,18794.149,67620.279,-0.510411,-0.662757,0.547936
133,400,8544,25632,6,center,42.485,10.485,4.000,17489.776,18829.137,67607.786,-0.648103,-0.515279,0.560759
133,401,8544,25696,6,center,46.336,14.336,4.000,17446.707,18870.187,67591.409,-0.704155,-0.511247,0.492740
133,402,8544,25760,6,center,33.669,1.669,4.000,17405.814,18912.689,67575.062,-0.742742,-0.497253,0.448413
133,403,8544,25824,6,center,29.279,-2.721,4.000,17370.872,18959.158,67556.444,-0.823510,-0.410232,0.391842
133,404,8544,25888,6,center,29.279,-2.721,4.000,17338.329,19007.064,67537.243,-0.853804,-0.476890,0.208793
133,405,8544,25952,6,block_,29.279,-2.721,3.449,17307.638,19056.065,67517.990,-0.861349,-0.501882,-0.078699
133,580,8544,37152,4,block_,31.522,-0.478,4.000,16646.150,20425.098,67210.120,-0.928922,-0.207168,0.306896
133,581,8544,37216,4,center,31.757,-0.243,4.000,16629.160,20480.225,67189.342,-0.957632,-0.077345,0.277416
133,582,8544,37280,4,center,33.765,1.765,4.000,16616.386,20536.601,67167.743,-0.947128,-0.170800,0.271617
133,583,8544,37344,4,center,33.741,1.741,4.000,16602.185,20593.093,67147.423,-0.964974,-0.131291,0.227131
133,584,8544,37408,4,center,30.638,-1.362,4.000,16592.032,20650.399,67127.331,-0.994459,-0.078732,0.069663
133,585,8544,37472,4,center,28.086,-3.914,4.000,16587.234,20707.480,67107.161,-0.998275,-0.057316,-0.012698
133,586,8544,37536,4,center,28.067,-3.933,4.000,16583.004,20763.730,67087.383,-0.994216,-0.102381,-0.032460
133,587,8544,37600,4,center,27.184,-4.816,3.984,16579.346,20819.432,67067.307,-0.992939,-0.110936,-0.042026
133,588,8544,37664,4,center,28.111,-3.889,3.984,16572.805,20875.189,67047.090,-0.993560,-0.109880,-0.027642
133,589,8544,37728,4,center,31.711,-0.289,4.000,16567.116,20931.530,67027.232,-0.992391,-0.121731,-0.018485
133,590,8544,37792,4,center,31.885,-0.115,4.000,16559.404,20988.054,67007.055,-0.983601,-0.170367,-0.059197
133,591,8544,37856,4,center,32.726,0.726,4.000,16551.612,21044.979,66987.236,-0.979707,-0.138483,-0.144900
133,592,8544,37920,4,center,36.979,4.979,4.000,16546.997,21102.919,66967.910,-0.965500,-0.134302,-0.223098
133,593,8544,37984,4,center,36.999,4.999,4.000,16550.126,21162.051,66950.805,-0.948677,0.066761,-0.309119
133,594,8544,38048,4,center,39.460,7.460,4.000,16560.044,21221.811,66936.343,-0.952377,0.084405,-0.293008
133,595,8544,38112,4,center,31.741,-0.259,4.000,16571.486,21281.737,66922.976,-0.956423,0.160915,-0.243642
133,596,8544,38176,4,block_,31.831,-0.169,4.000,16585.914,21341.446,66911.232,-0.957162,0.220970,-0.187117
133,597,8544,38240,4,block_,31.741,-0.259,4.000,16602.594,21401.305,66900.893,-0.951274,0.250831,-0.179335
134,401,8608,25696,6,block_,35.224,3.224,4.000,17438.673,18841.552,67538.082,-0.766278,-0.570879,0.294814
134,402,8608,25760,6,block_,31.756,-0.244,4.000,17399.747,18885.976,67520.351,-0.773512,-0.554788,0.306413
134,582,8608,37280,4,block_,33.765,1.765,4.000,16616.712,20515.384,67111.321,-0.962170,-0.184711,-0.200277
134,583,8608,37344,4,center,33.750,1.750,4.000,16611.075,20574.016,67091.800,-0.914585,-0.196635,-0.353368
134,584,8608,37408,4,center,33.804,1.804,4.000,16606.743,20632.389,67072.559,-0.888558,-0.172690,-0.425020
134,585,8608,37472,4,center,31.729,-0.271,4.000,16605.232,20690.389,67054.084,-0.889900,-0.164741,-0.425368
134,586,8608,37536,4,center,30.154,-1.846,3.984,16602.916,20747.296,67035.591,-0.868319,-0.257445,-0.423963
134,587,8608,37600,4,center,27.166,-4.834,2.000,16592.900,20801.721,67013.750,-0.878996,-0.328750,-0.345384
134,588,8608,37664,4,center,25.914,-6.086,2.016,16583.047,20856.539,66992.177,-0.925958,-0.172041,-0.336159
134,589,8608,37728,4,center,31.681,-0.319,3.984,16575.534,20912.319,66971.173,-0.932972,-0.298792,-0.200715
134,590,8608,37792,4,center,32.517,0.517,4.000,16567.620,20968.761,66950.197,-0.967433,-0.133221,-0.215233
134,591,8608,37856,4,center,32.678,0.678,4.000,16563.312,21026.579,66930.331,-0.964194,-0.150811,-0.218140
134,592,8608,37920,4,center,31.741,-0.259,4.000,16558.570,21084.586,66909.578,-0.992569,0.002480,-0.121655
134,593,8608,37984,4,center,31.741,-0.259,4.000,16566.128,21144.821,66892.832,-0.981990,0.092998,-0.164458
134,594,8608,38048,4,center,31.741,-0.259,4.000,16573.629,21205.647,66877.231,-0.981893,0.074404,-0.174215
134,595,8608,38112,4,block_,32.581,0.581,4.000,16583.924,21266.580,66863.280,-0.971165,0.153302,-0.182583
135,583,8672,37344,4,block_,32.560,0.560,4.000,16637.979,20559.024,67038.362,-0.898112,-0.069369,-0.434261
135,584,8672,37408,4,center,31.741,-0.259,4.000,16638.648,20618.282,67022.378,-0.872179,-0.155039,-0.463969
135,585,8672,37472,4,center,31.729,-0.271,4.000,16634.797,20675.757,67003.847,-0.858512,-0.217379,-0.464439
135,586,8672,37536,4,center,30.147,-1.853,3.984,16630.743,20732.453,66985.038,-0.869289,-0.237388,-0.433572
135,587,8672,37600,4,center,27.087,-4.913,2.000,16623.015,20787.663,66964.520,-0.838729,-0.302524,-0.452784
135,588,8672,37664,4,center,25.869,-6.131,2.000,16612.904,20842.056,66942.487,-0.807632,-0.350285,-0.474373
135,589,8672,37728,4,center,27.144,-4.856,2.031,16602.009,20896.661,66919.768,-0.817732,-0.330919,-0.470964
135,590,8672,37792,4,center,31.741,-0.259,4.000,16594.194,20953.108,66898.159,-0.811627,-0.298468,-0.502173
135,591,8672,37856,4,center,31.741,-0.259,4.000,16586.691,21009.952,66876.130,-0.851342,-0.271636,-0.448811
135,592,8672,37920,4,block_,31.755,-0.245,4.000,16578.474,21067.786,66853.930,-0.839482,-0.269176,-0.472031
135,593,8672,37984,4,block_,31.741,-0.259,4.000,16576.156,21128.231,66833.395,-0.918724,-0.096202,-0.383003
136,584,8736,37408,4,block_,31.741,-0.259,4.000,16669.385,20604.711,66971.730,-0.813431,-0.156312,-0.560265
136,585,8736,37472,4,center,31.722,-0.278,4.000,16667.815,20662.781,66955.554,-0.797845,-0.188339,-0.572688
136,586,8736,37536,4,center,29.257,-2.743,3.984,16664.213,20719.660,66937.868,-0.779671,-0.247310,-0.575284
136,587,8736,37600,4,center,25.625,-6.375,2.016,16657.210,20775.045,66917.826,-0.765435,-0.333662,-0.550253
136,588,8736,37664,4,center,24.670,-7.330,2.031,16649.235,20830.070,66896.683,-0.759447,-0.324822,-0.563676
136,589,8736,37728,4,center,27.136,-4.864,4.000,16639.060,20884.390,66873.740,-0.738974,-0.385791,-0.552343
136,590,8736,37792,4,center,31.741,-0.259,4.000,16630.738,20939.855,66851.250,-0.775670,-0.336627,-0.533871
137,585,8800,37472,4,center,31.704,-0.296,4.000,16706.862,20652.094,66911.452,-0.708460,-0.176249,-0.683389
137,586,8800,37536,4,center,27.575,-4.425,4.016,16702.642,20708.790,66894.015,-0.682653,-0.292158,-0.669797
137,587,8800,37600,4,center,26.048,-5.952,4.000,16696.673,20764.566,66875.082,-0.654639,-0.355192,-0.667297
137,588,8800,37664,4,center,25.632,-6.368,4.000,16688.155,20818.956,66853.186,-0.660978,-0.362756,-0.656899
137,589,8800,37728,4,center,26.090,-5.910,4.000,16679.154,20873.313,66830.826,-0.659456,-0.395518,-0.639283
137,590,8800,37792,4,center,31.741,-0.259,4.000,16669.517,20927.230,66806.954,-0.692422,-0.399967,-0.600482
138,585,8864,37472,4,block_,30.430,-1.570,4.641,16753.033,20644.215,66874.405,-0.558654,-0.224098,-0.798552
138,586,8864,37536,4,center,29.270,-2.730,5.984,16749.849,20701.898,66858.842,-0.563843,-0.274694,-0.778861
138,587,8864,37600,4,center,25.632,-6.368,4.016,16744.844,20758.579,66841.387,-0.541724,-0.319561,-0.777442
138,588,8864,37664,4,center,25.572,-6.428,4.000,16737.303,20813.954,66821.309,-0.510015,-0.399367,-0.761834
138,589,8864,37728,4,center,24.867,-7.133,4.000,16727.050,20867.116,66797.143,-0.536175,-0.482943,-0.692302
138,590,8864,37792,4,block_,29.289,-2.711,4.000,16714.631,20918.048,66769.367,-0.578384,-0.459455,-0.674071
139,585,8928,37472,4,block_,30.271,-1.729,4.781,16804.256,20638.798,66843.577,-0.524508,-0.250068,-0.813854
139,586,8928,37536,4,center,29.269,-2.731,6.000,16799.892,20696.340,66826.680,-0.547069,-0.289120,-0.785573
139,587,8928,37600,4,center,26.034,-5.966,5.984,16794.009,20753.102,66808.146,-0.563557,-0.336020,-0.754648
139,588,8928,37664,4,center,25.539,-6.461,4.000,16785.768,20808.287,66787.455,-0.572033,-0.426493,-0.700630
139,589,8928,37728,4,center,22.223,-9.777,4.000,16774.200,20860.396,66762.426,-0.559820,-0.475140,-0.678855
139,590,8928,37792,4,block_,25.093,-6.907,4.000,16762.744,20911.348,66736.536,-0.538309,-0.455761,-0.708876
140,585,8992,37472,4,block_,28.315,-3.685,4.750,16853.349,20632.594,66809.665,-0.619203,-0.305110,-0.723530
140,586,8992,37536,4,center,25.010,-6.990,6.000,16847.246,20689.382,66790.513,-0.668167,-0.288223,-0.685916
140,587,8992,37600,4,center,23.918,-8.082,5.984,16840.950,20746.438,66771.506,-0.675641,-0.324865,-0.661794
140,588,8992,37664,4,center,23.901,-8.099,4.016,16831.558,20801.635,66750.424,-0.661464,-0.388418,-0.641558
140,589,8992,37728,4,center,22.294,-9.706,4.016,16819.177,20853.379,66726.411,-0.630316,-0.489037,-0.602946
140,590,8992,37792,4,block_,28.520,-3.480,4.015,16810.482,20905.218,66706.231,-0.533756,-0.246947,-0.808778
141,585,9056,37472,4,block_,25.027,-6.973,4.750,16895.857,20623.527,66769.452,-0.832437,-0.261589,-0.488486
141,586,9056,37536,4,center,25.034,-6.966,6.000,16891.717,20680.554,66749.381,-0.777520,-0.261315,-0.571994
141,587,9056,37600,4,center,25.046,-6.954,6.000,16883.251,20737.710,66728.824,-0.772972,-0.349723,-0.529347
141,588,9056,37664,4,center,24.537,-7.463,6.000,16871.328,20792.704,66707.708,-0.771157,-0.408507,-0.488302
141,589,9056,37728,4,center,24.596,-7.404,5.984,16860.310,20846.061,66687.870,-0.721380,-0.336548,-0.605266
141,590,9056,37792,4,block_,30.172,-1.828,4.422,16853.226,20899.021,66671.883,-0.787378,-0.174805,-0.591167
142,583,9120,37344,4,block_,30.608,-1.392,4.000,16907.374,20492.873,66756.086,-0.936345,0.057464,0.346347
142,584,9120,37408,4,block_,27.525,-4.475,4.000,16905.692,20549.600,66735.987,-0.965921,0.118595,0.230070
142,585,9120,37472,4,block_,24.452,-7.548,4.859,16908.435,20605.966,66715.922,-0.991072,0.121250,0.055454
142,586,9120,37536,4,center,26.993,-5.007,6.000,16913.742,20664.130,66695.692,-0.999562,-0.002470,0.029482
142,587,9120,37600,4,center,29.117,-2.883,6.000,16908.303,20723.240,66675.767,-0.990041,-0.140709,-0.004384
142,588,9120,37664,4,center,31.407,-0.593,6.000,16897.880,20780.430,66657.490,-0.969445,-0.242572,-0.036546
142,589,9120,37728,4,center,31.741,-0.259,5.969,16883.362,20835.090,66640.996,-0.973119,-0.221974,0.061370
142,590,9120,37792,4,block_,31.741,-0.259,4.422,16872.158,20887.395,66624.159,-0.977847,-0.209240,0.005843
143,582,9184,37280,4,block_,31.741,-0.259,4.000,16892.284,20417.142,66718.842,-0.948743,0.077872,0.306305
143,583,9184,37344,4,center,31.667,-0.333,4.000,16889.352,20474.386,66700.929,-0.958017,0.024132,0.285695
143,584,9184,37408,4,center,22.236,-9.764,4.000,16885.234,20531.709,66682.955,-0.936271,0.091781,0.339075
143,585,9184,37472,4,center,20.503,-11.497,4.016,16888.941,20588.179,66662.298,-0.886328,0.214556,0.410351
143,586,9184,37536,4,center,29.038,-2.962,5.984,16888.768,20646.051,66642.873,-0.889890,0.108240,0.443148
143,587,9184,37600,4,center,31.388,-0.612,5.984,16886.768,20704.205,66622.994,-0.907998,0.086837,0.409876
143,588,9184,37664,4,center,31.741,-0.259,5.984,16880.130,20761.540,66605.163,-0.905763,-0.015725,0.423493
143,589,9184,37728,4,center,31.741,-0.259,4.000,16870.371,20817.131,66589.211,-0.902863,-0.042217,0.427851
143,590,9184,37792,4,block_,31.741,-0.259,4.000,16861.592,20870.790,66573.782,-0.909772,-0.028223,0.414147
144,582,9248,37280,4,center,31.741,-0.259,4.000,16867.157,20399.626,66668.016,-0.776675,0.107907,0.620590
144,583,9248,37344,4,center,31.610,-0.390,4.000,16861.848,20457.437,66651.802,-0.781000,0.168126,0.601476
144,584,9248,37408,4,center,14.958,-17.042,4.000,16859.616,20514.222,66632.480,-0.831450,0.160586,0.531886
144,585,9248,37472,4,center,12.816,-19.184,4.000,16860.374,20570.723,66611.761,-0.871134,0.176782,0.458120
144,586,9248,37536,4,center,21.294,-10.706,4.000,16860.550,20628.106,66591.518,-0.862264,0.188206,0.470191
144,587,9248,37600,4,center,29.247,-2.753,4.016,16860.106,20685.793,66571.056,-0.868896,0.119365,0.480387
144,588,9248,37664,4,center,31.741,-0.259,5.969,16853.138,20743.611,66555.238,-0.846219,-0.001120,0.532835
144,589,9248,37728,4,center,31.741,-0.259,4.000,16844.418,20799.805,66540.548,-0.884207,-0.041801,0.465222
144,590,9248,37792,4,center,31.741,-0.259,4.000,16835.367,20854.742,66527.348,-0.880664,-0.013635,0.473545
145,582,9312,37280,4,center,31.741,-0.259,4.000,16822.272,20385.161,66630.920,-0.667404,0.266673,0.695311
145,583,9312,37344,4,center,31.594,-0.406,4.000,16824.725,20440.860,66607.022,-0.749742,0.261746,0.607763
145,584,9312,37408,4,center,12.897,-19.103,4.000,16823.001,20498.228,66588.082,-0.702709,0.217554,0.677400
145,585,9312,37472,4,center,11.740,-20.260,4.000,16822.008,20555.501,66569.243,-0.601102,0.270998,0.751822
145,586,9312,37536,4,center,15.178,-16.822,4.000,16822.587,20612.354,66547.573,-0.609464,0.304356,0.732067
145,587,9312,37600,4,center,23.406,-8.594,4.000,16821.475,20670.189,66528.273,-0.552633,0.173958,0.815068
145,588,9312,37664,4,center,31.682,-0.318,4.000,16816.950,20728.151,66511.837,-0.647257,0.193015,0.737430
145,589,9312,37728,4,center,31.741,-0.259,4.000,16814.285,20784.607,66494.057,-0.710878,0.180183,0.679843
145,590,9312,37792,4,center,31.741,-0.259,4.000,16809.028,20840.400,66479.179,-0.776485,-0.071842,0.626027
146,582,9376,37280,4,block_,31.741,-0.259,4.000,16776.280,20370.970,66594.303,-0.597944,0.351787,0.720214
146,583,9376,37344,4,center,31.741,-0.259,4.000,16776.996,20427.830,66572.412,-0.555330,0.253095,0.792182
146,584,9376,37408,4,center,31.604,-0.396,4.000,16775.058,20485.726,66553.947,-0.585888,0.222730,0.779183
146,585,9376,37472,4,center,14.163,-17.837,4.000,16772.634,20543.560,66536.375,-0.565105,0.207642,0.798461
146,586,9376,37536,4,center,21.378,-10.622,4.000,16770.767,20601.302,66518.051,-0.478029,0.248895,0.842342
146,587,9376,37600,4,center,23.412,-8.588,4.000,16768.622,20659.409,66500.220,-0.472615,0.243877,0.846853
146,588,9376,37664,4,center,24.210,-7.790,4.000,16767.742,20716.605,66480.776,-0.483230,0.316243,0.816381
146,589,9376,37728,4,center,31.735,-0.265,4.000,16768.323,20772.412,66459.736,-0.525528,0.288665,0.800308
146,590,9376,37792,4,center,31.741,-0.259,4.000,16766.397,20828.276,66442.885,-0.555624,0.192146,0.808927
147,583,9440,37344,4,center,31.741,-0.259,4.000,16731.187,20414.317,66535.034,-0.693442,0.243768,0.678024
147,584,9440,37408,4,center,31.741,-0.259,4.000,16728.868,20472.577,66517.182,-0.665747,0.123057,0.735961
147,585,9440,37472,4,center,31.741,-0.259,4.000,16725.504,20530.944,66500.926,-0.679602,0.201535,0.705354
147,586,9440,37536,4,center,31.741,-0.259,4.000,16720.762,20589.549,66486.174,-0.668080,0.143546,0.730112
147,587,9440,37600,4,center,31.735,-0.265,4.000,16717.601,20648.347,66469.505,-0.678877,0.204429,0.705220
147,588,9440,37664,4,center,30.904,-1.096,4.016,16718.787,20705.394,66448.390,-0.667435,0.287338,0.686999
147,589,9440,37728,4,center,30.910,-1.090,4.000,16720.313,20761.528,66427.727,-0.713936,0.208934,0.668312
147,590,9440,37792,4,center,31.741,-0.259,4.000,16720.353,20817.994,66409.616,-0.742517,0.201171,0.638905
148,583,9504,37344,4,block_,31.741,-0.259,4.000,16682.715,20401.614,66499.399,-0.575778,0.208117,0.790675
148,584,9504,37408,4,center,31.741,-0.259,4.000,16682.993,20459.591,66479.518,-0.638525,0.273063,0.719529
148,585,9504,37472,4,center,31.741,-0.259,4.000,16681.296,20517.565,66461.801,-0.680263,0.169260,0.713157
148,586,9504,37536,4,center,31.741,-0.259,4.000,16679.716,20575.493,66444.006,-0.734778,0.173901,0.655637
148,587,9504,37600,4,center,31.741,-0.259,4.016,16677.410,20633.665,66426.322,-0.723451,0.192876,0.662885
148,588,9504,37664,4,center,31.741,-0.259,5.969,16676.068,20691.775,66407.680,-0.736116,0.227878,0.637342
148,589,9504,37728,4,center,31.741,-0.259,4.000,16680.539,20747.882,66385.100,-0.751035,0.313064,0.581324
148,590,9504,37792,4,block_,31.705,-0.295,4.000,16684.382,20804.674,66364.109,-0.767495,0.233091,0.597176
149,585,9568,37472,4,block_,31.741,-0.259,4.000,16644.358,20502.584,66416.753,-0.876440,0.157864,0.454898
149,586,9568,37536,4,block_,31.741,-0.259,4.000,16644.749,20560.092,66397.609,-0.898209,0.097782,0.428555
149,587,9568,37600,4,block_,31.741,-0.259,4.021,16641.344,20618.146,66380.371,-0.884231,0.091130,0.458072
149,588,9568,37664,4,block_,31.741,-0.259,4.531,16640.634,20676.002,66361.158,-0.862043,0.181921,0.473061
149,589,9568,37728,4,block_,31.741,-0.259,4.212,16641.868,20733.466,66340.465,-0.780899,0.217746,0.585476
157,307,10080,19680,9,block_,28.334,-3.666,4.000,17270.002,21152.441,65436.603,-0.083655,0.740583,-0.666738
157,308,10080,19744,9,block_,22.654,-9.346,4.000,17328.457,21159.943,65438.413,-0.104744,0.782604,-0.613644
157,309,10080,19808,9,block_,19.154,-12.846,4.000,17386.614,21167.746,65440.308,-0.055885,0.805570,-0.589859
157,310,10080,19872,9,block_,17.720,-14.280,4.000,17443.772,21177.746,65441.230,-0.219871,0.770635,-0.598146
157,324,10080,20768,9,block_,31.599,-0.401,4.000,18270.936,21122.994,65477.275,0.410137,0.696043,-0.589331
157,325,10080,20832,9,center,33.194,1.194,4.000,18327.885,21096.139,65486.291,0.414843,0.660239,-0.626091
157,326,10080,20896,9,center,34.039,2.039,4.000,18384.397,21067.991,65495.778,0.457034,0.668978,-0.586164
157,327,10080,20960,9,center,34.088,2.088,4.000,18439.364,21037.386,65506.458,0.492733,0.703792,-0.511754
157,328,10080,21024,9,block_,39.327,7.327,4.000,18493.211,21005.145,65518.308,0.568493,0.684844,-0.455856
157,329,10080,21088,9,block_,43.051,11.051,4.000,18544.109,20969.164,65532.145,0.649731,0.652143,-0.390588
157,341,10080,21856,9,block_,37.666,5.666,4.000,19046.346,20441.838,65720.809,0.776223,0.582962,-0.240071
157,342,10080,21920,9,block_,37.551,5.551,4.000,19086.343,20395.273,65736.562,0.789448,0.601168,-0.123975
157,343,10080,21984,9,block_,37.180,5.180,4.000,19120.270,20344.870,65753.237,0.868589,0.494779,-0.027332
157,406,10080,26016,8,block_,32.349,0.349,4.000,17209.485,18654.331,66165.090,-0.574178,-0.816746,0.056976
157,407,10080,26080,8,center,32.706,0.706,4.000,17160.821,18690.240,66153.763,-0.605662,-0.792214,-0.074635
157,408,10080,26144,8,center,30.804,-1.196,4.000,17114.288,18729.272,66141.967,-0.647621,-0.758737,-0.070043
157,409,10080,26208,8,block_,27.660,-4.340,4.000,17070.621,18771.616,66130.139,-0.686345,-0.708840,-0.162713
157,410,10080,26272,8,block_,26.811,-5.189,4.000,17028.649,18815.836,66118.345,-0.706415,-0.689530,-0.159773
157,411,10080,26336,8,block_,29.797,-2.203,4.000,16987.529,18860.503,66106.366,-0.709237,-0.691006,-0.139616
157,412,10080,26400,8,block_,31.784,-0.216,4.000,16947.689,18905.833,66093.929,-0.735315,-0.662723,-0.141812
157,429,10080,27488,8,block_,32.342,0.342,4.000,16410.348,19762.467,65845.868,-0.899331,-0.419269,-0.124168
157,430,10080,27552,8,block_,31.824,-0.176,4.000,16387.510,19817.440,65830.283,-0.913038,-0.394266,-0.104477
157,431,10080,27616,8,block_,30.712,-1.288,4.000,16367.444,19873.420,65815.012,-0.934823,-0.349825,-0.061057
157,432,10080,27680,8,block_,31.297,-0.703,4.000,16346.246,19928.898,65799.484,-0.923880,-0.382532,-0.010708
158,305,10144,19552,9,block_,34.045,2.045,4.000,17159.549,21100.694,65385.654,0.066700,0.645354,-0.760966
158,306,10144,19616,9,center,33.972,1.972,4.000,17218.238,21102.112,65394.724,0.109312,0.589327,-0.800465
158,307,10144,19680,9,center,24.728,-7.272,4.000,17277.311,21105.453,65401.983,-0.006151,0.542126,-0.840274
158,308,10144,19744,9,center,20.096,-11.904,4.000,17335.956,21116.076,65400.517,-0.173526,0.555398,-0.813278
158,309,10144,19808,9,center,16.639,-15.361,3.984,17394.075,21128.120,65398.088,-0.144392,0.628837,-0.764012
158,310,10144,19872,9,center,13.120,-18.880,3.984,17451.492,21140.493,65397.304,-0.197585,0.658822,-0.725888
158,311,10144,19936,9,center,16.758,-15.242,4.000,17506.607,21159.583,65390.743,-0.331294,0.642476,-0.690991
158,312,10144,20000,9,block_,25.710,-6.290,4.000,17563.504,21174.459,65388.657,-0.215029,0.681645,-0.699372
158,322,10144,20640,9,block_,34.045,2.045,4.000,18151.970,21143.669,65405.132,0.390705,0.743520,-0.542703
158,323,10144,20704,9,center,33.988,1.988,4.000,18208.223,21117.585,65414.297,0.465715,0.755910,-0.460118
158,324,10144,20768,9,center,26.781,-5.219,4.000,18262.232,21087.127,65425.974,0.522182,0.724724,-0.449557
158,325,10144,20832,9,center,27.514,-4.486,4.000,18317.940,21058.933,65435.878,0.431755,0.727372,-0.533402
158,326,10144,20896,9,center,33.251,1.251,4.000,18373.921,21030.801,65445.257,0.454281,0.701324,-0.549339
158,327,10144,20960,9,center,35.686,3.686,4.000,18429.749,21002.123,65454.490,0.451775,0.698931,-0.554432
158,328,10144,21024,9,center,44.177,12.177,4.000,18484.997,20972.253,65464.415,0.499236,0.717645,-0.485540
158,329,10144,21088,9,center,45.024,13.024,4.000,18538.162,20939.494,65476.092,0.580935,0.690495,-0.430965
158,330,10144,21152,9,block_,37.594,5.594,4.000,18588.312,20902.923,65489.890,0.663985,0.667341,-0.337313
158,341,10144,21856,9,center,39.279,7.279,4.000,19047.901,20421.855,65661.351,0.856255,0.514359,0.047563
158,342,10144,21920,9,center,45.661,13.661,4.000,19084.061,20372.695,65678.294,0.790405,0.575438,-0.210074
158,343,10144,21984,9,center,42.243,10.243,4.000,19123.419,20326.493,65693.638,0.811991,0.518966,-0.267105
158,344,10144,22048,9,block_,37.939,5.939,4.000,19153.549,20274.546,65710.591,0.905683,0.420187,-0.056393
158,406,10144,26016,8,center,32.721,0.721,4.000,17215.871,18644.417,66104.929,-0.673149,-0.717500,0.179062
158,407,10144,26080,8,center,29.426,-2.574,4.000,17170.344,18683.811,66093.457,-0.670532,-0.741158,0.032718
158,408,10144,26144,8,center,27.564,-4.436,3.984,17126.718,18725.356,66081.699,-0.724994,-0.685704,-0.064763
158,409,10144,26208,8,center,26.190,-5.810,4.000,17086.398,18770.741,66070.275,-0.707462,-0.705723,-0.038121
158,410,10144,26272,8,center,26.192,-5.808,4.000,17043.050,18813.445,66058.256,-0.697489,-0.716155,-0.025130
158,411,10144,26336,8,center,26.575,-5.425,4.000,16999.204,18855.010,66046.424,-0.681866,-0.728050,0.070721
158,412,10144,26400,8,center,32.155,0.155,3.984,16957.643,18898.031,66034.277,-0.759128,-0.636519,0.136262
158,413,10144,26464,8,block_,32.511,0.511,3.961,16916.002,18941.109,66022.117,-0.735270,-0.656897,0.166926
158,429,10144,27488,8,center,32.724,0.724,4.000,16421.868,19750.509,65786.614,-0.912237,-0.407492,-0.042122
158,430,10144,27552,8,center,29.869,-2.131,4.000,16397.982,19805.027,65770.976,-0.927400,-0.374021,-0.006164
158,431,10144,27616,8,center,29.877,-2.123,4.000,16374.337,19859.642,65755.525,-0.910934,-0.408864,0.055045
158,432,10144,27680,8,center,30.905,-1.095,4.000,16349.794,19913.559,65740.385,-0.900463,-0.419031,0.116531
158,433,10144,27744,8,block_,32.113,0.113,4.000,16323.588,19966.070,65725.281,-0.922568,-0.377346,0.080489
159,304,10208,19488,9,block_,34.045,2.045,4.000,17110.254,21053.698,65336.458,0.035007,0.742241,-0.669218
159,305,10208,19552,9,center,34.044,2.044,4.000,17168.306,21059.416,65345.068,0.041145,0.729864,-0.682353
159,306,10208,19616,9,center,33.900,1.900,4.000,17225.588,21059.562,65355.879,0.142886,0.796145,-0.587994
159,307,10208,19680,9,center,24.751,-7.249,4.000,17284.376,21059.873,65363.909,-0.031112,0.721795,-0.691408
159,308,10208,19744,9,center,23.569,-8.431,3.984,17343.804,21069.922,65363.321,-0.167288,0.679077,-0.714751
159,309,10208,19808,9,center,14.568,-17.432,2.016,17402.837,21082.288,65360.818,-0.163810,0.628405,-0.760443
159,310,10208,19872,9,center,12.448,-19.552,2.031,17461.413,21096.523,65358.769,-0.243212,0.653851,-0.716468
159,311,10208,19936,9,center,13.338,-18.662,4.000,17517.173,21116.172,65352.191,-0.330893,0.629483,-0.703037
159,312,10208,20000,9,center,28.568,-3.432,4.000,17572.669,21133.448,65348.000,-0.249252,0.703150,-0.665923
159,313,10208,20064,9,block_,32.629,0.629,4.000,17628.361,21149.073,65344.388,-0.216811,0.718898,-0.660438
159,322,10208,20640,9,block_,34.039,2.039,4.000,18143.277,21106.847,65355.902,0.373213,0.617101,-0.692747
159,323,10208,20704,9,center,33.962,1.962,4.000,18199.218,21081.004,65364.798,0.388590,0.627321,-0.674883
159,324,10208,20768,9,center,24.682,-7.318,4.000,18255.362,21054.455,65373.701,0.400937,0.627316,-0.667625
159,325,10208,20832,9,center,24.749,-7.251,4.000,18310.641,21026.330,65382.777,0.463233,0.690636,-0.555371
159,326,10208,20896,9,center,33.219,1.219,4.016,18366.706,20999.266,65390.969,0.426262,0.761985,-0.487524
159,327,10208,20960,9,center,34.129,2.129,4.016,18422.574,20971.029,65399.836,0.465831,0.745770,-0.476265
159,328,10208,21024,9,center,42.938,10.938,4.000,18478.265,20941.960,65408.984,0.486789,0.713025,-0.504610
159,329,10208,21088,9,center,44.134,12.134,4.000,18531.167,20908.867,65420.753,0.558367,0.677149,-0.479266
159,330,10208,21152,9,center,39.562,7.562,4.000,18583.220,20874.407,65433.201,0.600412,0.667771,-0.439985
159,331,10208,21216,9,block_,36.260,4.260,4.000,18630.687,20835.098,65448.829,0.720253,0.545479,-0.428590
159,341,10208,21856,9,center,42.369,10.369,4.000,19062.247,20410.883,65601.470,0.860575,0.500596,-0.093880
159,342,10208,21920,9,center,46.145,14.145,4.000,19091.567,20356.809,65618.858,0.933171,0.307022,-0.186896
159,343,10208,21984,9,center,42.263,10.263,4.000,19118.418,20302.658,65636.019,0.783184,0.553947,-0.282428
159,344,10208,22048,9,block_,37.997,5.997,4.000,19157.410,20256.804,65651.274,0.823808,0.531503,-0.197091
159,406,10208,26016,8,center,32.715,0.715,4.000,17215.403,18626.589,66045.988,-0.723511,-0.690191,-0.012996
159,407,10208,26080,8,center,28.621,-3.379,3.984,17177.483,18674.083,66033.390,-0.754019,-0.655207,-0.046472
159,408,10208,26144,8,center,25.518,-6.482,2.016,17135.421,18717.588,66021.304,-0.697904,-0.716191,0.000234
159,409,10208,26208,8,center,25.882,-6.118,3.984,17091.209,18759.056,66009.846,-0.661279,-0.737969,0.134582
159,410,10208,26272,8,center,25.887,-6.113,4.000,17043.982,18797.519,65999.010,-0.674082,-0.693169,0.255206
159,411,10208,26336,8,center,26.503,-5.497,3.984,16999.286,18838.405,65987.617,-0.681233,-0.676620,0.279478
159,412,10208,26400,8,center,26.578,-5.422,2.031,16955.005,18879.110,65976.475,-0.675522,-0.669488,0.308960
159,413,10208,26464,8,center,32.730,0.730,4.000,16909.652,18918.671,65965.897,-0.676980,-0.606067,0.417589
159,414,10208,26528,8,block_,32.523,0.523,4.000,16867.050,18960.876,65954.150,-0.694833,-0.571639,0.436389
159,428,10208,27424,8,block_,32.747,0.747,4.000,16443.742,19678.350,65744.593,-0.878516,-0.309671,0.363749
159,429,10208,27488,8,center,32.724,0.724,4.000,16418.734,19732.405,65728.709,-0.891359,-0.309348,0.331336
159,430,10208,27552,8,center,29.891,-2.109,4.000,16394.249,19786.952,65713.032,-0.903128,-0.275091,0.329673
159,431,10208,27616,8,center,29.895,-2.105,4.000,16371.266,19841.888,65696.927,-0.874347,-0.355290,0.330585
159,432,10208,27680,8,center,31.962,-0.038,4.000,16343.241,19894.559,65683.107,-0.892336,-0.359703,0.272672
159,433,10208,27744,8,block_,32.468,0.468,4.000,16322.777,19949.087,65667.654,-0.957870,-0.228887,0.173483
160,303,10272,19424,9,block_,33.706,1.706,4.000,17066.045,20988.434,65313.068,-0.167737,0.221092,-0.960720
160,304,10272,19488,9,center,34.062,2.062,4.000,17122.196,21006.001,65310.047,-0.098956,0.301006,-0.948474
160,305,10272,19552,9,center,33.990,1.990,4.000,17176.618,21015.783,65311.426,0.027080,0.458823,-0.888115
160,306,10272,19616,9,center,24.833,-7.167,4.000,17232.603,21020.752,65314.691,-0.057812,0.643947,-0.762883
160,307,10272,19680,9,center,24.304,-7.696,4.000,17290.457,21025.579,65315.508,0.010861,0.814737,-0.579729
160,308,10272,19744,9,center,24.191,-7.809,4.000,17349.881,21032.248,65316.666,-0.161896,0.822458,-0.545301
160,309,10272,19808,9,center,24.191,-7.809,4.000,17409.448,21045.055,65314.214,-0.212286,0.843027,-0.494206
160,310,10272,19872,9,center,24.222,-7.778,4.000,17468.510,21060.731,65311.629,-0.329920,0.887489,-0.321740
160,311,10272,19936,9,center,28.565,-3.435,4.000,17524.261,21082.554,65305.816,-0.426163,0.868860,-0.251928
160,312,10272,20000,9,center,28.587,-3.413,4.000,17577.890,21104.565,65299.505,-0.310316,0.919736,-0.240396
160,313,10272,20064,9,center,32.097,0.097,4.000,17631.628,21123.310,65295.069,-0.308444,0.934597,-0.177174
160,314,10272,20128,9,center,34.045,2.045,4.000,17686.448,21138.152,65290.717,-0.266347,0.946035,-0.184601
160,315,10272,20192,9,block_,34.045,2.045,4.000,17741.637,21152.070,65286.714,-0.248935,0.953348,-0.170757
160,321,10272,20576,9,block_,34.045,2.045,4.000,18077.293,21093.706,65303.416,0.489111,0.725631,-0.483973
160,322,10272,20640,9,center,34.035,2.035,4.000,18130.628,21065.151,65312.523,0.416915,0.681711,-0.601209
160,323,10272,20704,9,center,32.790,0.790,4.000,18186.701,21039.624,65319.978,0.385104,0.676555,-0.627669
160,324,10272,20768,9,center,24.836,-7.164,4.000,18242.569,21013.217,65328.321,0.429522,0.657267,-0.619282
160,325,10272,20832,9,center,24.881,-7.119,4.016,18298.547,20986.613,65336.457,0.383662,0.666413,-0.639295
160,326,10272,20896,9,center,30.752,-1.248,5.984,18355.686,20961.666,65342.521,0.319886,0.646163,-0.692926
160,327,10272,20960,9,center,35.980,3.980,5.984,18413.196,20936.786,65347.573,0.410920,0.652604,-0.636595
160,328,10272,21024,9,center,37.666,5.666,4.000,18467.399,20906.131,65358.038,0.521735,0.586890,-0.619155
160,329,10272,21088,9,center,42.933,10.933,4.000,18519.655,20872.886,65370.163,0.496686,0.605035,-0.622283
160,330,10272,21152,9,center,39.624,7.624,4.000,18571.654,20839.186,65381.971,0.553344,0.569179,-0.608149
160,331,10272,21216,9,center,34.149,2.149,4.000,18619.497,20801.699,65396.766,0.679077,0.599093,-0.424196
160,341,10272,21856,9,center,46.340,14.340,4.000,19062.006,20391.959,65542.093,0.918480,0.392695,0.046754
160,342,10272,21920,9,center,46.488,14.488,4.000,19084.926,20335.141,65560.826,0.888883,0.453788,0.062954
160,343,10272,21984,9,center,41.804,9.804,4.000,19118.779,20283.542,65576.763,0.771558,0.635417,-0.030707
160,344,10272,22048,9,center,34.723,2.723,4.000,19157.058,20236.924,65592.508,0.814737,0.566474,-0.123733
160,345,10272,22112,9,block_,34.136,2.136,4.000,19191.514,20188.162,65608.706,0.867327,0.486765,-0.103937
160,406,10272,26016,8,center,32.715,0.715,4.000,17227.954,18620.659,65985.626,-0.766671,-0.641402,0.028627
160,407,10272,26080,8,center,28.656,-3.344,3.984,17187.541,18666.374,65972.575,-0.731162,-0.680653,0.045961
160,408,10272,26144,8,center,25.936,-6.064,2.000,17144.239,18709.805,65960.275,-0.681165,-0.732016,0.012869
160,409,10272,26208,8,center,27.124,-4.876,2.031,17097.077,18749.403,65948.897,-0.618510,-0.785631,-0.015117
160,410,10272,26272,8,center,27.124,-4.876,4.000,17048.423,18787.079,65938.696,-0.601407,-0.797976,0.039291
160,411,10272,26336,8,center,27.135,-4.865,4.000,16998.546,18822.123,65928.847,-0.612931,-0.783445,0.102612
160,412,10272,26400,8,center,30.568,-1.432,4.000,16951.885,18860.530,65918.566,-0.653554,-0.744391,0.136929
160,413,10272,26464,8,center,30.601,-1.399,4.000,16906.157,18900.055,65908.427,-0.645750,-0.752500,0.129425
160,414,10272,26528,8,center,32.747,0.747,4.000,16858.890,18938.157,65898.575,-0.650871,-0.747442,0.133030
160,415,10272,26592,8,block_,32.747,0.747,4.000,16812.510,18977.776,65888.531,-0.694877,-0.678713,0.237687
160,416,10272,26656,8,block_,32.747,0.747,4.000,16769.856,19021.572,65877.055,-0.724345,-0.556082,0.407549
160,428,10272,27424,8,block_,32.747,0.747,4.000,16422.900,19653.028,65692.242,-0.846052,-0.260458,0.465143
160,429,10272,27488,8,center,32.747,0.747,4.000,16399.032,19707.983,65675.293,-0.859011,-0.218325,0.463071
160,430,10272,27552,8,center,32.729,0.729,4.000,16375.396,19763.265,65658.853,-0.870500,-0.234560,0.432679
160,431,10272,27616,8,center,31.082,-0.918,4.000,16352.146,19818.598,65643.315,-0.854835,-0.215252,0.472149
160,432,10272,27680,8,center,32.038,0.038,4.016,16330.708,19873.950,65627.183,-0.919900,-0.206538,0.333355
160,433,10272,27744,8,center,32.816,0.816,4.000,16311.559,19929.835,65611.489,-0.915398,-0.228190,0.331626
161,302,10336,19360,9,block_,30.112,-1.888,4.000,17026.272,20907.303,65301.599,-0.243102,0.262122,-0.933913
161,303,10336,19424,9,center,30.409,-1.591,4.000,17083.474,20936.313,65292.908,-0.394426,0.516793,-0.759837
161,304,10336,19488,9,center,36.239,4.239,4.000,17131.237,20963.522,65284.770,-0.573612,0.751933,-0.324909
161,305,10336,19552,9,center,36.222,4.222,4.000,17179.428,20981.645,65274.881,-0.272950,0.886368,-0.373965
161,306,10336,19616,9,center,34.045,2.045,4.000,17234.193,20988.547,65270.893,-0.142543,0.971482,-0.189482
161,307,10336,19680,9,block_,30.901,-1.099,4.000,17290.798,21003.239,65264.477,-0.299579,0.952833,-0.048599
161,308,10336,19744,9,block_,29.337,-2.663,4.000,17348.980,21020.563,65260.032,-0.275815,0.956077,0.099208
161,309,10336,19808,9,block_,29.058,-2.942,4.000,17406.238,21040.454,65257.289,-0.306650,0.900892,0.307181
161,310,10336,19872,9,block_,30.788,-1.212,4.000,17463.493,21060.822,65253.076,-0.310866,0.868405,0.386309
161,311,10336,19936,9,center,33.629,1.629,4.000,17518.816,21083.301,65248.101,-0.384967,0.870721,0.306014
161,312,10336,20000,9,center,32.921,0.921,4.000,17572.288,21105.572,65243.645,-0.264430,0.945407,0.190479
161,313,10336,20064,9,center,34.029,2.029,4.000,17627.516,21120.223,65238.138,-0.258346,0.965033,0.044367
161,314,10336,20128,9,center,34.015,2.015,4.000,17682.808,21135.375,65233.536,-0.256797,0.966391,0.012002
161,315,10336,20192,9,center,34.029,2.029,4.000,17738.954,21148.987,65229.519,-0.210563,0.977381,0.019743
161,321,10336,20576,9,block_,34.045,2.045,4.000,18074.344,21071.029,65247.341,0.570903,0.788141,-0.230006
161,322,10336,20640,9,center,34.045,2.045,4.000,18126.498,21039.581,65257.164,0.526076,0.814211,-0.245572
161,323,10336,20704,9,center,33.973,1.973,4.000,18180.384,21009.493,65266.463,0.449917,0.840280,-0.302497
161,324,10336,20768,9,center,24.856,-7.144,4.000,18236.309,20982.988,65274.485,0.442153,0.828988,-0.342460
161,325,10336,20832,9,center,24.703,-7.297,4.000,18291.904,20956.182,65283.255,0.493419,0.808806,-0.319953
161,326,10336,20896,9,center,30.102,-1.898,4.016,18345.610,20926.203,65293.093,0.483527,0.807293,-0.338347
161,327,10336,20960,9,center,35.938,3.938,5.969,18400.675,20898.270,65300.718,0.457830,0.711579,-0.532961
161,328,10336,21024,9,center,37.472,5.472,4.000,18454.286,20868.121,65310.339,0.489283,0.672138,-0.555727
161,329,10336,21088,9,center,41.557,9.557,4.000,18505.619,20834.396,65322.183,0.553482,0.631121,-0.543456
161,330,10336,21152,9,center,47.540,15.540,3.984,18558.306,20801.629,65333.349,0.519085,0.685155,-0.510993
161,331,10336,21216,9,center,47.435,15.435,4.000,18612.500,20771.150,65342.446,0.521250,0.657302,-0.544291
161,341,10336,21856,9,center,41.754,9.754,4.000,19067.359,20374.068,65482.579,0.849667,0.449994,-0.274902
161,342,10336,21920,9,center,41.859,9.859,4.000,19098.386,20322.380,65499.888,0.879764,0.469390,-0.075425
161,343,10336,21984,9,center,37.348,5.348,4.000,19128.874,20270.604,65516.567,0.841141,0.540249,-0.024765
161,344,10336,22048,9,center,33.596,1.596,4.000,19161.944,20220.686,65532.887,0.845654,0.528227,-0.076460
161,345,10336,22112,9,block_,33.556,1.556,4.000,19192.990,20169.733,65549.596,0.875385,0.468619,-0.118729
161,406,10336,26016,8,block_,31.876,-0.124,4.000,17227.551,18603.367,65926.152,-0.817586,-0.517667,0.252140
161,407,10336,26080,8,center,32.747,0.747,3.984,17188.875,18650.620,65912.193,-0.746681,-0.610612,0.263857
161,408,10336,26144,8,center,32.747,0.747,2.031,17146.385,18695.434,65899.425,-0.724285,-0.639540,0.257683
161,409,10336,26208,8,center,32.752,0.752,4.000,17100.417,18737.000,65887.810,-0.642006,-0.732746,0.225636
161,410,10336,26272,8,center,32.749,0.749,4.000,17051.346,18774.559,65878.083,-0.595357,-0.772834,0.219720
161,411,10336,26336,8,center,30.663,-1.337,4.000,17002.253,18810.748,65868.652,-0.638345,-0.751434,0.166922
161,412,10336,26400,8,center,30.674,-1.326,4.000,16955.475,18849.108,65858.550,-0.653442,-0.745150,0.133281
161,413,10336,26464,8,center,32.747,0.747,4.000,16910.107,18889.141,65848.112,-0.679836,-0.727007,0.096348
161,414,10336,26528,8,center,32.747,0.747,4.000,16863.426,18928.097,65838.069,-0.618176,-0.757497,0.209896
161,415,10336,26592,8,center,32.747,0.747,4.000,16814.888,18965.460,65828.221,-0.647560,-0.734267,0.203759
161,416,10336,26656,8,center,32.747,0.747,4.000,16767.704,19005.180,65817.492,-0.682271,-0.712988,0.161724
161,417,10336,26720,8,center,32.747,0.747,4.000,16724.547,19049.732,65806.077,-0.760987,-0.625893,0.170755
161,418,10336,26784,8,block_,32.747,0.747,4.000,16686.523,19098.969,65792.981,-0.843485,-0.525151,0.112916
161,429,10336,27488,8,block_,32.596,0.596,4.000,16370.759,19680.978,65626.724,-0.809953,-0.145429,0.568179
161,430,10336,27552,8,center,32.149,0.149,4.016,16348.475,19737.602,65608.942,-0.826268,-0.162226,0.539412
161,431,10336,27616,8,center,32.223,0.223,4.031,16327.589,19794.235,65591.943,-0.894633,-0.149739,0.420962
161,432,10336,27680,8,center,41.617,9.617,5.969,16309.245,19851.431,65573.917,-0.866154,-0.146995,0.477671
161,433,10336,27744,8,center,41.548,9.548,4.000,16293.151,19908.973,65557.193,-0.940362,-0.168021,0.295785
162,302,10400,19360,9,block_,30.298,-1.702,4.018,17017.448,20899.204,65259.447,-0.341461,0.731002,0.590796
162,303,10400,19424,9,center,29.808,-2.192,4.016,17068.880,20935.356,65248.767,-0.373494,0.765116,0.524500
162,304,10400,19488,9,center,36.226,4.226,4.000,17118.747,20961.631,65235.401,-0.309509,0.791061,0.527662
162,305,10400,19552,9,center,36.205,4.205,4.000,17167.689,20987.520,65228.093,-0.248462,0.784474,0.568214
162,306,10400,19616,9,block_,34.851,2.851,4.000,17222.091,21003.434,65219.036,-0.131743,0.768213,0.626492
162,311,10400,19936,9,block_,33.575,1.575,4.000,17506.189,21104.970,65194.738,-0.197729,0.903435,0.380405
162,312,10400,20000,9,center,32.972,0.972,4.000,17563.305,21117.419,65187.616,-0.136750,0.959233,0.247327
162,313,10400,20064,9,center,32.059,0.059,4.000,17620.849,21124.803,65180.871,-0.127653,0.984087,0.123603
162,314,10400,20128,9,center,30.253,-1.747,4.000,17678.522,21133.751,65175.431,-0.213788,0.976776,-0.014226
162,315,10400,20192,9,center,32.087,0.087,4.000,17735.663,21147.064,65171.069,-0.221631,0.972487,-0.071761
162,316,10400,20256,9,block_,33.567,1.567,4.000,17794.381,21158.685,65167.319,-0.140616,0.980451,-0.137633
162,321,10400,20576,9,block_,34.045,2.045,4.000,18076.270,21057.205,65187.584,0.598458,0.790949,-0.127463
162,322,10400,20640,9,center,34.045,2.045,4.016,18127.446,21023.261,65197.097,0.525270,0.828818,-0.192749
162,323,10400,20704,9,center,33.994,1.994,4.000,18182.158,20994.305,65205.776,0.449851,0.876999,-0.168837
162,324,10400,20768,9,center,27.510,-4.490,4.000,18237.660,20966.532,65214.468,0.463389,0.878874,-0.113366
162,325,10400,20832,9,center,24.916,-7.084,4.000,18293.895,20940.457,65223.235,0.429514,0.893695,-0.129721
162,326,10400,20896,9,center,29.742,-2.258,4.000,18348.911,20912.702,65232.620,0.514588,0.853671,-0.080283
162,327,10400,20960,9,center,30.760,-1.240,4.000,18401.308,20880.568,65242.762,0.521749,0.852231,-0.038477
162,328,10400,21024,9,center,36.993,4.993,4.000,18454.093,20848.934,65253.047,0.534718,0.844034,-0.041028
162,329,10400,21088,9,center,41.540,9.540,3.984,18505.822,20815.273,65264.149,0.574497,0.817481,-0.040976
162,330,10400,21152,9,center,49.273,17.273,2.016,18556.585,20779.595,65275.807,0.559166,0.827833,-0.045005
162,331,10400,21216,9,center,49.120,17.120,4.000,18608.738,20746.040,65287.812,0.513136,0.854881,-0.076609
162,341,10400,21856,9,block_,41.351,9.351,4.000,19057.531,20348.415,65426.593,0.806688,0.545285,-0.227857
162,342,10400,21920,9,center,41.695,9.695,4.000,19095.613,20301.102,65441.679,0.802611,0.539299,-0.254896
162,343,10400,21984,9,center,33.636,1.636,4.000,19131.445,20252.917,65457.382,0.831806,0.528301,-0.170286
162,344,10400,22048,9,center,31.923,-0.077,4.000,19165.170,20203.403,65473.524,0.854009,0.498626,-0.148460
162,345,10400,22112,9,block_,32.349,0.349,4.000,19195.280,20151.851,65490.311,0.908051,0.401882,-0.118043
162,408,10400,26144,8,block_,32.854,0.854,3.420,17137.669,18670.732,65842.374,-0.699681,-0.546424,0.460291
162,409,10400,26208,8,center,33.467,1.467,4.000,17092.961,18713.370,65830.567,-0.637284,-0.592970,0.492195
162,410,10400,26272,8,center,35.163,3.163,4.000,17045.191,18752.477,65820.802,-0.623904,-0.646023,0.439770
162,411,10400,26336,8,center,33.476,1.476,4.000,16998.659,18791.617,65810.790,-0.653580,-0.673798,0.344716
162,412,10400,26400,8,center,32.765,0.765,4.000,16954.483,18832.633,65799.787,-0.700697,-0.655361,0.282003
162,413,10400,26464,8,center,32.747,0.747,4.000,16909.572,18872.740,65789.080,-0.637468,-0.710963,0.296927
162,414,10400,26528,8,center,32.747,0.747,4.000,16860.942,18909.134,65779.428,-0.597585,-0.770804,0.220804
162,415,10400,26592,8,center,32.747,0.747,4.000,16813.546,18947.458,65768.667,-0.672589,-0.712753,0.199016
162,416,10400,26656,8,center,32.747,0.747,4.000,16767.939,18988.809,65756.710,-0.708478,-0.678883,0.192815
162,417,10400,26720,8,center,32.821,0.821,4.000,16724.547,19033.654,65744.610,-0.765433,-0.635662,0.100230
162,418,10400,26784,8,center,32.841,0.841,4.000,16687.960,19083.519,65732.015,-0.840135,-0.539650,-0.054326
162,419,10400,26848,8,block_,36.555,4.555,4.000,16655.297,19135.721,65719.000,-0.845336,-0.520694,-0.119519
162,429,10400,27488,8,block_,32.462,0.462,4.703,16351.805,19656.097,65572.062,-0.913899,-0.239270,0.327930
162,430,10400,27552,8,center,32.130,0.130,6.000,16331.152,19713.844,65553.505,-0.945772,-0.184819,0.267129
162,431,10400,27616,8,center,32.135,0.135,5.984,16314.995,19772.363,65534.792,-0.949488,-0.231524,0.211823
162,432,10400,27680,8,center,32.747,0.747,4.000,16298.359,19830.677,65517.099,-0.980055,-0.191420,0.053398
162,433,10400,27744,8,center,32.747,0.747,4.000,16290.950,19890.360,65499.036,-0.990281,-0.138985,-0.005148
163,301,10464,19296,9,block_,38.296,6.296,4.922,16933.610,20909.266,65228.100,-0.127846,0.538797,0.832679
163,302,10464,19360,9,center,34.120,2.120,4.031,16986.616,20939.770,65221.182,-0.147659,0.456276,0.877501
163,303,10464,19424,9,center,34.097,2.097,5.984,17040.016,20970.545,65211.412,-0.087023,0.494174,0.864996
163,304,10464,19488,9,center,34.479,2.479,4.000,17092.720,20998.634,65200.148,-0.107747,0.524060,0.844838
163,305,10464,19552,9,center,34.045,2.045,4.000,17146.672,21023.890,65190.389,-0.067986,0.527782,0.846655
163,312,10464,20000,9,block_,33.277,1.277,4.000,17554.431,21130.691,65130.654,-0.047572,0.961726,0.269851
163,313,10464,20064,9,center,32.928,0.928,4.000,17613.787,21133.760,65123.060,-0.011825,0.981399,0.191616
163,314,10464,20128,9,center,30.253,-1.747,4.000,17673.084,21136.677,65117.012,-0.047259,0.992130,0.115953
163,315,10464,20192,9,center,32.072,0.072,4.000,17732.293,21141.372,65112.085,-0.088953,0.993424,-0.072085
163,316,10464,20256,9,center,34.036,2.036,4.000,17792.164,21144.639,65108.235,-0.035443,0.971274,-0.235309
163,317,10464,20320,9,block_,33.955,1.955,4.000,17853.209,21141.923,65106.370,0.129990,0.925874,-0.354768
163,321,10464,20576,9,block_,34.045,2.045,4.530,18078.734,21044.923,65127.048,0.587530,0.797563,-0.136754
163,322,10464,20640,9,center,34.045,2.045,5.969,18131.271,21012.876,65135.681,0.456407,0.888973,-0.037666
163,323,10464,20704,9,center,34.036,2.036,4.000,18187.454,20986.164,65143.937,0.427378,0.903913,-0.016984
163,324,10464,20768,9,center,32.917,0.917,4.000,18244.090,20959.877,65152.286,0.417828,0.908107,-0.027589
163,325,10464,20832,9,center,30.247,-1.753,4.000,18300.732,20933.742,65161.153,0.427992,0.903777,-0.003183
163,326,10464,20896,9,center,29.771,-2.229,4.000,18356.772,20906.799,65170.855,0.447812,0.893766,0.025441
163,327,10464,20960,9,center,30.144,-1.856,4.000,18411.856,20878.340,65181.092,0.460472,0.882263,0.097867
163,328,10464,21024,9,center,36.962,4.962,4.000,18466.572,20848.950,65192.026,0.450569,0.878775,0.157296
163,329,10464,21088,9,center,37.531,5.531,3.984,18519.494,20816.029,65203.117,0.519890,0.818594,0.244169
163,330,10464,21152,9,center,41.474,9.474,2.031,18571.011,20780.528,65214.357,0.483136,0.846579,0.223345
163,331,10464,21216,9,center,37.091,5.091,4.016,18622.637,20745.823,65226.420,0.526521,0.831339,0.177906
163,341,10464,21856,9,center,41.081,9.081,4.016,19057.053,20328.259,65367.656,0.824328,0.495284,-0.274185
163,342,10464,21920,9,center,41.748,9.748,4.016,19093.560,20280.564,65383.193,0.760252,0.589292,-0.273407
163,343,10464,21984,9,center,39.104,7.104,4.016,19131.609,20233.894,65398.267,0.815795,0.533363,-0.223613
163,344,10464,22048,9,center,32.945,0.945,4.000,19163.823,20183.541,65414.803,0.871319,0.466269,-0.152959
163,345,10464,22112,9,block_,33.011,1.011,4.000,19194.014,20132.065,65431.548,0.877590,0.453155,-0.156483
163,409,10464,26208,8,center,33.527,1.527,4.000,17079.271,18684.104,65776.800,-0.681278,-0.607577,0.408302
163,410,10464,26272,8,center,39.276,7.276,4.000,17035.253,18726.856,65765.273,-0.709837,-0.621855,0.330798
163,411,10464,26336,8,center,37.042,5.042,4.000,16993.101,18770.387,65753.489,-0.725346,-0.640132,0.253189
163,412,10464,26400,8,center,35.129,3.129,4.000,16950.539,18812.925,65742.148,-0.730258,-0.661852,0.169336
163,413,10464,26464,8,center,32.747,0.747,4.000,16908.659,18855.713,65730.645,-0.696888,-0.708774,0.109485
163,414,10464,26528,8,center,32.747,0.747,4.000,16863.191,18895.096,65719.674,-0.662697,-0.748717,-0.016000
163,415,10464,26592,8,center,32.751,0.751,4.000,16822.079,18939.552,65708.802,-0.685048,-0.713343,-0.147820
163,416,10464,26656,8,center,32.860,0.860,3.984,16777.344,18980.609,65696.743,-0.672493,-0.697902,-0.246347
163,417,10464,26720,8,center,42.243,10.243,3.984,16740.719,19029.896,65685.780,-0.827413,-0.512813,-0.228934
163,418,10464,26784,8,center,44.799,12.799,3.984,16707.098,19081.272,65674.471,-0.790901,-0.611529,-0.022526
163,419,10464,26848,8,center,42.457,10.457,4.000,16671.765,19130.633,65661.754,-0.858442,-0.508818,0.064660
163,429,10464,27488,8,block_,31.341,-0.659,4.703,16339.928,19632.753,65513.364,-0.947458,-0.275142,0.163154
163,430,10464,27552,8,center,29.634,-2.366,6.000,16322.069,19691.880,65493.758,-0.964371,-0.219071,0.148313
163,431,10464,27616,8,center,29.634,-2.366,5.984,16308.113,19751.865,65474.574,-0.981039,-0.145546,0.127978
163,432,10464,27680,8,center,32.747,0.747,4.000,16299.091,19812.405,65456.452,-0.997450,-0.070849,-0.008648
163,433,10464,27744,8,center,32.747,0.747,4.000,16294.255,19872.764,65438.843,-0.986563,-0.162289,-0.018869
164,301,10528,19296,9,block_,43.246,11.246,6.000,16906.089,20947.590,65190.617,-0.377441,0.626350,0.682073
164,302,10528,19360,9,center,43.629,11.629,6.000,16956.728,20982.078,65186.408,-0.295770,0.638090,0.710888
164,303,10528,19424,9,center,40.379,8.379,5.984,17010.518,21012.910,65177.243,-0.247066,0.621822,0.743166
164,304,10528,19488,9,center,34.064,2.064,4.000,17064.966,21042.825,65168.666,-0.170337,0.678668,0.714420
164,305,10528,19552,9,block_,34.096,2.096,4.000,17121.608,21067.288,65156.422,-0.116689,0.709553,0.694923
164,313,10528,20064,9,block_,30.855,-1.145,4.000,17606.497,21145.408,65063.907,0.055581,0.993496,0.099377
164,314,10528,20128,9,center,30.260,-1.740,4.000,17667.310,21141.673,65056.989,0.052410,0.998334,-0.024132
164,315,10528,20192,9,center,30.280,-1.720,4.000,17727.991,21138.166,65051.843,0.085913,0.992401,-0.088091
164,316,10528,20256,9,center,32.898,0.898,4.000,17788.513,21130.560,65049.489,0.153779,0.930652,-0.332021
164,317,10528,20320,9,center,34.045,2.045,4.000,17848.927,21119.382,65048.622,0.167660,0.908737,-0.382213
164,322,10528,20640,9,block_,34.045,2.045,4.552,18137.570,21007.566,65073.591,0.415017,0.907979,-0.057747
164,323,10528,20704,9,block_,34.043,2.043,4.003,18194.806,20982.632,65081.292,0.394541,0.918878,-0.000568
164,324,10528,20768,9,block_,33.718,1.718,4.000,18252.409,20957.257,65089.559,0.400518,0.916055,0.020712
164,326,10528,20896,9,center,34.045,2.045,4.000,18367.186,20905.481,65108.546,0.421475,0.906839,0.001243
164,327,10528,20960,9,center,34.067,2.067,4.000,18423.427,20877.821,65119.058,0.459074,0.887427,-0.041524
164,328,10528,21024,9,center,36.952,4.952,4.000,18479.370,20849.049,65129.886,0.479199,0.876436,-0.047200
164,329,10528,21088,9,center,39.085,7.085,4.000,18532.482,20815.436,65141.461,0.551862,0.832507,-0.048787
164,330,10528,21152,9,center,41.166,9.166,4.016,18586.315,20782.783,65152.789,0.549029,0.835545,-0.020757
164,331,10528,21216,9,center,37.091,5.091,5.984,18637.795,20746.567,65164.775,0.570636,0.820895,0.022490
164,332,10528,21280,9,block_,35.208,3.208,4.297,18688.673,20710.201,65177.600,0.611661,0.790987,-0.014497
164,333,10528,21344,9,block_,35.080,3.080,4.000,18737.276,20671.180,65190.732,0.635206,0.772074,0.020368
164,341,10528,21856,9,center,36.897,4.897,5.984,19058.779,20309.874,65309.094,0.849268,0.525459,0.051337
164,342,10528,21920,9,center,43.022,11.022,5.984,19091.414,20259.790,65325.245,0.826019,0.547500,-0.133930
164,343,10528,21984,9,center,41.800,9.800,5.969,19126.293,20211.262,65340.998,0.800811,0.530929,-0.277159
164,344,10528,22048,9,center,34.045,2.045,4.000,19162.238,20163.257,65356.316,0.828989,0.486324,-0.276163
164,409,10528,26208,8,block_,37.768,5.768,4.000,17076.133,18664.662,65718.202,-0.734988,-0.678073,-0.002987
164,410,10528,26272,8,center,42.182,10.182,4.000,17035.950,18711.241,65705.938,-0.741229,-0.671186,0.009406
164,411,10528,26336,8,center,41.901,9.901,4.000,16995.301,18756.425,65693.973,-0.750415,-0.660887,-0.010294
164,412,10528,26400,8,center,35.625,3.625,4.000,16955.463,18801.744,65682.272,-0.752333,-0.658777,-0.002820
164,413,10528,26464,8,center,32.747,0.747,4.000,16915.976,18847.094,65670.873,-0.739942,-0.670774,-0.050484
164,414,10528,26528,8,block_,32.747,0.747,4.000,16875.242,18891.359,65659.605,-0.722679,-0.690994,-0.016202
164,415,10528,26592,8,center,33.300,1.300,3.984,16832.745,18934.331,65648.358,-0.703771,-0.710254,0.015670
164,416,10528,26656,8,center,37.852,5.852,2.016,16789.876,18976.990,65636.984,-0.712286,-0.698487,0.069030
164,417,10528,26720,8,center,42.204,10.204,2.016,16745.913,19019.174,65625.859,-0.710297,-0.694070,0.117240
164,418,10528,26784,8,center,44.785,12.785,2.031,16705.983,19065.317,65614.397,-0.816535,-0.567640,0.105145
164,419,10528,26848,8,center,43.616,11.616,4.000,16670.818,19114.844,65602.147,-0.842468,-0.530847,0.091914
164,420,10528,26912,8,center,32.804,0.804,4.000,16640.081,19166.087,65589.422,-0.869294,-0.472961,0.143652
164,429,10528,27488,8,center,29.658,-2.342,4.016,16350.516,19616.696,65453.092,-0.872382,-0.363489,-0.326842
164,430,10528,27552,8,center,26.831,-5.169,6.000,16334.468,19676.302,65435.255,-0.835772,-0.310306,-0.452985
164,431,10528,27616,8,center,23.727,-8.273,5.969,16323.122,19736.912,65417.446,-0.830174,-0.240598,-0.502915
164,432,10528,27680,8,center,32.728,0.728,4.000,16318.364,19798.423,65401.232,-0.799386,-0.274564,-0.534413
164,433,10528,27744,8,center,32.747,0.747,4.000,16310.622,19858.449,65382.666,-0.830855,-0.254091,-0.495094
165,300,10592,19232,9,block_,42.650,10.650,6.000,16834.479,20938.567,65146.758,-0.488824,0.727805,0.480990
165,301,10592,19296,9,center,43.833,11.833,6.000,16883.166,20973.457,65141.458,-0.489345,0.727576,0.480806
165,302,10592,19360,9,center,44.451,12.451,6.000,16933.071,21009.279,65136.108,-0.447760,0.750295,0.486383
165,303,10592,19424,9,center,44.390,12.390,5.969,16986.441,21040.698,65127.590,-0.359695,0.846079,0.393407
165,304,10592,19488,9,center,36.537,4.537,3.984,17041.905,21069.586,65117.368,-0.338045,0.894311,0.293144
165,305,10592,19552,9,center,34.088,2.088,3.984,17100.664,21089.873,65103.382,-0.252059,0.948839,0.190185
165,306,10592,19616,9,center,34.088,2.088,4.000,17159.831,21109.643,65089.016,-0.249034,0.955925,0.155528
165,307,10592,19680,9,center,34.045,2.045,4.000,17220.300,21126.841,65074.084,-0.227066,0.963175,0.143995
165,308,10592,19744,9,center,34.038,2.038,4.000,17282.770,21139.768,65058.529,-0.110799,0.987322,0.113657
165,309,10592,19808,9,center,34.038,2.038,4.016,17346.968,21149.669,65044.372,-0.032391,0.999312,-0.018082
165,310,10592,19872,9,block_,35.840,3.840,4.578,17411.076,21147.574,65032.090,0.068712,0.983730,-0.165996
165,311,10592,19936,9,block_,37.896,5.896,4.609,17473.816,21144.980,65022.061,-0.003002,0.956035,-0.293238
165,312,10592,20000,9,block_,38.881,6.881,4.131,17536.009,21143.218,65012.784,0.035039,0.914073,-0.404033
165,313,10592,20064,9,block_,39.384,7.384,4.000,17598.359,21137.855,65004.609,0.028506,0.909990,-0.413648
165,314,10592,20128,9,block_,32.323,0.323,4.000,17660.093,21129.423,64998.190,0.130239,0.885039,-0.446926
165,315,10592,20192,9,center,32.970,0.970,4.000,17721.034,21116.817,64996.210,0.164257,0.815140,-0.555488
165,316,10592,20256,9,center,34.116,2.116,4.000,17781.785,21103.749,64994.708,0.185369,0.840347,-0.509367
165,317,10592,20320,9,center,34.050,2.050,4.000,17842.857,21091.836,64993.388,0.120557,0.851342,-0.510571
165,318,10592,20384,9,block_,34.089,2.089,4.000,17904.282,21079.528,64992.477,0.200705,0.866847,-0.456392
165,326,10592,20896,9,block_,34.045,2.045,4.000,18372.394,20893.564,65046.812,0.496122,0.811772,-0.308040
165,327,10592,20960,9,center,34.045,2.045,4.000,18426.968,20862.323,65057.742,0.531509,0.794138,-0.294692
165,328,10592,21024,9,center,34.058,2.058,4.000,18482.545,20832.961,65068.362,0.497410,0.785826,-0.367507
165,329,10592,21088,9,center,36.317,4.317,4.016,18536.075,20799.786,65079.794,0.570098,0.758131,-0.316585
165,330,10592,21152,9,center,39.075,7.075,4.016,18589.547,20766.504,65091.484,0.527580,0.793200,-0.304127
165,331,10592,21216,9,center,37.133,5.133,5.969,18642.858,20732.485,65103.045,0.599510,0.761178,-0.247378
165,332,10592,21280,9,center,37.142,5.142,4.000,18693.039,20694.782,65116.318,0.616364,0.722047,-0.314235
165,333,10592,21344,9,center,35.842,3.842,4.000,18742.401,20656.524,65129.408,0.671088,0.673247,-0.310451
165,334,10592,21408,9,block_,43.070,11.070,4.000,18790.187,20616.646,65143.130,0.647099,0.711497,-0.273925
165,335,10592,21472,9,block_,53.044,21.044,4.000,18837.405,20576.409,65157.177,0.667914,0.700118,-0.252439
165,336,10592,21536,9,block_,53.496,21.496,4.000,18884.592,20536.332,65170.859,0.698471,0.688433,-0.195443
165,337,10592,21600,9,block_,41.589,9.589,4.000,18927.710,20492.470,65185.684,0.762664,0.634216,-0.126939
165,338,10592,21664,9,block_,34.951,2.951,4.000,18969.350,20447.582,65200.868,0.730311,0.672981,-0.117227
165,339,10592,21728,9,block_,33.495,1.495,4.000,19009.541,20401.824,65216.521,0.802785,0.593188,-0.060530
165,340,10592,21792,9,block_,34.007,2.007,4.000,19044.076,20352.065,65232.983,0.853782,0.520624,-0.002464
165,341,10592,21856,9,center,38.131,6.131,4.000,19073.787,20299.552,65249.523,0.880836,0.462688,0.100242
165,342,10592,21920,9,center,42.931,10.931,4.016,19099.178,20245.082,65265.917,0.892067,0.444665,0.080558
165,343,10592,21984,9,center,39.052,7.052,4.016,19124.511,20191.018,65282.703,0.902579,0.427740,-0.048879
165,344,10592,22048,9,center,34.045,2.045,4.000,19155.775,20140.228,65299.197,0.826529,0.511797,-0.234337
165,409,10592,26208,8,block_,36.235,4.235,4.000,17090.108,18662.198,65657.064,-0.687182,-0.716585,-0.119526
165,410,10592,26272,8,center,41.877,9.877,4.000,17047.513,18705.969,65645.187,-0.705562,-0.694067,-0.143013
165,411,10592,26336,8,center,37.205,5.205,4.000,17006.988,18751.308,65633.558,-0.725215,-0.671751,-0.151038
165,412,10592,26400,8,center,32.747,0.747,4.000,16967.201,18797.000,65622.322,-0.719290,-0.673843,-0.168992
165,413,10592,26464,8,center,32.747,0.747,4.000,16926.384,18841.348,65610.930,-0.701342,-0.705892,-0.099175
165,415,10592,26592,8,block_,34.949,2.949,3.619,16840.948,18926.511,65587.853,-0.665632,-0.743189,-0.067854
165,416,10592,26656,8,center,37.087,5.087,4.000,16796.661,18967.807,65576.486,-0.694330,-0.714058,-0.089594
165,417,10592,26720,8,center,37.142,5.142,4.000,16754.657,19011.773,65565.230,-0.718159,-0.686420,-0.114345
165,418,10592,26784,8,center,41.865,9.865,4.000,16713.743,19056.841,65553.736,-0.728442,-0.680778,-0.076903
165,419,10592,26848,8,center,40.307,8.307,4.000,16676.451,19104.235,65541.916,-0.836233,-0.545534,-0.055732
165,420,10592,26912,8,center,40.132,8.132,4.000,16643.902,19154.249,65530.501,-0.821172,-0.568268,-0.052418
165,421,10592,26976,8,block_,39.386,7.386,4.000,16611.704,19203.657,65518.466,-0.826240,-0.558128,-0.076294
165,422,10592,27040,8,block_,38.533,6.533,4.000,16577.922,19251.485,65505.722,-0.795238,-0.606171,-0.012377
165,428,10592,27424,8,block_,32.747,0.747,4.000,16396.228,19550.888,65414.056,-0.843515,-0.346072,-0.410751
165,429,10592,27488,8,center,32.676,0.676,4.016,16382.696,19609.978,65399.351,-0.824054,-0.259492,-0.503587
165,430,10592,27552,8,center,23.699,-8.301,5.984,16371.636,19669.442,65384.365,-0.806380,-0.310621,-0.503256
165,431,10592,27616,8,center,19.675,-12.325,4.000,16359.628,19727.919,65366.648,-0.774702,-0.321807,-0.544314
165,432,10592,27680,8,center,30.333,-1.667,4.000,16348.797,19786.873,65348.275,-0.828608,-0.341628,-0.443507
165,433,10592,27744,8,center,32.747,0.747,4.000,16340.262,19846.858,65329.966,-0.875118,-0.177830,-0.450050
166,300,10656,19232,9,block_,41.283,9.283,5.779,16813.106,20957.960,65094.330,-0.502286,0.718586,0.480981
166,301,10656,19296,9,center,43.451,11.451,6.000,16861.962,20994.200,65087.724,-0.454498,0.758165,0.467566
166,302,10656,19360,9,center,44.430,12.430,5.984,16914.615,21024.062,65079.388,-0.414422,0.890960,0.185593
166,303,10656,19424,9,center,44.442,12.442,3.984,16969.997,21049.717,65068.489,-0.356722,0.932039,0.063662
166,304,10656,19488,9,center,44.015,12.015,2.000,17027.659,21070.282,65056.024,-0.316221,0.948398,-0.023340
166,305,10656,19552,9,center,39.636,7.636,2.016,17086.337,21087.981,65042.026,-0.296008,0.950602,-0.093460
166,306,10656,19616,9,center,39.592,7.592,4.000,17145.966,21104.005,65027.993,-0.287939,0.913730,-0.286686
166,307,10656,19680,9,center,34.042,2.042,4.000,17207.029,21116.238,65012.322,-0.221263,0.854208,-0.470500
166,308,10656,19744,9,center,33.118,1.118,4.016,17271.272,21120.480,65001.085,-0.219942,0.754603,-0.618223
166,309,10656,19808,9,center,33.180,1.180,6.000,17335.920,21122.512,64988.063,-0.078717,0.738884,-0.669219
166,310,10656,19872,9,center,41.098,9.098,6.000,17400.530,21118.621,64978.459,-0.032097,0.738639,-0.673336
166,311,10656,19936,9,center,42.744,10.744,5.969,17463.713,21112.611,64970.416,-0.005267,0.758609,-0.651525
166,312,10656,20000,9,center,45.770,13.770,4.000,17526.193,21107.078,64961.980,-0.042630,0.809534,-0.585523
166,313,10656,20064,9,center,44.770,12.770,4.000,17588.624,21103.501,64952.661,-0.029780,0.805255,-0.592180
166,314,10656,20128,9,center,43.194,11.194,4.016,17651.019,21096.492,64945.685,0.107684,0.829529,-0.547983
166,315,10656,20192,9,center,43.194,11.194,4.016,17713.108,21085.836,64942.566,0.143456,0.836884,-0.528247
166,316,10656,20256,9,center,43.128,11.128,4.000,17774.204,21072.930,64941.629,0.123358,0.807592,-0.576695
166,317,10656,20320,9,center,34.742,2.742,4.000,17835.669,21061.868,64938.791,0.133255,0.813117,-0.566643
166,318,10656,20384,9,center,34.045,2.045,4.000,17897.303,21048.367,64938.142,0.156286,0.803160,-0.574899
166,327,10656,20960,9,center,34.018,2.018,4.000,18419.812,20830.329,65004.192,0.493547,0.599256,-0.630320
166,328,10656,21024,9,center,33.505,1.505,4.016,18474.191,20799.517,65015.111,0.453533,0.647279,-0.612648
166,329,10656,21088,9,center,34.843,2.843,5.969,18528.919,20768.914,65025.221,0.481201,0.609356,-0.630184
166,330,10656,21152,9,center,39.072,7.072,4.000,18582.026,20735.953,65036.894,0.552041,0.602434,-0.576476
166,331,10656,21216,9,center,39.498,7.498,4.000,18633.580,20700.731,65049.504,0.544647,0.540953,-0.640881
166,332,10656,21280,9,center,41.975,9.975,4.000,18682.910,20662.710,65062.931,0.597476,0.527195,-0.604224
166,333,10656,21344,9,center,45.332,13.332,4.000,18730.966,20623.854,65076.862,0.575035,0.555204,-0.600902
166,334,10656,21408,9,center,46.697,14.697,4.000,18780.537,20586.059,65089.194,0.594855,0.540977,-0.594552
166,335,10656,21472,9,center,54.230,22.230,4.000,18829.179,20547.304,65102.361,0.586551,0.596329,-0.548042
166,336,10656,21536,9,center,56.622,24.622,4.000,18879.246,20510.541,65113.904,0.607480,0.642983,-0.466413
166,337,10656,21600,9,center,52.782,20.782,4.000,18926.327,20470.909,65126.906,0.690959,0.619176,-0.373090
166,338,10656,21664,9,center,35.259,3.259,4.000,18970.327,20428.156,65141.280,0.738468,0.595317,-0.316643
166,339,10656,21728,9,center,32.503,0.503,3.984,19010.745,20382.485,65156.849,0.781839,0.577393,-0.235256
166,340,10656,21792,9,center,32.511,0.511,4.000,19047.725,20334.584,65172.870,0.832489,0.540436,-0.122027
166,341,10656,21856,9,center,34.727,2.727,4.016,19082.083,20284.985,65189.461,0.861606,0.506393,-0.034655
166,342,10656,21920,9,center,34.044,2.044,5.984,19107.579,20230.760,65206.184,0.917918,0.396726,0.005844
166,343,10656,21984,9,center,34.034,2.034,5.969,19132.479,20176.249,65223.015,0.897448,0.440868,0.014946
166,344,10656,22048,9,center,34.034,2.034,4.000,19159.587,20123.009,65240.112,0.883364,0.468377,0.017081
166,345,10656,22112,9,block_,33.845,1.845,4.000,19187.695,20070.699,65256.854,0.882910,0.455311,-0.114727
166,409,10656,26208,8,center,32.745,0.745,4.000,17102.915,18658.773,65596.296,-0.674487,-0.724359,-0.142729
166,410,10656,26272,8,center,32.495,0.495,4.000,17061.839,18703.754,65584.941,-0.733166,-0.661676,-0.157012
166,411,10656,26336,8,center,32.496,0.496,4.000,17023.128,18750.749,65574.027,-0.736532,-0.652426,-0.178496
166,412,10656,26400,8,center,32.732,0.732,4.000,16983.456,18796.737,65562.897,-0.720683,-0.664757,-0.196762
166,413,10656,26464,8,block_,32.747,0.747,4.000,16942.899,18841.684,65551.909,-0.652709,-0.709932,-0.264516
166,417,10656,26720,8,block_,35.918,3.918,4.000,16770.072,19011.104,65505.600,-0.621513,-0.744902,-0.242575
166,418,10656,26784,8,center,37.803,5.803,4.000,16727.592,19053.817,65493.922,-0.709601,-0.655997,-0.257165
166,419,10656,26848,8,center,40.258,8.258,4.000,16691.061,19101.347,65483.434,-0.751153,-0.603248,-0.268068
166,420,10656,26912,8,center,41.284,9.284,4.000,16657.150,19149.454,65472.178,-0.782277,-0.597456,-0.176318
166,421,10656,26976,8,center,40.309,8.309,4.000,16624.728,19198.004,65460.488,-0.799736,-0.579979,-0.155067
166,422,10656,27040,8,center,39.491,7.491,4.000,16591.261,19245.338,65448.244,-0.776006,-0.596085,-0.206149
166,423,10656,27104,8,block_,36.471,4.471,4.000,16557.501,19291.813,65435.116,-0.725381,-0.635599,-0.264265
166,427,10656,27360,8,block_,34.195,2.195,4.000,16445.585,19491.002,65376.905,-0.761517,-0.414158,-0.498563
166,428,10656,27424,8,center,32.812,0.812,4.000,16429.116,19546.794,65362.858,-0.758919,-0.309293,-0.573044
166,429,10656,27488,8,center,32.718,0.718,4.016,16418.526,19604.825,65350.032,-0.743234,-0.256538,-0.617893
166,430,10656,27552,8,center,29.111,-2.889,5.969,16409.479,19663.409,65336.298,-0.712246,-0.256733,-0.653295
166,431,10656,27616,8,center,26.431,-5.569,4.000,16402.067,19722.763,65322.569,-0.682933,-0.260040,-0.682629
166,432,10656,27680,8,center,30.333,-1.667,4.000,16393.199,19781.929,65306.737,-0.639785,-0.305199,-0.705357
166,433,10656,27744,8,center,32.747,0.747,4.000,16383.867,19840.869,65288.727,-0.609286,-0.349330,-0.711857
167,300,10720,19232,9,center,39.991,7.991,4.016,16793.965,20971.936,65038.888,-0.502057,0.828902,0.246700
167,301,10720,19296,9,center,44.409,12.409,5.984,16845.567,21004.016,65030.032,-0.400183,0.915524,0.040862
167,302,10720,19360,9,center,43.638,11.638,5.969,16902.830,21023.754,65019.115,-0.316122,0.948706,0.004854
167,303,10720,19424,9,center,43.543,11.543,3.984,16959.829,21042.865,65008.219,-0.297538,0.940232,-0.165633
167,304,10720,19488,9,center,36.502,4.502,2.016,17018.028,21056.521,64996.727,-0.266667,0.899714,-0.345549
167,305,10720,19552,9,center,39.592,7.592,2.031,17077.895,21065.080,64986.241,-0.161169,0.804001,-0.572370
167,306,10720,19616,9,center,39.557,7.557,4.000,17139.448,21068.524,64977.326,-0.121933,0.760152,-0.638201
167,307,10720,19680,9,center,34.613,2.613,4.000,17201.798,21071.005,64967.599,-0.155202,0.689051,-0.707899
167,308,10720,19744,9,center,32.811,0.811,4.016,17264.578,21074.178,64955.643,-0.163588,0.629561,-0.759534
167,309,10720,19808,9,center,32.873,0.873,5.984,17327.910,21074.353,64944.803,-0.111325,0.580785,-0.806409
167,310,10720,19872,9,center,40.701,8.701,5.969,17391.517,21071.491,64935.908,-0.046125,0.584135,-0.810345
167,311,10720,19936,9,center,42.448,10.448,4.000,17454.527,21067.972,64926.916,-0.149995,0.597915,-0.787400
167,312,10720,20000,9,center,45.711,13.711,4.000,17516.712,21066.078,64915.360,-0.103913,0.636961,-0.763860
167,313,10720,20064,9,center,44.718,12.718,4.016,17579.131,21062.257,64905.791,-0.082999,0.671020,-0.736779
167,314,10720,20128,9,center,43.154,11.154,5.984,17641.697,21055.702,64899.326,0.052905,0.611855,-0.789198
167,315,10720,20192,9,center,43.138,11.138,5.969,17703.878,21044.787,64897.168,0.045070,0.646098,-0.761922
167,316,10720,20256,9,center,43.005,11.005,4.000,17765.084,21033.040,64894.786,0.170713,0.703776,-0.689606
167,317,10720,20320,9,center,34.684,2.684,4.000,17826.044,21020.698,64892.918,0.192675,0.763848,-0.615964
167,318,10720,20384,9,center,34.045,2.045,4.000,17887.960,21008.035,64890.628,0.097249,0.784761,-0.612121
167,327,10720,20960,9,center,31.126,-0.874,4.016,18405.938,20789.046,64958.396,0.430122,0.603141,-0.671727
167,328,10720,21024,9,center,30.441,-1.559,4.016,18460.243,20758.998,64968.858,0.496903,0.599572,-0.627376
167,329,10720,21088,9,center,30.494,-1.506,4.000,18512.774,20726.304,64981.326,0.479485,0.599811,-0.640563
167,330,10720,21152,9,center,36.363,4.363,4.000,18568.336,20697.688,64988.660,0.455953,0.607517,-0.650407
167,331,10720,21216,9,center,41.951,9.951,4.000,18618.636,20662.825,65001.213,0.591360,0.605330,-0.532793
167,332,10720,21280,9,center,45.599,13.599,4.000,18667.721,20626.129,65014.233,0.620115,0.622315,-0.477684
167,333,10720,21344,9,center,45.970,13.970,4.000,18716.652,20589.087,65026.943,0.596490,0.711407,-0.371619
167,334,10720,21408,9,center,46.585,14.585,4.000,18766.831,20551.991,65037.393,0.621466,0.681691,-0.386105
167,335,10720,21472,9,center,52.309,20.309,4.000,18815.574,20512.108,65050.558,0.572380,0.715687,-0.400216
167,336,10720,21536,9,center,54.110,22.110,4.000,18871.094,20482.619,65058.588,0.543430,0.742938,-0.390803
167,337,10720,21600,9,center,47.527,15.527,4.000,18917.835,20443.330,65071.008,0.667303,0.630282,-0.396802
167,338,10720,21664,9,center,37.184,5.184,3.984,18962.525,20401.439,65084.685,0.708075,0.582039,-0.399825
167,339,10720,21728,9,center,35.380,3.380,2.031,19005.560,20358.091,65099.273,0.709559,0.598452,-0.371996
167,340,10720,21792,9,center,34.235,2.235,4.000,19048.258,20314.713,65113.846,0.760958,0.574513,-0.301459
167,341,10720,21856,9,center,34.232,2.232,4.000,19086.273,20267.949,65129.782,0.845743,0.504428,-0.173986
167,342,10720,21920,9,center,33.903,1.903,4.000,19116.814,20216.581,65146.559,0.870805,0.491331,-0.017124
167,343,10720,21984,9,center,32.634,0.634,4.000,19143.789,20163.070,65163.321,0.863853,0.479928,0.153060
167,344,10720,22048,9,center,32.633,0.633,4.000,19172.173,20110.123,65180.750,0.844462,0.513039,0.153868
167,345,10720,22112,9,block_,33.449,1.449,4.000,19195.620,20055.363,65197.761,0.915446,0.388314,0.105692
167,409,10720,26208,8,center,32.730,0.730,4.000,17119.348,18659.487,65536.607,-0.669311,-0.733558,-0.117962
167,410,10720,26272,8,center,30.801,-1.199,4.000,17077.205,18702.794,65525.344,-0.716558,-0.676227,-0.171057
167,411,10720,26336,8,center,30.795,-1.205,4.000,17037.856,18748.957,65514.031,-0.725917,-0.658983,-0.196942
167,412,10720,26400,8,center,30.832,-1.168,4.016,17000.078,18797.054,65503.435,-0.742355,-0.631933,-0.222643
167,413,10720,26464,8,block_,32.228,0.228,4.000,16960.583,18843.589,65492.774,-0.718618,-0.672626,-0.176526
167,418,10720,26784,8,block_,35.252,3.252,4.000,16749.782,19059.927,65437.525,-0.666915,-0.690380,-0.280355
167,419,10720,26848,8,center,32.843,0.843,4.000,16710.082,19103.105,65426.666,-0.692421,-0.677726,-0.247469
167,420,10720,26912,8,center,40.257,8.257,4.000,16674.225,19148.060,65415.627,-0.822084,-0.549938,-0.147463
167,421,10720,26976,8,center,40.225,8.225,4.000,16644.453,19197.562,65404.654,-0.802738,-0.571545,-0.170144
167,422,10720,27040,8,center,36.202,4.202,4.000,16611.638,19245.474,65393.131,-0.769261,-0.619043,-0.158185
167,423,10720,27104,8,center,34.570,2.570,4.062,16578.312,19291.531,65381.367,-0.848884,-0.500439,-0.170169
167,424,10720,27168,8,center,34.570,2.570,7.984,16550.571,19340.302,65369.891,-0.865116,-0.478320,-0.150943
167,425,10720,27232,8,block_,35.068,3.068,7.185,16524.750,19389.795,65356.672,-0.840359,-0.510607,-0.181874
167,427,10720,27360,8,block_,35.122,3.122,4.000,16479.722,19490.601,65329.565,-0.847279,-0.383739,-0.367236
167,428,10720,27424,8,center,41.118,9.118,4.000,16464.169,19543.759,65316.120,-0.859242,-0.297861,-0.415911
167,429,10720,27488,8,center,32.717,0.717,4.000,16454.369,19599.607,65302.790,-0.866531,-0.194209,-0.459790
167,430,10720,27552,8,center,29.932,-2.068,4.000,16448.151,19657.809,65290.026,-0.841817,-0.170901,-0.511994
167,431,10720,27616,8,center,29.142,-2.858,4.000,16442.172,19716.803,65276.897,-0.830351,-0.240201,-0.502812
167,432,10720,27680,8,center,30.351,-1.649,4.000,16434.637,19775.742,65262.126,-0.812293,-0.220485,-0.539969
167,433,10720,27744,8,block_,32.043,0.043,4.000,16427.644,19834.234,65246.069,-0.750783,-0.284924,-0.595939
168,300,10784,19232,9,center,39.014,7.014,4.000,16778.293,20979.612,64979.798,-0.467418,0.865834,0.178473
168,301,10784,19296,9,center,41.769,9.769,4.000,16833.718,21005.120,64968.894,-0.281281,0.954139,0.102468
168,302,10784,19360,9,center,39.030,7.030,4.000,16892.782,21020.895,64958.663,-0.198575,0.972836,-0.118988
168,303,10784,19424,9,block_,37.353,5.353,4.009,16952.740,21025.407,64950.943,-0.082838,0.919868,-0.383381
168,304,10784,19488,9,block_,35.716,3.716,3.078,17012.879,21024.936,64945.819,0.015660,0.810689,-0.585268
168,305,10784,19552,9,block_,36.338,4.338,3.234,17073.583,21023.412,64941.311,-0.075755,0.707361,-0.702781
168,306,10784,19616,9,block_,36.242,4.242,4.000,17134.919,21023.245,64935.334,-0.069021,0.642975,-0.762771
168,307,10784,19680,9,block_,34.217,2.217,4.000,17196.769,21022.576,64928.562,-0.104525,0.567355,-0.816813
168,308,10784,19744,9,block_,33.782,1.782,4.013,17258.937,21021.765,64920.254,-0.093793,0.540189,-0.836301
168,309,10784,19808,9,center,34.045,2.045,4.000,17321.671,21019.610,64912.376,-0.097683,0.516943,-0.850428
168,310,10784,19872,9,center,34.045,2.045,4.000,17384.456,21017.435,64903.219,-0.101338,0.525286,-0.844870
168,311,10784,19936,9,center,34.076,2.076,4.000,17446.982,21014.749,64893.948,-0.121367,0.527782,-0.840664
168,312,10784,20000,9,center,38.102,6.102,4.000,17508.861,21013.281,64882.003,-0.167932,0.550951,-0.817467
168,313,10784,20064,9,center,38.102,6.102,4.000,17570.261,21011.699,64869.658,-0.066718,0.564714,-0.822585
168,314,10784,20128,9,center,38.086,6.086,4.000,17632.149,21005.744,64862.551,-0.025468,0.629160,-0.776858
168,315,10784,20192,9,center,35.975,3.975,4.000,17693.871,20999.347,64855.379,-0.016276,0.698113,-0.715803
168,316,10784,20256,9,center,27.379,-4.621,4.000,17755.389,20990.743,64849.914,0.037084,0.762095,-0.646403
168,317,10784,20320,9,center,27.435,-4.565,3.984,17817.562,20987.054,64840.758,-0.065199,0.799532,-0.597074
168,318,10784,20384,9,center,34.045,2.045,4.000,17880.611,20979.647,64834.350,0.276520,0.810768,-0.515938
168,319,10784,20448,9,block_,34.045,2.045,4.000,17941.880,20960.886,64836.560,0.224027,0.783496,-0.579609
168,326,10784,20896,9,block_,33.367,1.367,4.969,18340.634,20781.365,64898.601,0.442117,0.696097,-0.565669
168,327,10784,20960,9,center,31.533,-0.467,6.000,18394.556,20751.044,64909.726,0.473017,0.711578,-0.519530
168,328,10784,21024,9,center,30.554,-1.446,5.969,18450.048,20723.621,64918.436,0.475679,0.700261,-0.532319
168,329,10784,21088,9,center,31.591,-0.409,4.000,18502.390,20691.404,64929.915,0.490842,0.746458,-0.449304
168,330,10784,21152,9,center,38.002,6.002,4.000,18558.872,20665.981,64936.821,0.461883,0.809856,-0.361660
168,331,10784,21216,9,block_,41.609,9.609,4.000,18611.716,20634.833,64946.439,0.571311,0.764007,-0.299829
168,332,10784,21280,9,block_,42.941,10.941,4.000,18663.845,20602.032,64957.008,0.467902,0.855613,-0.221346
168,333,10784,21344,9,block_,38.234,6.234,4.000,18719.683,20574.558,64966.127,0.532510,0.836087,-0.131876
168,334,10784,21408,9,block_,38.509,6.509,4.000,18770.920,20539.179,64977.466,0.557576,0.830114,0.004542
168,335,10784,21472,9,center,45.526,13.526,4.000,18821.111,20501.635,64988.934,0.621481,0.783078,0.023439
168,336,10784,21536,9,block_,47.581,15.581,4.000,18868.822,20462.215,65000.204,0.685447,0.718329,-0.119024
168,337,10784,21600,9,block_,42.928,10.928,4.000,18913.477,20420.215,65013.153,0.718938,0.672164,-0.176987
168,338,10784,21664,9,center,34.045,2.045,4.000,18957.123,20376.942,65027.231,0.717046,0.680240,-0.152046
168,339,10784,21728,9,center,34.045,2.045,4.000,19000.110,20333.477,65042.024,0.739518,0.655216,-0.154287
168,340,10784,21792,9,center,34.045,2.045,4.000,19043.555,20291.064,65056.578,0.722074,0.663392,-0.196264
168,341,10784,21856,9,center,34.046,2.046,4.000,19084.672,20247.142,65071.415,0.750567,0.632691,-0.190660
168,342,10784,21920,9,center,34.027,2.027,4.000,19125.851,20203.112,65086.885,0.766665,0.639777,-0.053949
168,343,10784,21984,9,center,31.740,-0.260,4.000,19161.566,20153.720,65103.719,0.846671,0.530117,0.046091
168,344,10784,22048,9,center,30.240,-1.760,4.000,19187.845,20098.773,65121.409,0.919574,0.389137,0.054367
168,345,10784,22112,9,center,30.257,-1.743,4.000,19209.219,20042.605,65138.721,0.925375,0.373468,0.064826
168,408,10784,26144,8,block_,32.669,0.669,4.000,17170.049,18608.733,65488.068,-0.703998,-0.647768,0.291177
168,409,10784,26208,8,center,32.496,0.496,4.000,17127.312,18651.935,65476.826,-0.762451,-0.641781,0.082375
168,410,10784,26272,8,center,30.750,-1.250,4.000,17089.838,18699.110,65465.417,-0.784290,-0.619799,0.027170
168,411,10784,26336,8,center,30.810,-1.190,4.016,17053.846,18748.048,65454.217,-0.802891,-0.595655,-0.023674
168,412,10784,26400,8,center,32.747,0.747,5.984,17013.772,18794.635,65443.188,-0.746998,-0.664330,0.025687
168,413,10784,26464,8,block_,32.731,0.731,4.655,16971.730,18839.223,65432.166,-0.724770,-0.687687,0.042359
168,419,10784,26848,8,block_,34.362,2.362,4.000,16719.559,19098.099,65369.967,-0.768108,-0.594499,0.237870
168,420,10784,26912,8,block_,34.586,2.586,4.000,16679.926,19140.446,65359.248,-0.714889,-0.666603,0.211126
168,421,10784,26976,8,center,32.690,0.690,4.000,16643.556,19184.160,65349.163,-0.759795,-0.510076,0.403155
168,422,10784,27040,8,center,25.524,-6.476,4.031,16607.582,19229.702,65339.926,-0.752110,-0.433644,0.496269
168,423,10784,27104,8,center,34.358,2.358,7.984,16578.124,19278.327,65327.426,-0.848320,-0.374101,0.374703
168,424,10784,27168,8,center,34.574,2.574,8.000,16549.768,19326.154,65315.048,-0.901513,-0.391129,0.185182
168,425,10784,27232,8,center,36.735,4.735,7.969,16523.931,19375.163,65302.260,-0.897582,-0.425289,0.116084
168,426,10784,27296,8,block_,36.245,4.245,6.254,16504.400,19426.592,65288.952,-0.956094,-0.293046,-0.002990
168,427,10784,27360,8,center,36.137,4.137,4.016,16489.626,19479.485,65275.391,-0.966956,-0.248992,-0.054768
168,428,10784,27424,8,center,36.096,4.096,4.000,16481.490,19533.984,65262.256,-0.975824,-0.162614,-0.146030
168,429,10784,27488,8,center,31.760,-0.240,4.000,16477.326,19590.225,65249.470,-0.969312,-0.100104,-0.224529
168,430,10784,27552,8,center,31.296,-0.704,4.000,16473.475,19648.193,65236.557,-0.956084,-0.136078,-0.259588
168,431,10784,27616,8,center,29.968,-2.032,4.000,16468.677,19707.025,65222.787,-0.935486,-0.177650,-0.305460
168,432,10784,27680,8,center,32.747,0.747,4.000,16464.297,19766.151,65209.846,-0.948897,-0.086013,-0.303637
168,433,10784,27744,8,block_,32.286,0.286,4.000,16461.203,19825.206,65197.005,-0.962819,-0.134449,-0.234314
169,300,10848,19232,9,center,34.150,2.150,4.000,16767.402,20976.379,64919.749,-0.440887,0.888586,-0.126624
169,301,10848,19296,9,center,47.439,15.439,4.000,16825.287,20995.270,64909.234,-0.237180,0.899955,-0.365824
169,302,10848,19360,9,center,43.803,11.803,4.016,16886.234,20996.913,64904.060,-0.019503,0.828590,-0.559517
169,303,10848,19424,9,block_,41.964,9.964,4.000,16947.232,20993.319,64900.258,0.031286,0.768460,-0.639133
169,312,10848,20000,9,block_,35.915,3.915,4.000,17500.514,20962.834,64845.774,-0.167589,0.500007,-0.849651
169,313,10848,20064,9,block_,35.802,3.802,4.000,17561.954,20960.548,64835.037,-0.154740,0.531232,-0.832976
169,314,10848,20128,9,block_,35.291,3.291,4.000,17623.035,20957.837,64823.939,-0.064494,0.548994,-0.833334
169,315,10848,20192,9,block_,29.673,-2.327,4.000,17684.329,20953.352,64814.712,-0.093040,0.593162,-0.799689
169,316,10848,20256,9,center,26.780,-5.220,3.984,17745.746,20948.960,64804.766,-0.078611,0.632586,-0.770491
169,317,10848,20320,9,center,27.398,-4.602,2.016,17807.759,20944.071,64795.590,-0.105480,0.652857,-0.750101
169,318,10848,20384,9,center,34.058,2.058,3.984,17870.226,20938.220,64786.047,0.097394,0.670744,-0.735267
169,319,10848,20448,9,block_,34.245,2.245,3.904,17932.590,20922.456,64786.386,0.240735,0.726458,-0.643666
169,326,10848,20896,9,block_,34.045,2.045,4.679,18328.851,20741.061,64852.836,0.423613,0.641002,-0.640054
169,327,10848,20960,9,center,34.025,2.025,5.969,18385.325,20715.083,64860.212,0.344485,0.652738,-0.674732
169,328,10848,21024,9,center,31.560,-0.440,4.000,18441.595,20690.058,64867.156,0.417487,0.749195,-0.514210
169,329,10848,21088,9,center,34.109,2.109,4.000,18498.277,20666.150,64873.329,0.364250,0.807057,-0.464737
169,330,10848,21152,9,center,42.223,10.223,4.031,18555.123,20641.987,64879.644,0.438808,0.795043,-0.418752
169,331,10848,21216,9,block_,42.322,10.322,5.070,18612.086,20617.441,64886.625,0.366663,0.857970,-0.359785
169,341,10848,21856,9,block_,34.141,2.141,4.000,19087.521,20229.669,65012.063,0.803302,0.569681,-0.173695
169,342,10848,21920,9,center,34.044,2.044,4.000,19124.497,20182.322,65028.227,0.790263,0.545581,-0.278973
169,343,10848,21984,9,center,33.968,1.968,4.000,19160.310,20133.183,65044.437,0.824110,0.424128,-0.375443
169,344,10848,22048,9,center,29.907,-2.093,4.000,19189.133,20080.083,65062.040,0.918351,0.339466,-0.203456
169,345,10848,22112,9,center,29.958,-2.042,4.000,19214.609,20025.891,65079.335,0.904373,0.414484,-0.101554
169,408,10848,26144,8,block_,32.702,0.702,4.037,17166.888,18590.900,65428.451,-0.767861,-0.603313,0.215414
169,409,10848,26208,8,center,32.700,0.700,4.016,17126.312,18636.446,65417.359,-0.748358,-0.622947,0.227812
169,410,10848,26272,8,center,28.386,-3.614,4.000,17088.945,18684.144,65405.556,-0.820946,-0.532092,0.207187
169,411,10848,26336,8,center,30.813,-1.187,4.016,17051.443,18732.073,65394.207,-0.771933,-0.571652,0.278087
169,412,10848,26400,8,center,32.747,0.747,5.969,17012.986,18779.663,65382.704,-0.768003,-0.580696,0.270117
169,413,10848,26464,8,block_,32.747,0.747,4.766,16972.656,18825.836,65371.801,-0.749644,-0.588195,0.303414
169,421,10848,26976,8,block_,30.519,-1.481,4.000,16628.724,19160.904,65297.904,-0.759394,-0.583259,0.288322
169,422,10848,27040,8,center,23.090,-8.910,4.016,16595.059,19208.568,65287.388,-0.843946,-0.493701,0.209797
169,423,10848,27104,8,center,32.747,0.747,6.000,16565.845,19257.839,65275.004,-0.869720,-0.381328,0.313332
169,424,10848,27168,8,center,32.759,0.759,7.953,16541.738,19308.444,65261.754,-0.892773,-0.285241,0.348705
169,425,10848,27232,8,center,34.362,2.362,5.984,16521.718,19360.298,65248.053,-0.924430,-0.217857,0.312997
169,426,10848,27296,8,center,35.033,3.033,5.984,16505.824,19413.228,65234.100,-0.945369,-0.172183,0.276822
169,427,10848,27360,8,center,36.000,4.000,5.969,16491.188,19466.400,65221.218,-0.945149,-0.187214,0.267664
169,428,10848,27424,8,center,34.982,2.982,4.000,16483.188,19521.180,65207.154,-0.976304,-0.043428,0.212001
169,429,10848,27488,8,center,31.303,-0.697,4.000,16477.532,19577.290,65193.643,-0.961760,-0.042760,0.270536
169,430,10848,27552,8,center,31.311,-0.689,4.000,16473.603,19635.095,65179.848,-0.950178,0.007518,0.311618
169,431,10848,27616,8,center,32.298,0.298,4.000,16467.275,19693.968,65166.768,-0.914617,-0.021118,0.403769
169,432,10848,27680,8,center,32.747,0.747,4.000,16460.477,19753.026,65153.698,-0.904249,-0.018728,0.426595
170,300,10912,19232,9,center,34.178,2.178,4.000,16762.494,20958.756,64861.571,-0.235361,0.940062,-0.246755
170,301,10912,19296,9,center,47.156,15.156,4.016,16821.723,20966.535,64855.333,-0.022572,0.879865,-0.474688
170,302,10912,19360,9,center,47.118,15.118,5.969,16882.090,20962.041,64854.207,0.128864,0.847369,-0.515131
170,303,10912,19424,9,block_,43.627,11.627,4.652,16942.224,20953.830,64854.390,0.091470,0.808058,-0.581958
170,315,10912,20192,9,block_,26.086,-5.914,4.000,17675.938,20899.900,64784.902,-0.131863,0.467916,-0.873880
170,316,10912,20256,9,center,26.120,-5.880,3.984,17736.926,20896.367,64773.394,-0.146591,0.467083,-0.871977
170,317,10912,20320,9,center,26.905,-5.095,2.016,17797.818,20893.317,64760.092,-0.136286,0.526800,-0.838992
170,318,10912,20384,9,center,35.738,3.738,2.031,17859.437,20887.480,64749.734,-0.031116,0.533573,-0.845181
170,319,10912,20448,9,block_,35.338,3.338,3.456,17921.491,20876.344,64744.984,0.089298,0.534544,-0.840410
170,326,10912,20896,9,block_,33.999,1.999,4.000,18320.176,20706.163,64802.005,0.401316,0.746888,-0.530191
170,327,10912,20960,9,center,34.026,2.026,4.000,18377.105,20682.742,64808.919,0.316198,0.866180,-0.386976
170,328,10912,21024,9,center,34.045,2.045,4.000,18436.083,20663.375,64812.042,0.345068,0.860043,-0.375838
170,329,10912,21088,9,center,34.108,2.108,4.016,18492.885,20639.091,64818.072,0.440290,0.837451,-0.323759
170,330,10912,21152,9,center,42.155,10.155,5.984,18549.339,20613.821,64824.515,0.386632,0.820701,-0.420672
170,331,10912,21216,9,block_,42.327,10.327,5.663,18605.013,20586.887,64832.439,0.459180,0.756659,-0.465425
170,341,10912,21856,9,block_,33.993,1.993,4.000,19088.508,20210.297,64952.760,0.848640,0.521212,-0.090267
170,342,10912,21920,9,center,33.965,1.965,4.000,19122.550,20160.860,64969.817,0.817983,0.553534,-0.156538
170,343,10912,21984,9,center,28.345,-3.655,4.000,19157.371,20112.271,64986.913,0.817279,0.575273,-0.033403
170,344,10912,22048,9,center,29.890,-2.110,4.000,19190.272,20062.189,65003.310,0.885570,0.462742,0.040433
170,345,10912,22112,9,center,34.013,2.013,4.000,19217.343,20008.610,65019.998,0.856464,0.499032,0.132045
170,407,10912,26080,8,block_,32.696,0.696,4.000,17204.709,18528.237,65379.633,-0.720259,-0.627829,0.295057
170,408,10912,26144,8,center,32.667,0.667,4.016,17162.443,18572.773,65369.095,-0.746643,-0.608125,0.269646
170,409,10912,26208,8,center,31.138,-0.862,5.969,17122.282,18618.836,65358.110,-0.760105,-0.598363,0.253380
170,410,10912,26272,8,center,28.156,-3.844,4.016,17082.054,18664.697,65347.518,-0.744252,-0.570034,0.348066
170,411,10912,26336,8,center,31.174,-0.826,4.000,17041.206,18710.033,65337.299,-0.714289,-0.552247,0.429900
170,412,10912,26400,8,center,32.747,0.747,4.000,17000.454,18755.684,65327.076,-0.687466,-0.530390,0.496061
170,413,10912,26464,8,block_,32.747,0.747,4.432,16958.539,18800.542,65317.357,-0.714392,-0.517664,0.470816
170,423,10912,27104,8,block_,32.747,0.747,4.719,16550.967,19236.614,65222.638,-0.777702,-0.402789,0.482638
170,424,10912,27168,8,center,32.747,0.747,4.000,16519.879,19286.295,65213.156,-0.754083,-0.280272,0.593976
170,425,10912,27232,8,center,32.747,0.747,4.000,16497.294,19339.619,65200.069,-0.799017,-0.159486,0.579772
170,426,10912,27296,8,center,32.747,0.747,4.000,16480.138,19393.931,65186.498,-0.869729,-0.075643,0.487699
170,427,10912,27360,8,center,32.732,0.732,4.000,16468.818,19449.177,65171.399,-0.902235,-0.013511,0.431032
170,428,10912,27424,8,center,30.882,-1.118,4.000,16461.018,19505.309,65156.310,-0.892837,-0.014012,0.450162
170,429,10912,27488,8,center,30.882,-1.118,4.000,16453.367,19562.215,65142.372,-0.869218,0.009811,0.494331
170,430,10912,27552,8,center,30.883,-1.117,4.000,16446.335,19620.169,65128.629,-0.825789,0.009193,0.563905
170,431,10912,27616,8,center,31.782,-0.218,4.000,16436.839,19679.065,65116.779,-0.790146,-0.027130,0.612318
170,432,10912,27680,8,center,32.747,0.747,4.000,16426.312,19738.416,65105.865,-0.801789,-0.014650,0.597427
171,300,10976,19232,9,center,38.133,6.133,4.000,16758.368,20939.464,64804.475,-0.105358,0.890649,-0.442317
171,301,10976,19296,9,center,46.463,14.463,4.000,16818.800,20938.643,64801.807,-0.002352,0.907610,-0.419807
171,302,10976,19360,9,center,46.985,14.985,4.000,16878.700,20934.586,64800.548,0.124843,0.918592,-0.374970
171,303,10976,19424,9,block_,38.641,6.641,4.000,16938.672,20927.970,64800.269,0.096830,0.961304,-0.257910
171,315,10976,20192,9,block_,26.081,-5.919,4.000,17667.023,20848.394,64752.445,-0.061841,0.683009,-0.727787
171,316,10976,20256,9,center,24.376,-7.624,4.000,17727.409,20845.301,64740.407,-0.100140,0.649853,-0.753434
171,317,10976,20320,9,center,24.435,-7.565,4.000,17787.795,20840.415,64729.283,-0.132591,0.598844,-0.789813
171,318,10976,20384,9,center,34.006,2.006,4.000,17848.069,20835.730,64716.956,-0.032467,0.569312,-0.821480
171,319,10976,20448,9,block_,34.046,2.046,3.998,17908.805,20824.955,64710.985,0.061222,0.552070,-0.831547
171,326,10976,20896,9,block_,33.276,1.276,4.000,18313.111,20674.073,64749.795,0.304718,0.773565,-0.555648
171,327,10976,20960,9,center,31.647,-0.353,4.000,18371.962,20655.826,64753.054,0.256137,0.819985,-0.511878
171,328,10976,21024,9,center,34.001,2.001,4.000,18431.341,20638.056,64755.394,0.294335,0.837316,-0.460727
171,329,10976,21088,9,center,34.045,2.045,4.000,18489.832,20616.998,64759.772,0.375413,0.818444,-0.434988
171,330,10976,21152,9,center,34.045,2.045,4.000,18546.413,20591.439,64766.495,0.447304,0.816442,-0.365159
171,341,10976,21856,9,center,34.010,2.010,4.000,19090.712,20191.320,64893.079,0.861649,0.472606,-0.184943
171,342,10976,21920,9,center,29.507,-2.493,4.000,19123.177,20140.648,64910.842,0.844092,0.505471,-0.178905
171,343,10976,21984,9,center,23.360,-8.640,4.000,19157.649,20091.579,64928.530,0.804702,0.534706,-0.257961
171,344,10976,22048,9,center,23.746,-8.254,4.000,19197.776,20046.732,64944.387,0.768014,0.598349,-0.228326
171,345,10976,22112,9,block_,29.327,-2.673,4.000,19234.303,19998.690,64962.612,0.820334,0.542866,-0.179859
171,404,10976,25888,8,block_,32.747,0.747,4.000,17320.963,18369.744,65356.131,-0.735450,-0.616335,0.281504
171,405,10976,25952,8,block_,32.659,0.659,4.000,17279.585,18415.371,65344.519,-0.726157,-0.631908,0.270904
171,406,10976,26016,8,center,32.730,0.730,4.000,17236.103,18459.248,65333.774,-0.716324,-0.613560,0.332302
171,407,10976,26080,8,center,32.666,0.666,3.984,17193.288,18504.204,65322.998,-0.720346,-0.561436,0.407296
171,408,10976,26144,8,center,32.286,0.286,3.984,17152.236,18550.354,65311.947,-0.753983,-0.549307,0.360239
171,409,10976,26208,8,center,32.670,0.670,4.000,17112.656,18597.119,65300.806,-0.734954,-0.577125,0.356048
171,410,10976,26272,8,center,31.173,-0.827,5.969,17070.850,18641.865,65291.042,-0.705697,-0.611985,0.357025
171,411,10976,26336,8,center,32.747,0.747,4.000,17028.264,18685.964,65281.681,-0.724140,-0.592978,0.352135
171,412,10976,26400,8,center,32.747,0.747,4.000,16985.726,18730.153,65272.423,-0.692989,-0.629983,0.350553
171,424,10976,27168,8,block_,32.747,0.747,4.000,16498.203,19264.353,65161.533,-0.827244,-0.320390,0.461539
171,425,10976,27232,8,center,32.747,0.747,4.000,16472.315,19318.327,65150.298,-0.878014,-0.230990,0.419207
171,426,10976,27296,8,center,32.747,0.747,4.000,16456.573,19374.643,65135.809,-0.908838,-0.093359,0.406568
171,427,10976,27360,8,center,32.737,0.737,4.000,16444.997,19431.348,65120.481,-0.906996,-0.055230,0.417501
171,428,10976,27424,8,center,31.559,-0.441,4.000,16435.425,19488.421,65105.574,-0.872814,-0.048973,0.485590
171,429,10976,27488,8,center,31.555,-0.445,4.000,16425.171,19546.137,65091.823,-0.853732,-0.028870,0.519912
171,430,10976,27552,8,center,30.905,-1.095,4.000,16414.142,19604.578,65079.500,-0.828687,-0.049785,0.557494
171,431,10976,27616,8,center,32.747,0.747,4.000,16402.352,19663.820,65068.346,-0.820651,-0.054367,0.568838
171,432,10976,27680,8,block_,32.701,0.701,4.000,16393.357,19723.642,65055.878,-0.854501,0.019150,0.519096
172,300,11040,19232,9,center,39.798,7.798,4.000,16756.407,20913.546,64749.909,-0.125058,0.935735,-0.329789
172,301,11040,19296,9,center,41.327,9.327,4.000,16816.144,20917.767,64745.762,-0.065902,0.957622,-0.280386
172,302,11040,19360,9,center,37.700,5.700,4.000,16876.077,20919.007,64742.787,-0.023054,0.983855,-0.177478
172,303,11040,19424,9,block_,35.486,3.486,4.000,16936.337,20917.313,64740.708,0.050005,0.985775,-0.160461
172,315,11040,20192,9,center,29.640,-2.360,4.000,17656.833,20814.207,64703.373,0.031948,0.858820,-0.511281
172,316,11040,20256,9,center,26.365,-5.635,4.000,17716.664,20805.226,64696.257,0.030915,0.833305,-0.551948
172,317,11040,20320,9,center,24.396,-7.604,4.016,17776.320,20798.461,64686.704,0.018305,0.742635,-0.669446
172,318,11040,20384,9,center,29.089,-2.911,4.000,17836.010,20788.196,64680.037,0.041438,0.654616,-0.754825
172,319,11040,20448,9,block_,32.289,0.289,4.000,17896.082,20775.973,64675.054,0.080865,0.625627,-0.775920
172,326,11040,20896,9,center,31.616,-0.384,4.000,18305.104,20639.789,64699.206,0.255921,0.792827,-0.553110
172,327,11040,20960,9,center,28.367,-3.633,4.016,18364.296,20622.938,64701.466,0.243391,0.758348,-0.604706
172,328,11040,21024,9,center,28.408,-3.592,4.000,18423.783,20606.083,64702.956,0.232031,0.766066,-0.599420
172,329,11040,21088,9,center,33.992,1.992,4.000,18482.586,20586.269,64706.113,0.331999,0.744853,-0.578766
172,330,11040,21152,9,center,34.045,2.045,4.000,18540.029,20562.710,64711.676,0.382765,0.748012,-0.542189
172,341,11040,21856,9,center,34.000,2.000,4.000,19086.870,20168.003,64834.845,0.768466,0.516969,-0.377097
172,342,11040,21920,9,center,28.345,-3.655,4.000,19123.659,20119.733,64851.837,0.825462,0.503197,-0.255745
172,343,11040,21984,9,center,23.704,-8.296,4.000,19157.823,20070.467,64869.887,0.840716,0.490052,-0.230317
172,344,11040,22048,9,center,23.811,-8.189,4.000,19193.236,20022.447,64887.348,0.797228,0.518670,-0.308884
172,345,11040,22112,9,block_,30.716,-1.284,4.000,19229.651,19974.565,64904.598,0.817172,0.508759,-0.270914
172,403,11040,25824,8,block_,32.747,0.747,4.000,17363.835,18309.883,65306.747,-0.663686,-0.746799,0.042564
172,404,11040,25888,8,center,32.747,0.747,4.000,17319.451,18353.197,65295.709,-0.739309,-0.663715,0.113597
172,405,11040,25952,8,center,32.730,0.730,4.000,17277.798,18398.763,65284.408,-0.727979,-0.677584,0.104534
172,406,11040,26016,8,center,30.667,-1.333,3.984,17234.732,18442.983,65273.532,-0.707359,-0.703169,0.072086
172,407,11040,26080,8,center,31.092,-0.908,2.016,17189.530,18486.339,65263.149,-0.751516,-0.657692,-0.051635
172,408,11040,26144,8,center,32.289,0.289,2.000,17151.431,18535.695,65252.050,-0.759942,-0.649810,-0.015360
172,409,11040,26208,8,center,32.682,0.682,2.016,17109.929,18581.397,65241.475,-0.737936,-0.674650,0.017248
172,410,11040,26272,8,center,32.637,0.637,3.984,17067.248,18625.664,65231.756,-0.710561,-0.700215,0.069296
172,411,11040,26336,8,center,32.840,0.840,4.000,17024.707,18670.075,65222.384,-0.748525,-0.660213,0.061874
172,412,11040,26400,8,block_,32.747,0.747,4.000,16983.046,18715.096,65212.913,-0.726930,-0.682696,0.074154
172,426,11040,27296,8,block_,32.747,0.747,4.000,16436.964,19356.098,65081.751,-0.925622,-0.145394,0.349406
172,427,11040,27360,8,center,32.745,0.745,4.000,16420.912,19413.150,65068.433,-0.871077,-0.122183,0.475706
172,428,11040,27424,8,center,32.602,0.602,4.000,16406.882,19470.725,65055.510,-0.847527,-0.089885,0.523086
172,429,11040,27488,8,center,32.747,0.747,4.000,16393.243,19529.031,65043.139,-0.820979,-0.069686,0.566690
172,430,11040,27552,8,center,32.747,0.747,4.000,16380.729,19588.007,65030.644,-0.827184,-0.038169,0.560633
172,431,11040,27616,8,center,32.747,0.747,4.000,16369.978,19647.857,65017.900,-0.839533,-0.023737,0.542790
173,300,11104,19232,9,center,37.753,5.753,4.000,16753.323,20898.652,64691.779,-0.135801,0.969390,-0.204551
173,301,11104,19296,9,center,37.738,5.738,4.000,16813.301,20902.761,64687.645,-0.083577,0.975200,-0.204936
173,302,11104,19360,9,center,35.349,3.349,4.000,16873.374,20906.651,64683.911,-0.037314,0.970305,-0.238991
173,303,11104,19424,9,block_,34.359,2.359,4.000,16933.699,20905.269,64681.460,0.031528,0.970374,-0.239540
173,314,11104,20128,9,block_,32.081,0.081,4.175,17586.823,20789.654,64660.510,0.036998,0.766510,-0.641166
173,315,11104,20192,9,center,30.566,-1.434,4.016,17646.247,20781.118,64653.788,0.061933,0.786033,-0.615075
173,316,11104,20256,9,center,24.358,-7.642,4.031,17705.428,20770.895,64647.732,0.082318,0.770989,-0.631505
173,317,11104,20320,9,center,24.410,-7.590,5.984,17764.410,20758.890,64642.483,0.100062,0.734629,-0.671050
173,318,11104,20384,9,center,29.089,-2.911,4.000,17823.733,20746.202,64637.413,0.108896,0.713652,-0.691984
173,319,11104,20448,9,block_,31.820,-0.180,4.000,17883.529,20732.344,64633.285,0.117656,0.690229,-0.713961
173,326,11104,20896,9,center,30.065,-1.935,4.016,18297.531,20606.001,64648.619,0.322186,0.736538,-0.594734
173,327,11104,20960,9,center,27.281,-4.719,5.969,18354.863,20585.158,64653.993,0.301617,0.713380,-0.632547
173,328,11104,21024,9,center,26.842,-5.158,4.000,18413.228,20566.618,64656.791,0.232754,0.689644,-0.685723
173,329,11104,21088,9,center,27.326,-4.674,4.000,18471.624,20547.367,64659.250,0.291306,0.690995,-0.661564
173,330,11104,21152,9,center,34.045,2.045,4.000,18528.926,20525.068,64663.845,0.338915,0.665183,-0.665333
173,341,11104,21856,9,center,34.010,2.010,4.000,19072.127,20137.168,64782.299,0.658950,0.440725,-0.609546
173,342,11104,21920,9,center,29.543,-2.457,4.000,19113.101,20091.807,64796.996,0.733385,0.407159,-0.544397
173,343,11104,21984,9,center,24.493,-7.507,4.000,19148.086,20043.321,64815.101,0.796993,0.383232,-0.466835
173,344,11104,22048,9,center,24.989,-7.011,4.016,19183.411,19995.442,64832.653,0.779312,0.417090,-0.467663
173,345,11104,22112,9,block_,31.145,-0.855,4.002,19219.090,19947.623,64849.634,0.758165,0.402107,-0.513319
173,402,11104,25760,8,block_,34.345,2.345,4.000,17414.714,18257.269,65255.226,-0.685269,-0.700203,0.200304
173,403,11104,25824,8,center,32.774,0.774,4.000,17367.890,18298.731,65244.755,-0.677146,-0.712282,0.184735
173,404,11104,25888,8,center,32.747,0.747,4.000,17324.135,18342.513,65234.036,-0.745679,-0.657918,0.105395
173,405,11104,25952,8,center,32.708,0.708,4.000,17283.100,18388.686,65222.703,-0.762743,-0.646580,0.012552
173,406,11104,26016,8,center,27.842,-4.158,4.000,17243.184,18436.229,65211.861,-0.760474,-0.649367,0.001225
173,407,11104,26080,8,center,30.694,-1.306,3.984,17201.909,18482.870,65201.068,-0.752022,-0.658687,0.024389
173,408,11104,26144,8,center,32.573,0.573,2.016,17160.380,18529.402,65190.049,-0.728565,-0.684736,0.018161
173,409,11104,26208,8,center,32.842,0.842,2.000,17117.175,18574.358,65179.540,-0.725719,-0.686701,0.042113
173,410,11104,26272,8,center,38.951,6.951,2.016,17073.526,18618.665,65169.989,-0.703308,-0.710050,0.034461
173,411,11104,26336,8,center,44.712,12.712,3.984,17029.082,18661.570,65161.120,-0.710162,-0.699247,0.081991
173,412,11104,26400,8,block_,35.615,3.615,4.000,16986.171,18705.325,65151.909,-0.727362,-0.677426,0.109717
173,426,11104,27296,8,block_,32.747,0.747,4.000,16425.119,19340.065,65024.785,-0.907982,-0.407446,0.097759
173,427,11104,27360,8,center,32.747,0.747,4.000,16398.799,19394.984,65014.129,-0.930783,-0.291941,0.220028
173,428,11104,27424,8,center,32.747,0.747,4.000,16381.751,19453.758,65002.421,-0.947360,-0.170529,0.270976
173,429,11104,27488,8,center,32.747,0.747,4.000,16365.343,19512.099,64991.728,-0.898526,-0.270228,0.345874
173,430,11104,27552,8,block_,32.747,0.747,4.000,16347.191,19570.658,64981.157,-0.871714,-0.098874,0.479936
173,431,11104,27616,8,block_,32.747,0.747,4.000,16334.633,19631.231,64969.205,-0.849778,-0.038148,0.525758
174,300,11168,19232,9,center,34.862,2.862,4.000,16749.984,20886.535,64632.506,-0.160993,0.964413,-0.209737
174,301,11168,19296,9,center,35.349,3.349,4.000,16810.099,20892.836,64628.079,-0.080602,0.984390,-0.156459
174,302,11168,19360,9,center,34.704,2.704,4.000,16870.472,20893.509,64624.995,0.024528,0.981605,-0.189340
174,303,11168,19424,9,center,34.045,2.045,4.000,16930.865,20891.612,64622.541,0.024825,0.979793,-0.198468
174,304,11168,19488,9,block_,34.045,2.045,4.000,16991.056,20887.708,64620.621,0.097746,0.967761,-0.232131
174,313,11168,20064,9,block_,32.459,0.459,4.000,17518.568,20770.414,64614.286,0.288194,0.886462,-0.362117
174,314,11168,20128,9,center,30.478,-1.522,4.016,17576.745,20754.996,64612.471,0.180351,0.862533,-0.472769
174,315,11168,20192,9,center,29.527,-2.473,5.984,17635.332,20743.572,64608.317,0.108218,0.790925,-0.602268
174,316,11168,20256,9,center,24.099,-7.901,6.000,17693.663,20732.176,64603.488,0.110018,0.731798,-0.672583
174,317,11168,20320,9,center,26.136,-5.864,5.984,17751.956,20718.867,64598.987,0.108930,0.697743,-0.708018
174,318,11168,20384,9,center,29.128,-2.872,4.000,17810.926,20705.337,64593.866,0.086884,0.688766,-0.719758
174,323,11168,20704,9,block_,33.298,1.298,4.000,18110.766,20618.272,64597.045,0.186081,0.534336,-0.824536
174,324,11168,20768,9,block_,32.260,0.260,4.016,18170.288,20601.696,64598.427,0.162760,0.564955,-0.808910
174,325,11168,20832,9,block_,31.980,-0.020,5.391,18229.695,20585.723,64599.164,0.183726,0.603053,-0.776255
174,326,11168,20896,9,center,30.096,-1.904,4.016,18288.246,20567.991,64601.456,0.280699,0.677877,-0.679478
174,327,11168,20960,9,center,28.385,-3.615,4.016,18344.790,20546.121,64608.457,0.340757,0.644038,-0.684909
174,328,11168,21024,9,center,25.765,-6.235,4.000,18402.135,20526.553,64611.905,0.228590,0.708300,-0.667876
174,329,11168,21088,9,center,26.904,-5.096,4.000,18460.315,20508.514,64613.171,0.300161,0.654207,-0.694202
174,330,11168,21152,9,center,34.045,2.045,4.000,18515.978,20484.231,64619.773,0.343949,0.601441,-0.721088
174,341,11168,21856,9,center,34.027,2.027,4.000,19047.992,20100.373,64738.425,0.564076,0.388910,-0.728401
174,342,11168,21920,9,center,31.733,-0.267,4.000,19088.130,20055.749,64753.037,0.642416,0.332273,-0.690577
174,343,11168,21984,9,center,26.274,-5.726,4.016,19126.934,20010.106,64767.779,0.692877,0.285001,-0.662341
174,344,11168,22048,9,center,31.814,-0.186,5.969,19161.707,19962.487,64785.490,0.721901,0.288773,-0.628864
174,345,11168,22112,9,center,34.045,2.045,4.000,19197.446,19915.167,64801.685,0.696474,0.329312,-0.637556
174,401,11168,25696,8,block_,36.185,4.185,4.000,17461.561,18199.312,65204.240,-0.527113,-0.842067,0.114343
174,402,11168,25760,8,center,39.267,7.267,4.000,17409.851,18237.012,65194.902,-0.664462,-0.717607,0.208640
174,403,11168,25824,8,center,36.267,4.267,4.016,17365.566,18281.503,65184.235,-0.733628,-0.646747,0.208587
174,404,11168,25888,8,center,32.747,0.747,4.016,17322.869,18326.904,65173.154,-0.772723,-0.602937,0.198410
174,405,11168,25952,8,center,32.704,0.704,4.016,17284.400,18375.654,65161.530,-0.767176,-0.576465,0.281299
174,406,11168,26016,8,center,27.356,-4.644,4.000,17243.907,18422.734,65150.874,-0.752687,-0.582679,0.306511
174,407,11168,26080,8,center,29.889,-2.111,4.000,17203.312,18469.540,65139.380,-0.777871,-0.590715,0.214412
174,408,11168,26144,8,center,32.632,0.632,3.984,17163.350,18517.446,65127.665,-0.763969,-0.624573,0.162050
174,409,11168,26208,8,center,38.905,6.905,2.016,17120.914,18564.261,65116.765,-0.714438,-0.687463,0.130279
174,410,11168,26272,8,center,44.773,12.773,2.016,17074.655,18607.095,65108.230,-0.683322,-0.696673,0.218441
174,411,11168,26336,8,center,46.047,14.047,2.031,17029.204,18649.315,65100.152,-0.686507,-0.688751,0.233090
174,412,11168,26400,8,block_,42.644,10.644,3.334,16984.859,18691.681,65091.750,-0.706069,-0.664988,0.243430
175,300,11232,19232,9,block_,34.222,2.222,4.000,16746.749,20874.663,64573.180,-0.194532,0.977070,-0.086558
175,301,11232,19296,9,center,34.045,2.045,4.000,16807.016,20882.700,64568.376,-0.075840,0.991699,-0.103835
175,302,11232,19360,9,center,34.045,2.045,4.000,16867.638,20883.521,64565.194,0.040628,0.993198,-0.109120
175,303,11232,19424,9,center,34.045,2.045,4.000,16928.273,20881.896,64562.871,0.000939,0.996971,-0.077768
175,304,11232,19488,9,center,34.054,2.054,4.000,16988.309,20876.608,64561.295,0.119674,0.986396,-0.112700
175,312,11232,20000,9,block_,33.299,1.299,4.000,17458.605,20780.181,64555.785,0.322479,0.946285,-0.023497
175,313,11232,20064,9,center,33.966,1.966,4.000,17515.162,20760.281,64556.168,0.339235,0.940678,0.006668
175,314,11232,20128,9,center,29.524,-2.476,4.000,17571.423,20739.613,64555.658,0.322344,0.945514,-0.045799
175,315,11232,20192,9,center,29.446,-2.554,4.016,17628.027,20720.705,64555.103,0.290609,0.948728,-0.124343
175,316,11232,20256,9,center,24.041,-7.959,5.984,17685.220,20705.488,64553.771,0.303656,0.935034,-0.183045
175,317,11232,20320,9,center,29.198,-2.802,5.969,17740.274,20684.124,64552.480,0.264929,0.894490,-0.360140
175,318,11232,20384,9,block_,32.151,0.151,4.484,17797.501,20665.150,64550.476,0.251142,0.795964,-0.550790
175,322,11232,20640,9,block_,34.045,2.045,4.000,18039.237,20588.372,64556.162,0.253210,0.662628,-0.704847
175,323,11232,20704,9,center,34.021,2.021,4.000,18099.105,20572.140,64558.636,0.253678,0.698672,-0.668958
175,324,11232,20768,9,center,31.074,-0.926,4.016,18158.404,20555.603,64560.337,0.169704,0.731139,-0.660785
175,325,11232,20832,9,center,32.997,0.997,6.000,18217.434,20539.003,64561.514,0.183381,0.617015,-0.765287
175,326,11232,20896,9,center,32.991,0.991,6.000,18276.420,20522.966,64562.534,0.191657,0.570756,-0.798439
175,327,11232,20960,9,center,32.128,0.128,5.984,18333.691,20504.321,64566.406,0.247047,0.610674,-0.752359
175,328,11232,21024,9,center,26.828,-5.172,4.016,18390.707,20486.255,64568.911,0.302918,0.619780,-0.723957
175,329,11232,21088,9,center,26.885,-5.115,4.000,18445.775,20463.557,64575.359,0.300345,0.579533,-0.757585
175,330,11232,21152,9,center,34.045,2.045,4.000,18501.167,20440.608,64580.547,0.331185,0.568610,-0.752993
175,341,11232,21856,9,center,33.970,1.970,4.000,19021.779,20062.766,64697.558,0.558635,0.398680,-0.727311
175,342,11232,21920,9,center,29.129,-2.871,4.000,19062.536,20019.471,64710.576,0.669485,0.336716,-0.662127
175,343,11232,21984,9,center,26.263,-5.737,4.000,19100.601,19974.433,64725.913,0.691377,0.338925,-0.638066
175,344,11232,22048,9,center,31.780,-0.220,4.016,19135.728,19927.843,64742.448,0.729772,0.300506,-0.614108
175,345,11232,22112,9,center,34.045,2.045,4.000,19171.322,19881.107,64758.014,0.679947,0.344173,-0.647470
175,401,11232,25696,8,block_,36.401,4.401,4.034,17470.297,18198.630,65140.773,-0.355997,-0.914150,-0.193899
175,402,11232,25760,8,center,40.945,8.945,4.031,17414.676,18229.237,65131.691,-0.515384,-0.856095,-0.038483
175,403,11232,25824,8,center,36.304,4.304,6.000,17363.307,18265.635,65123.149,-0.595185,-0.780927,0.189493
175,404,11232,25888,8,center,32.767,0.767,6.000,17312.474,18303.636,65116.051,-0.693736,-0.593150,0.408537
175,405,11232,25952,8,center,32.745,0.745,5.984,17271.711,18352.115,65105.045,-0.737642,-0.523075,0.426938
175,406,11232,26016,8,center,29.901,-2.099,4.016,17233.142,18399.988,65093.595,-0.764764,-0.522897,0.376450
175,407,11232,26080,8,center,31.443,-0.557,4.016,17195.939,18448.694,65080.703,-0.754481,-0.478490,0.449228
175,408,11232,26144,8,center,34.108,2.108,4.016,17155.561,18496.418,65068.113,-0.724923,-0.486404,0.487747
175,409,11232,26208,8,center,38.882,6.882,4.000,17110.713,18541.948,65058.911,-0.574725,-0.531508,0.622246
175,410,11232,26272,8,center,40.687,8.687,4.000,17062.987,18584.520,65052.026,-0.552062,-0.505076,0.663420
175,411,11232,26336,8,center,45.703,13.703,4.000,17017.319,18626.501,65044.315,-0.620569,-0.565458,0.543279
175,412,11232,26400,8,block_,39.367,7.367,3.919,16972.942,18668.797,65037.121,-0.617038,-0.527316,0.584125
176,301,11296,19296,9,center,34.045,2.045,4.000,16803.594,20878.210,64507.298,-0.115210,0.991372,-0.062523
176,302,11296,19360,9,center,34.071,2.071,4.016,16865.063,20882.616,64504.236,-0.005527,0.998934,-0.045820
176,303,11296,19424,9,center,34.113,2.113,4.016,16926.094,20878.378,64502.462,0.100802,0.988511,-0.112626
176,304,11296,19488,9,center,35.247,3.247,4.000,16986.283,20871.448,64501.078,0.062809,0.991580,-0.113245
176,305,11296,19552,9,center,34.109,2.109,4.000,17046.625,20867.579,64499.608,0.090913,0.992220,-0.085051
176,306,11296,19616,9,block_,35.368,3.368,4.000,17106.553,20860.047,64498.530,0.144386,0.989513,-0.004083
176,310,11296,19872,9,block_,34.045,2.045,4.000,17341.649,20807.714,64495.672,0.251127,0.965790,-0.064689
176,311,11296,19936,9,block_,34.045,2.045,4.000,17399.792,20791.738,64495.594,0.261730,0.963229,-0.060722
176,312,11296,20000,9,center,34.001,2.001,4.000,17458.499,20778.838,64495.817,0.198542,0.979842,0.022131
176,313,11296,20064,9,center,28.351,-3.649,4.016,17516.640,20764.971,64496.564,0.208189,0.961898,0.177227
176,314,11296,20128,9,center,23.649,-8.351,4.016,17574.481,20749.323,64497.233,0.246086,0.932186,0.265464
176,315,11296,20192,9,center,23.726,-8.274,4.000,17632.294,20733.390,64498.170,0.273037,0.902860,0.332106
176,316,11296,20256,9,center,28.166,-3.834,4.000,17688.215,20712.370,64497.823,0.385535,0.847760,0.364233
176,317,11296,20320,9,block_,31.794,-0.206,4.484,17742.054,20686.211,64497.059,0.440914,0.823697,0.356536
176,322,11296,20640,9,block_,34.045,2.045,4.000,18034.870,20563.135,64503.423,0.330183,0.943525,0.027192
176,323,11296,20704,9,center,34.015,2.015,4.000,18094.596,20547.609,64506.178,0.335205,0.942103,-0.008924
176,324,11296,20768,9,center,30.262,-1.738,4.016,18152.226,20527.309,64509.819,0.318647,0.943543,-0.090502
176,325,11296,20832,9,center,33.901,1.901,6.000,18209.864,20506.179,64514.210,0.386829,0.916745,-0.099709
176,326,11296,20896,9,center,33.895,1.895,6.000,18268.146,20487.837,64517.286,0.208965,0.952994,-0.219399
176,327,11296,20960,9,center,32.147,0.147,6.000,18324.810,20469.318,64520.611,0.347687,0.884989,-0.309690
176,328,11296,21024,9,center,24.364,-7.636,5.984,18381.226,20450.801,64523.505,0.310220,0.856207,-0.413126
176,329,11296,21088,9,center,24.439,-7.561,4.000,18436.189,20429.017,64528.614,0.416712,0.801495,-0.428902
176,330,11296,21152,9,center,34.045,2.045,4.000,18489.670,20403.209,64535.665,0.434251,0.738669,-0.515552
176,341,11296,21856,9,center,29.384,-2.616,4.000,18995.980,20025.864,64656.497,0.650914,0.422895,-0.630453
176,342,11296,21920,9,center,24.800,-7.200,4.000,19038.123,19983.851,64668.038,0.593823,0.468486,-0.654137
176,343,11296,21984,9,center,24.820,-7.180,4.016,19079.090,19941.546,64680.097,0.723229,0.413039,-0.553479
176,344,11296,22048,9,center,27.448,-4.552,5.969,19115.489,19896.191,64695.192,0.760519,0.397965,-0.513064
176,345,11296,22112,9,center,34.045,2.045,4.000,19151.116,19850.324,64710.539,0.758400,0.444758,-0.476466
176,401,11296,25696,8,block_,37.084,5.084,4.562,17484.686,18209.912,65079.488,-0.350380,-0.891107,-0.288379
176,402,11296,25760,8,center,42.598,10.598,5.984,17426.726,18235.048,65070.198,-0.354561,-0.865084,-0.354847
176,403,11296,25824,8,center,40.881,8.881,6.000,17372.366,18267.787,65063.203,-0.505634,-0.784870,-0.358209
176,404,11296,25888,8,center,35.379,3.379,6.000,17321.478,18304.542,65056.467,-0.546170,-0.813383,-0.200263
176,405,11296,25952,8,center,35.368,3.368,5.984,17270.737,18339.230,65046.725,-0.603218,-0.797111,-0.027246
176,406,11296,26016,8,center,34.049,2.049,5.984,17224.237,18377.909,65036.528,-0.610966,-0.694774,0.379486
176,407,11296,26080,8,center,37.181,5.181,6.000,17175.866,18417.093,65030.016,-0.591167,-0.540641,0.598522
176,408,11296,26144,8,center,40.025,8.025,5.984,17129.677,18461.419,65021.959,-0.524389,-0.510310,0.681616
176,409,11296,26208,8,center,40.006,8.006,4.000,17080.722,18502.474,65018.418,-0.538895,-0.479418,0.692640
176,410,11296,26272,8,center,39.908,7.908,4.000,17034.780,18546.805,65008.780,-0.580015,-0.446470,0.681357
176,411,11296,26336,8,center,32.747,0.747,4.000,16992.186,18592.917,64998.857,-0.656428,-0.392569,0.644199
177,301,11360,19296,9,block_,34.904,2.904,4.516,16801.053,20869.141,64446.153,-0.142916,0.946507,-0.289309
177,302,11360,19360,9,center,37.408,5.408,6.000,16862.825,20872.211,64443.506,0.020325,0.969585,-0.243909
177,303,11360,19424,9,center,41.666,9.666,5.984,16923.854,20868.555,64442.436,0.097992,0.969581,-0.224299
177,304,11360,19488,9,center,43.135,11.135,4.016,16984.026,20860.147,64441.881,0.135731,0.966612,-0.217346
177,305,11360,19552,9,center,42.269,10.269,4.000,17044.305,20854.874,64440.670,-0.014432,0.985996,-0.166141
177,306,11360,19616,9,center,35.240,3.240,4.000,17104.762,20855.333,64438.273,0.042717,0.995007,-0.090204
177,307,11360,19680,9,center,34.082,2.082,4.000,17165.414,20850.804,64436.710,0.151458,0.988198,0.022909
177,308,11360,19744,9,center,34.045,2.045,4.000,17224.899,20839.060,64436.062,0.212272,0.976531,0.036437
177,309,11360,19808,9,center,34.045,2.045,4.000,17283.173,20823.466,64435.767,0.278814,0.959143,0.048037
177,310,11360,19872,9,center,34.045,2.045,4.000,17341.335,20807.546,64435.589,0.236145,0.966635,0.099258
177,311,11360,19936,9,center,34.044,2.044,4.000,17400.567,20795.502,64435.663,0.175714,0.972735,0.151362
177,312,11360,20000,9,center,33.831,1.831,4.016,17460.457,20786.817,64436.517,0.114320,0.962951,0.244248
177,313,11360,20064,9,center,17.621,-14.379,5.984,17520.388,20778.287,64437.900,0.138884,0.952258,0.271877
177,314,11360,20128,9,center,17.695,-14.305,5.969,17580.378,20767.946,64439.993,0.163897,0.925186,0.342298
177,315,11360,20192,9,center,23.161,-8.839,4.000,17639.603,20754.373,64441.997,0.233094,0.895183,0.379887
177,316,11360,20256,9,block_,30.043,-1.957,4.000,17697.263,20735.207,64442.734,0.365544,0.833405,0.414504
177,322,11360,20640,9,block_,34.045,2.045,4.000,18044.590,20583.736,64446.806,0.290465,0.796974,0.529587
177,323,11360,20704,9,center,34.045,2.045,4.000,18103.067,20561.798,64449.337,0.265442,0.799099,0.539426
177,324,11360,20768,9,center,34.072,2.072,4.016,18160.517,20539.032,64451.868,0.335648,0.822233,0.459646
177,325,11360,20832,9,center,36.103,4.103,6.000,18217.567,20515.207,64455.422,0.295263,0.843924,0.447896
177,326,11360,20896,9,center,37.094,5.094,6.016,18273.812,20490.710,64458.926,0.371878,0.853706,0.364545
177,327,11360,20960,9,center,36.970,4.970,6.016,18328.329,20465.546,64462.231,0.419788,0.890276,0.176599
177,328,11360,21024,9,center,24.364,-7.636,5.984,18380.837,20437.618,64466.249,0.462769,0.886390,0.012537
177,329,11360,21088,9,center,24.439,-7.561,4.000,18434.750,20411.018,64471.660,0.440575,0.884795,-0.151759
177,330,11360,21152,9,center,34.045,2.045,4.000,18489.297,20385.300,64478.811,0.450613,0.878645,-0.157895
177,341,11360,21856,9,center,33.973,1.973,4.000,18986.194,20001.133,64603.533,0.775564,0.617951,-0.128988
177,342,11360,21920,9,center,24.898,-7.102,4.000,19026.540,19957.998,64616.123,0.721626,0.656961,-0.218310
177,343,11360,21984,9,center,24.921,-7.079,4.000,19065.494,19914.280,64629.107,0.789602,0.552872,-0.266200
177,344,11360,22048,9,center,29.354,-2.646,4.000,19104.253,19870.376,64642.632,0.745124,0.603546,-0.283764
177,345,11360,22112,9,center,34.045,2.045,4.000,19142.891,19826.380,64656.501,0.788671,0.561326,-0.250821
177,402,11360,25760,8,block_,36.265,4.265,4.983,17439.343,18242.483,65009.125,-0.472721,-0.858338,-0.199475
177,403,11360,25824,8,center,35.358,3.358,5.984,17386.299,18276.719,65003.257,-0.510240,-0.814056,-0.277432
177,404,11360,25888,8,center,32.747,0.747,5.969,17332.959,18307.049,64995.426,-0.409576,-0.882550,-0.230982
177,405,11360,25952,8,center,32.757,0.757,4.000,17277.890,18335.256,64987.354,-0.364606,-0.901993,-0.231238
177,406,11360,26016,8,center,34.065,2.065,4.016,17220.452,18362.037,64978.898,-0.470238,-0.848216,-0.243734
177,407,11360,26080,8,center,40.507,8.507,6.000,17167.333,18399.918,64973.205,-0.588585,-0.786640,-0.186456
177,408,11360,26144,8,center,40.487,8.487,5.984,17116.930,18440.836,64968.196,-0.652369,-0.739752,-0.164871
177,409,11360,26208,8,center,37.956,5.956,4.000,17072.114,18484.661,64961.089,-0.614728,-0.782290,0.100660
177,410,11360,26272,8,center,32.747,0.747,4.000,17023.826,18524.421,64954.473,-0.773516,-0.633751,0.005722
177,411,11360,26336,8,block_,33.800,1.800,4.000,16982.626,18571.049,64943.860,-0.713246,-0.689685,0.124957
178,302,11424,19360,9,block_,39.106,7.106,6.000,16861.429,20851.560,64385.936,-0.048294,0.923512,-0.380518
178,303,11424,19424,9,center,42.645,10.645,5.984,16921.865,20853.647,64383.661,-0.013294,0.970437,-0.240988
178,304,11424,19488,9,center,49.420,17.420,5.969,16981.922,20849.594,64382.498,0.064320,0.985876,-0.154632
178,305,11424,19552,9,center,49.369,17.369,4.000,17042.237,20847.886,64380.749,0.005342,0.990579,-0.136839
178,306,11424,19616,9,center,42.242,10.242,4.000,17102.803,20847.622,64378.681,0.002406,0.964365,-0.264565
178,307,11424,19680,9,center,38.850,6.850,4.000,17164.072,20845.225,64377.032,0.075827,0.934281,-0.348380
178,308,11424,19744,9,center,34.082,2.082,4.000,17224.594,20837.660,64376.020,0.191150,0.966058,-0.173765
178,309,11424,19808,9,center,34.085,2.085,4.016,17283.641,20825.706,64375.796,0.234728,0.970511,-0.054867
178,310,11424,19872,9,center,34.053,2.053,4.016,17342.748,20814.697,64375.721,0.137522,0.982877,0.122642
178,311,11424,19936,9,center,33.959,1.959,4.016,17402.832,20807.691,64376.327,0.063241,0.983760,0.167980
178,312,11424,20000,9,center,22.968,-9.032,4.000,17463.321,20800.285,64377.292,0.176356,0.975385,0.132376
178,313,11424,20064,9,center,17.695,-14.305,4.000,17524.200,20791.430,64378.630,0.101280,0.985156,0.138598
178,314,11424,20128,9,center,21.896,-10.104,4.000,17585.554,20783.761,64381.030,0.156128,0.976790,0.146644
178,315,11424,20192,9,block_,24.480,-7.520,4.191,17646.344,20772.615,64384.049,0.193663,0.959908,0.202659
178,323,11424,20704,9,block_,34.336,2.336,4.000,18118.474,20594.300,64398.373,0.265760,0.773691,0.575130
178,324,11424,20768,9,center,35.483,3.483,4.016,18175.920,20570.076,64400.533,0.329681,0.773016,0.541993
178,325,11424,20832,9,center,36.561,4.561,6.000,18234.024,20544.373,64402.002,0.312070,0.784780,0.535474
178,326,11424,20896,9,center,37.161,5.161,7.984,18288.208,20512.895,64403.585,0.508418,0.727484,0.460736
178,327,11424,20960,9,center,33.970,1.970,7.953,18339.597,20479.082,64404.728,0.516420,0.792429,0.324602
178,328,11424,21024,9,center,24.417,-7.583,5.969,18389.820,20444.398,64406.817,0.535917,0.808104,0.244458
178,329,11424,21088,9,center,24.514,-7.486,4.000,18441.444,20410.574,64410.762,0.528571,0.836750,0.143045
178,330,11424,21152,9,block_,31.380,-0.620,4.000,18495.281,20378.877,64417.783,0.437693,0.891364,0.117878
178,341,11424,21856,9,block_,33.984,1.984,4.000,19004.054,19999.371,64547.645,0.674574,0.576332,0.461294
178,342,11424,21920,9,center,37.399,5.399,4.000,19038.025,19950.550,64559.891,0.693626,0.571546,0.438427
178,343,11424,21984,9,center,35.823,3.823,4.000,19072.515,19902.829,64573.222,0.712914,0.603899,0.356454
178,344,11424,22048,9,center,35.316,3.316,4.000,19106.019,19854.265,64584.946,0.754677,0.653020,0.063464
178,345,11424,22112,9,block_,34.107,2.107,4.000,19144.634,19808.939,64598.728,0.754395,0.652673,-0.070044
178,405,11424,25952,8,block_,32.950,0.950,4.000,17299.331,18362.175,64937.550,-0.299918,-0.653510,-0.694964
178,406,11424,26016,8,block_,33.747,1.747,4.141,17243.760,18392.801,64929.945,-0.266404,-0.671572,-0.691389
178,407,11424,26080,8,block_,40.001,8.001,5.859,17188.690,18424.340,64921.434,-0.268072,-0.651620,-0.709597
178,408,11424,26144,8,block_,40.507,8.507,6.000,17134.321,18455.216,64911.343,-0.266831,-0.681337,-0.681602
178,409,11424,26208,8,block_,37.768,5.768,4.938,17081.600,18487.088,64901.748,-0.421620,-0.754365,-0.503161
179,303,11488,19424,9,block_,41.515,9.515,4.891,16919.751,20841.807,64324.593,-0.085537,0.984752,-0.151481
179,304,11488,19488,9,center,41.592,9.592,4.000,16979.976,20842.902,64322.510,0.016353,0.999380,-0.031178
179,305,11488,19552,9,center,42.204,10.204,4.000,17040.350,20841.104,64320.735,0.056293,0.994958,-0.083003
179,306,11488,19616,9,center,42.202,10.202,4.000,17100.842,20835.799,64319.453,0.104693,0.993980,-0.032296
179,307,11488,19680,9,center,41.957,9.957,4.000,17161.921,20830.557,64318.278,0.041429,0.999081,-0.010952
179,308,11488,19744,9,center,38.827,6.827,4.016,17222.629,20827.042,64317.247,0.139347,0.988991,-0.049792
179,309,11488,19808,9,center,39.149,7.149,5.984,17282.556,20821.309,64315.964,0.072293,0.994939,-0.069791
179,310,11488,19872,9,center,35.088,3.088,5.984,17343.082,20816.456,64315.457,0.103960,0.993285,-0.050773
179,311,11488,19936,9,center,34.004,2.004,5.969,17403.809,20810.122,64315.626,0.069267,0.996838,-0.038944
179,312,11488,20000,9,center,28.760,-3.240,4.000,17464.792,20807.684,64316.525,0.060972,0.978825,0.195409
179,313,11488,20064,9,block_,22.855,-9.145,4.000,17527.005,20802.850,64317.174,0.097019,0.956777,0.274163
179,314,11488,20128,9,block_,24.772,-7.228,4.000,17590.149,20795.466,64319.559,0.101373,0.938514,0.330022
179,324,11488,20768,9,block_,34.572,2.572,4.104,18185.263,20587.991,64343.061,0.493149,0.829943,0.260766
179,325,11488,20832,9,center,34.045,2.045,4.016,18239.782,20554.339,64343.203,0.488952,0.869957,-0.064045
179,326,11488,20896,9,center,34.045,2.045,5.969,18298.204,20525.864,64344.535,0.476969,0.878165,0.036422
179,327,11488,20960,9,center,34.022,2.022,4.000,18351.102,20493.035,64346.232,0.527934,0.812200,0.248228
179,328,11488,21024,9,center,31.204,-0.796,4.000,18402.207,20458.344,64348.309,0.476832,0.784093,0.397277
179,329,11488,21088,9,block_,31.619,-0.381,4.007,18455.767,20425.602,64352.660,0.352539,0.702095,0.618692
179,330,11488,21152,9,block_,31.847,-0.153,4.000,18512.298,20394.296,64359.913,0.276242,0.724939,0.630994
179,342,11488,21920,9,block_,36.978,4.978,4.000,19073.075,19962.032,64511.919,0.568048,0.486357,0.663912
179,343,11488,21984,9,block_,35.816,3.816,4.000,19101.239,19908.747,64520.829,0.696366,0.388439,0.603481
179,344,11488,22048,9,block_,34.705,2.705,4.000,19127.689,19854.029,64528.928,0.694849,0.472156,0.542452
179,345,11488,22112,9,block_,34.343,2.343,4.000,19159.956,19802.230,64540.768,0.666210,0.605883,0.434822
180,305,11552,19552,9,block_,36.781,4.781,4.000,17038.538,20835.698,64260.607,0.028808,0.991623,-0.125913
180,306,11552,19616,9,center,34.045,2.045,4.000,17099.274,20836.229,64258.531,-0.061745,0.996758,-0.051591
180,307,11552,19680,9,center,34.045,2.045,4.000,17161.074,20836.257,64257.311,0.160502,0.986901,-0.016318
180,308,11552,19744,9,center,34.045,2.045,4.000,17221.630,20826.731,64257.470,0.129289,0.980071,-0.150816
180,309,11552,19808,9,block_,35.266,3.266,4.453,17281.348,20823.989,64255.331,-0.048310,0.996595,0.066813
180,310,11552,19872,9,block_,34.490,2.490,4.719,17343.117,20821.629,64255.082,0.092180,0.987719,0.126151
180,311,11552,19936,9,block_,34.203,2.203,4.891,17405.141,20813.001,64253.470,0.176115,0.972771,0.150665
180,326,11552,20896,9,block_,34.045,2.045,4.696,18308.644,20540.938,64289.087,0.330111,0.669866,0.665061
180,327,11552,20960,9,block_,34.045,2.045,4.208,18364.954,20514.847,64293.815,0.177185,0.683712,0.707915
203,521,13024,33376,11,block_,37.434,5.434,4.000,19214.571,18037.609,63697.822,0.559268,-0.768369,0.311172
203,522,13024,33440,11,center,36.371,4.371,4.000,19160.667,18004.602,63707.393,0.532904,-0.789760,0.303797
203,523,13024,33504,11,block_,37.685,5.685,4.000,19107.040,17971.289,63717.088,0.570257,-0.770990,0.283518
204,278,13088,17824,12,block_,30.537,-1.463,4.672,16159.575,19295.992,63192.329,-0.923823,-0.277869,0.263324
204,279,13088,17888,12,block_,30.537,-1.463,4.564,16132.538,19352.531,63177.484,-0.883803,-0.365927,0.291530
204,280,13088,17952,12,block_,30.537,-1.463,4.343,16108.882,19410.123,63162.261,-0.963922,-0.182356,0.193908
204,306,13088,19616,12,block_,30.756,-1.244,4.000,17089.358,20451.960,62844.676,-0.151517,0.948275,-0.278958
204,307,13088,19680,12,center,30.554,-1.446,4.000,17151.163,20460.069,62842.597,-0.113704,0.939132,-0.324194
204,308,13088,19744,12,center,30.721,-1.279,4.000,17213.444,20466.074,62841.058,-0.080742,0.950842,-0.298966
204,309,13088,19808,12,block_,40.934,8.934,4.000,17276.023,20469.771,62840.191,-0.051495,0.956418,-0.287423
204,510,13088,32672,11,block_,38.710,6.710,4.000,19468.969,18590.174,63457.334,0.953003,0.281255,-0.112610
204,511,13088,32736,11,block_,38.710,6.710,4.000,19487.064,18532.536,63475.599,0.963266,0.222527,-0.150333
204,521,13088,33376,11,center,36.984,4.984,4.000,19216.626,18016.777,63637.146,0.540547,-0.795523,0.273774
204,522,13088,33440,11,center,35.875,3.875,4.000,19161.452,17985.547,63646.292,0.495817,-0.825069,0.270973
204,523,13088,33504,11,center,36.063,4.063,4.000,19105.953,17954.990,63655.339,0.519439,-0.828511,0.209172
204,524,13088,33568,11,block_,35.926,3.926,4.000,19051.827,17922.403,63664.843,0.504642,-0.838917,0.203848
205,277,13152,17760,12,block_,28.738,-3.262,4.281,16170.008,19216.801,63148.806,-0.961404,-0.216958,0.169210
205,278,13152,17824,12,center,30.468,-1.532,5.969,16148.043,19274.886,63132.533,-0.906181,-0.314300,0.282933
205,279,13152,17888,12,center,30.502,-1.498,5.969,16121.519,19331.714,63117.438,-0.910090,-0.345522,0.228803
205,280,13152,17952,12,center,30.537,-1.463,4.000,16102.229,19390.988,63100.891,-0.984431,-0.171718,0.037541
205,281,13152,18016,12,block_,30.537,-1.463,4.000,16096.359,19453.055,63082.907,-0.999060,-0.006836,-0.042814
205,306,13152,19616,12,center,30.553,-1.447,4.000,17088.501,20440.206,62783.462,-0.095697,0.982742,-0.158303
205,307,13152,19680,12,center,32.738,0.738,4.000,17150.899,20445.431,62781.732,-0.080792,0.974948,-0.207240
205,308,13152,19744,12,center,41.157,9.157,4.000,17213.356,20451.262,62780.139,-0.099036,0.975857,-0.194667
205,309,13152,19808,12,center,43.449,11.449,4.000,17276.049,20455.543,62778.989,-0.052891,0.982718,-0.177391
205,310,13152,19872,12,block_,37.473,5.473,4.000,17339.153,20457.667,62778.587,-0.009968,0.982832,-0.184235
205,386,13152,24736,10,block_,36.501,4.501,4.000,18452.347,17609.993,63512.628,0.150197,-0.842922,0.516646
205,387,13152,24800,10,block_,36.501,4.501,4.000,18388.840,17602.776,63513.206,-0.029014,-0.916181,0.399714
205,388,13152,24864,10,block_,36.501,4.501,4.000,18325.538,17609.205,63508.928,-0.200258,-0.919716,0.337667
205,486,13152,31136,11,block_,39.511,7.511,4.000,18646.248,19713.968,63027.770,0.561890,0.809264,0.171381
205,487,13152,31200,11,block_,39.576,7.576,4.000,18695.274,19677.074,63040.533,0.595338,0.792553,0.132032
205,488,13152,31264,11,center,38.729,6.729,4.000,18742.614,19638.962,63053.406,0.593352,0.792901,0.138711
205,489,13152,31328,11,center,38.774,6.774,3.984,18789.775,19601.023,63065.996,0.615746,0.785935,0.056238
205,490,13152,31392,11,center,38.956,6.956,2.016,18837.023,19563.409,63078.778,0.613791,0.789210,0.020194
205,491,13152,31456,11,center,38.931,6.931,4.000,18884.741,19526.473,63091.854,0.607794,0.793382,0.033635
205,492,13152,31520,11,center,38.743,6.743,4.000,18931.656,19488.249,63105.238,0.633844,0.770730,0.064939
205,493,13152,31584,11,center,38.743,6.743,4.000,18975.295,19446.483,63118.700,0.698008,0.692310,0.183009
205,494,13152,31648,11,center,38.710,6.710,4.000,19016.574,19402.417,63132.105,0.690660,0.704494,0.163330
205,495,13152,31712,11,center,38.710,6.710,4.000,19058.426,19359.135,63145.825,0.673887,0.719957,0.165948
205,496,13152,31776,11,center,38.722,6.722,4.031,19101.138,19316.920,63159.931,0.645077,0.734065,0.212190
205,497,13152,31840,11,center,40.119,8.119,6.000,19141.677,19272.902,63173.970,0.726203,0.668380,0.160924
205,498,13152,31904,11,center,40.108,8.108,6.000,19180.156,19227.593,63189.072,0.727777,0.665779,0.164554
205,499,13152,31968,11,block_,39.367,7.367,4.794,19216.364,19180.917,63204.945,0.784207,0.586557,0.202411
205,503,13152,32224,11,block_,40.693,8.693,4.530,19319.079,18965.532,63270.342,0.885589,0.415748,0.207087
205,504,13152,32288,11,block_,39.293,7.293,4.000,19342.953,18910.056,63287.820,0.888147,0.435031,0.148130
205,505,13152,32352,11,center,38.711,6.711,4.000,19368.680,18855.590,63305.744,0.871176,0.475849,0.120910
205,506,13152,32416,11,center,38.694,6.694,4.000,19394.530,18801.322,63323.815,0.889407,0.429150,0.157436
205,507,13152,32480,11,center,38.689,6.689,4.016,19415.296,18744.272,63341.303,0.918906,0.356474,0.168931
205,508,13152,32544,11,center,38.694,6.694,4.016,19435.638,18686.888,63359.555,0.916517,0.381121,0.121421
205,509,13152,32608,11,center,38.710,6.710,4.016,19456.435,18629.898,63378.607,0.918352,0.370880,0.138123
205,510,13152,32672,11,center,38.711,6.711,4.000,19475.861,18572.997,63397.750,0.932865,0.333418,0.136368
205,511,13152,32736,11,center,38.717,6.717,4.000,19485.482,18514.021,63415.705,0.990488,0.134475,0.029169
205,512,13152,32800,11,block_,38.738,6.738,4.000,19487.436,18454.241,63434.005,0.997872,-0.042095,-0.049786
205,521,13152,33376,11,center,38.692,6.692,4.000,19217.999,17996.368,63576.211,0.573026,-0.759596,0.307662
205,522,13152,33440,11,center,36.375,4.375,4.000,19164.064,17963.212,63586.523,0.481482,-0.793902,0.371342
205,523,13152,33504,11,center,36.343,4.343,4.000,19107.258,17934.702,63594.701,0.472636,-0.790773,0.388965
205,524,13152,33568,11,center,35.653,3.653,4.000,19052.294,17903.541,63604.040,0.495570,-0.785272,0.371158
205,525,13152,33632,11,block_,35.383,3.383,4.000,18995.291,17876.908,63612.096,0.379520,-0.857318,0.347808
206,255,13216,16352,12,block_,30.282,-1.718,4.000,17006.605,18130.367,63395.115,-0.711970,-0.665629,0.223688
206,256,13216,16416,12,center,30.537,-1.463,4.000,16958.959,18171.050,63382.290,-0.676078,-0.716161,0.173296
206,257,13216,16480,12,center,30.559,-1.441,4.000,16914.609,18214.929,63369.209,-0.707306,-0.704094,0.063009
206,258,13216,16544,12,center,30.559,-1.441,4.000,16870.186,18258.773,63356.138,-0.716090,-0.697500,0.026605
206,259,13216,16608,12,center,30.550,-1.450,4.000,16827.313,18303.912,63343.000,-0.737084,-0.675580,0.017288
206,260,13216,16672,12,center,30.537,-1.463,4.000,16786.051,18349.786,63329.155,-0.771218,-0.607243,0.190995
206,261,13216,16736,12,block_,30.537,-1.463,4.000,16742.402,18393.976,63316.478,-0.675867,-0.649562,0.348243
206,262,13216,16800,12,block_,30.537,-1.463,4.000,16697.924,18438.182,63303.025,-0.706122,-0.608806,0.361589
206,275,13216,17632,12,block_,27.939,-4.061,4.000,16203.493,19079.358,63122.261,-0.957433,-0.287492,-0.025883
206,276,13216,17696,12,center,26.300,-5.700,4.000,16185.557,19138.819,63104.962,-0.960901,-0.273335,0.044239
206,277,13216,17760,12,center,23.369,-8.631,3.984,16164.321,19197.186,63087.696,-0.907789,-0.343540,0.240622
206,278,13216,17824,12,center,21.704,-10.296,2.016,16135.767,19253.302,63072.775,-0.905936,-0.314533,0.283458
206,279,13216,17888,12,center,25.969,-6.031,3.984,16115.927,19312.437,63056.317,-0.981165,-0.149806,0.121960
206,280,13216,17952,12,center,30.533,-1.467,3.984,16105.977,19373.728,63038.837,-0.987562,-0.139083,0.073333
206,281,13216,18016,12,block_,30.523,-1.477,3.947,16096.338,19435.018,63021.254,-0.984165,-0.124002,0.126658
206,288,13216,18464,12,block_,30.891,-1.109,4.000,16130.212,19869.624,62892.407,-0.936704,0.346270,0.051794
206,289,13216,18528,12,center,30.705,-1.295,4.000,16159.020,19928.262,62873.939,-0.868919,0.478122,-0.127982
206,290,13216,18592,12,center,37.729,5.729,4.000,16198.947,19979.069,62857.618,-0.772760,0.604196,-0.194394
206,291,13216,18656,12,center,30.593,-1.407,4.000,16241.831,20026.755,62842.218,-0.684679,0.694061,-0.222471
206,292,13216,18720,12,block_,31.093,-0.907,4.000,16291.962,20066.676,62830.613,-0.630579,0.687637,-0.359896
206,306,13216,19616,12,block_,31.154,-0.846,4.000,17088.192,20423.253,62723.507,-0.132993,0.922832,-0.361517
206,307,13216,19680,12,center,32.681,0.681,4.000,17150.519,20430.948,62720.874,-0.115816,0.942283,-0.314150
206,308,13216,19744,12,center,32.645,0.645,4.000,17213.066,20437.299,62718.858,-0.095564,0.956523,-0.275555
206,309,13216,19808,12,center,37.028,5.028,4.000,17275.944,20441.054,62717.724,-0.040018,0.955609,-0.291907
206,310,13216,19872,12,block_,33.254,1.254,4.000,17339.192,20442.386,62717.305,0.009946,0.941969,-0.335552
206,320,13216,20512,12,block_,32.944,0.944,3.234,17959.942,20311.986,62753.043,0.362120,0.897496,-0.251734
206,321,13216,20576,12,block_,34.819,2.819,3.453,18018.452,20286.429,62759.786,0.447320,0.853112,-0.268522
206,322,13216,20640,12,block_,31.207,-0.793,3.503,18075.599,20259.023,62767.255,0.434763,0.844946,-0.311524
206,323,13216,20704,12,block_,30.702,-1.298,3.657,18133.727,20233.793,62772.959,0.384496,0.868052,-0.314084
206,385,13216,24672,10,block_,36.484,4.484,4.000,18519.747,17589.181,63454.653,0.155173,-0.901546,0.403902
206,386,13216,24736,10,center,36.496,4.496,4.000,18455.645,17580.559,63455.315,0.064265,-0.930089,0.361670
206,387,13216,24800,10,center,36.502,4.502,3.984,18390.909,17579.470,63453.463,-0.080735,-0.961749,0.261763
206,388,13216,24864,10,center,36.508,4.508,3.984,18326.940,17587.164,63448.873,-0.185938,-0.951710,0.244286
206,389,13216,24928,10,center,36.502,4.502,4.000,18263.756,17598.708,63443.496,-0.169888,-0.948391,0.267754
206,390,13216,24992,10,center,36.501,4.501,4.000,18200.286,17608.231,63438.767,-0.170891,-0.936461,0.306327
206,391,13216,25056,10,center,36.501,4.501,4.000,18137.142,17619.800,63433.148,-0.237274,-0.888884,0.391900
206,392,13216,25120,10,center,36.590,4.590,4.016,18074.292,17633.591,63426.921,-0.250239,-0.884162,0.394509
206,393,13216,25184,10,center,47.808,15.808,6.000,18011.289,17647.225,63421.103,-0.262251,-0.882491,0.390428
206,394,13216,25248,10,center,44.597,12.597,6.000,17949.446,17664.978,63414.066,-0.325270,-0.876927,0.353834
206,395,13216,25312,10,center,37.088,5.088,5.984,17888.241,17684.283,63406.439,-0.350273,-0.859952,0.371202
206,396,13216,25376,10,block_,36.524,4.524,4.078,17826.833,17704.040,63399.446,-0.334540,-0.847652,0.411787
206,397,13216,25440,10,block_,36.051,4.051,4.000,17767.974,17729.879,63390.733,-0.449572,-0.834802,0.317790
206,398,13216,25504,10,block_,35.835,3.835,4.000,17710.366,17757.341,63381.793,-0.475754,-0.841429,0.256235
206,399,13216,25568,10,block_,35.653,3.653,4.000,17655.102,17787.858,63372.102,-0.504418,-0.836283,0.214928
206,400,13216,25632,10,block_,35.833,3.833,3.312,17600.339,17818.539,63362.754,-0.555053,-0.805497,0.207582
206,401,13216,25696,10,block_,36.415,4.415,3.209,17549.542,17854.813,63352.698,-0.593503,-0.790510,0.151157
206,402,13216,25760,10,block_,39.797,7.797,3.962,17497.601,17889.351,63342.922,-0.554876,-0.807233,0.201214
206,403,13216,25824,10,block_,39.888,7.888,4.000,17445.206,17923.316,63333.413,-0.554976,-0.780763,0.287074
206,404,13216,25888,10,center,36.501,4.501,4.000,17391.492,17955.230,63324.705,-0.494611,-0.821807,0.282829
206,405,13216,25952,10,center,36.495,4.495,4.000,17338.552,17988.531,63316.058,-0.615897,-0.731132,0.293457
206,406,13216,26016,10,center,36.501,4.501,4.000,17289.277,18026.899,63305.797,-0.610386,-0.750955,0.251983
206,407,13216,26080,10,center,36.481,4.481,4.000,17239.207,18063.954,63296.084,-0.624697,-0.742810,0.240805
206,408,13216,26144,10,center,35.987,3.987,4.000,17191.105,18103.295,63285.782,-0.643628,-0.713983,0.275629
206,409,13216,26208,10,block_,35.844,3.844,3.524,17142.413,18142.163,63276.062,-0.617140,-0.722483,0.311701
206,410,13216,26272,10,block_,36.170,4.170,3.836,17092.364,18179.906,63266.801,-0.619938,-0.684487,0.383607
206,485,13216,31072,11,block_,39.660,7.660,4.000,18622.103,19765.049,62959.511,0.501626,0.773476,0.387436
206,486,13216,31136,11,center,39.064,7.064,4.000,18670.059,19725.529,62971.416,0.581335,0.750588,0.314115
206,487,13216,31200,11,center,41.938,9.938,4.000,18715.775,19683.113,62982.051,0.618819,0.729979,0.290161
206,488,13216,31264,11,center,41.095,9.095,4.000,18760.171,19640.639,62994.105,0.675363,0.720694,0.156480
206,489,13216,31328,11,center,46.682,14.682,3.984,18803.821,19598.138,63005.827,0.670232,0.732349,0.120225
206,490,13216,31392,11,center,46.291,14.291,2.031,18848.207,19556.673,63018.233,0.624087,0.776840,0.083877
206,491,13216,31456,11,center,43.230,11.230,4.000,18895.569,19518.891,63031.429,0.588068,0.808008,0.036038
206,492,13216,31520,11,center,42.843,10.843,4.000,18945.149,19483.462,63044.735,0.573119,0.799646,0.179169
206,493,13216,31584,11,center,42.779,10.779,4.000,18992.039,19444.457,63058.866,0.656311,0.736872,0.162098
206,494,13216,31648,11,center,38.701,6.701,4.000,19032.940,19399.540,63072.425,0.726424,0.680314,0.097373
206,495,13216,31712,11,center,38.693,6.693,4.016,19076.581,19357.741,63086.526,0.680544,0.721526,0.127511
206,496,13216,31776,11,center,38.749,6.749,5.985,19119.913,19315.604,63101.127,0.640783,0.764090,0.074592
206,497,13216,31840,11,center,43.643,11.643,6.031,19162.081,19271.931,63115.813,0.710702,0.680404,0.178756
206,498,13216,31904,11,center,43.594,11.594,7.938,19201.345,19225.340,63130.687,0.718639,0.651272,0.243727
206,499,13216,31968,11,center,38.710,6.710,4.000,19238.324,19177.166,63146.993,0.777397,0.590639,0.216331
206,502,13216,32160,11,block_,45.754,13.754,5.868,19319.355,19013.832,63195.493,0.846192,0.440434,0.299961
206,503,13216,32224,11,center,44.605,12.605,5.969,19340.784,18956.799,63212.010,0.865246,0.407846,0.291567
206,504,13216,32288,11,center,40.697,8.697,4.000,19363.171,18900.386,63229.076,0.852271,0.452907,0.261744
206,505,13216,32352,11,center,38.757,6.757,4.000,19388.877,18845.974,63247.212,0.836914,0.503941,0.213585
206,506,13216,32416,11,center,36.523,4.523,4.016,19416.505,18792.125,63265.207,0.822437,0.486467,0.294867
206,507,13216,32480,11,center,35.874,3.874,6.000,19437.962,18734.329,63282.470,0.852579,0.372185,0.366860
206,508,13216,32544,11,center,36.579,4.579,6.000,19456.618,18674.961,63300.634,0.861625,0.369954,0.347471
206,509,13216,32608,11,center,38.710,6.710,5.984,19473.885,18615.994,63319.138,0.910048,0.349375,0.223047
206,510,13216,32672,11,center,38.706,6.706,4.016,19490.981,18557.678,63338.245,0.947114,0.286029,0.145473
206,511,13216,32736,11,center,39.481,7.481,4.000,19498.795,18497.073,63356.403,0.965793,0.124478,0.227483
206,512,13216,32800,11,center,38.700,6.700,4.000,19492.313,18435.699,63374.192,0.960555,-0.117869,0.251877
206,513,13216,32864,11,block_,38.550,6.550,4.000,19480.664,18375.694,63392.776,0.983914,-0.167048,0.063310
206,522,13216,33440,11,center,38.685,6.685,4.000,19169.108,17936.357,63528.508,0.510960,-0.768398,0.385337
206,523,13216,33504,11,center,35.398,3.398,4.000,19113.376,17906.202,63537.756,0.487199,-0.747777,0.451073
206,524,13216,33568,11,center,34.676,2.676,4.000,19058.097,17874.865,63547.556,0.447540,-0.728571,0.518548
206,525,13216,33632,11,center,34.468,2.468,4.000,18999.496,17849.377,63555.164,0.382339,-0.766896,0.515449
206,526,13216,33696,11,block_,34.948,2.948,4.000,18940.141,17826.987,63562.131,0.328667,-0.826179,0.457609
207,241,13280,15456,12,block_,30.537,-1.463,3.732,17765.775,17654.053,63499.628,-0.353068,-0.933589,0.061280
207,242,13280,15520,12,block_,30.593,-1.407,3.172,17705.817,17677.337,63489.690,-0.421687,-0.904979,0.056499
207,243,13280,15584,12,block_,31.439,-0.561,3.141,17648.686,17706.615,63478.530,-0.489489,-0.870910,0.043773
207,244,13280,15648,12,block_,31.374,-0.626,3.203,17592.780,17737.327,63466.869,-0.489736,-0.868655,0.074816
207,245,13280,15712,12,block_,30.784,-1.216,3.395,17537.300,17768.778,63455.280,-0.499825,-0.865124,0.041651
207,246,13280,15776,12,block_,30.478,-1.522,4.000,17482.621,17801.424,63443.688,-0.522810,-0.850790,-0.053161
207,247,13280,15840,12,block_,29.818,-2.182,3.993,17429.302,17835.839,63431.606,-0.537713,-0.842670,-0.027785
207,248,13280,15904,12,center,30.470,-1.530,3.984,17375.744,17869.473,63419.215,-0.527707,-0.849393,0.007492
207,249,13280,15968,12,center,30.482,-1.518,3.984,17322.989,17904.087,63407.451,-0.550564,-0.832364,-0.063633
207,250,13280,16032,12,center,30.537,-1.463,4.000,17270.407,17938.495,63395.339,-0.553505,-0.832578,0.021124
207,251,13280,16096,12,center,30.537,-1.463,4.000,17217.259,17971.886,63383.291,-0.538416,-0.842068,0.032084
207,252,13280,16160,12,block_,30.537,-1.463,4.000,17164.208,18005.378,63371.024,-0.531843,-0.843305,0.077333
207,253,13280,16224,12,block_,30.182,-1.818,4.000,17110.469,18038.159,63359.091,-0.536165,-0.842545,0.051433
207,254,13280,16288,12,block_,29.085,-2.915,4.000,17057.778,18073.429,63346.680,-0.591793,-0.806061,0.006874
207,255,13280,16352,12,center,29.577,-2.423,4.000,17010.243,18114.915,63333.354,-0.704766,-0.708963,-0.026005
207,256,13280,16416,12,center,30.559,-1.441,4.000,16966.850,18160.264,63320.000,-0.729584,-0.683102,-0.032864
207,257,13280,16480,12,center,33.412,1.412,4.000,16924.509,18206.254,63306.895,-0.719991,-0.692732,-0.041669
207,258,13280,16544,12,center,33.384,1.384,4.000,16881.430,18251.437,63293.883,-0.711732,-0.700851,-0.047393
207,259,13280,16608,12,center,32.164,0.164,4.000,16837.239,18295.327,63280.893,-0.683480,-0.729254,-0.032322
207,260,13280,16672,12,center,30.550,-1.450,4.016,16791.221,18337.042,63267.819,-0.662693,-0.747726,-0.041754
207,261,13280,16736,12,center,30.550,-1.450,4.016,16745.349,18379.319,63255.323,-0.673280,-0.739174,0.017745
207,262,13280,16800,12,center,30.537,-1.463,4.000,16698.223,18420.666,63242.607,-0.662593,-0.748935,-0.008156
207,263,13280,16864,12,center,30.537,-1.463,4.000,16652.272,18463.537,63229.917,-0.695689,-0.717947,-0.023851
207,264,13280,16928,12,block_,31.111,-0.889,4.000,16608.208,18508.269,63217.219,-0.724788,-0.688326,-0.029819
207,274,13280,17568,12,block_,28.527,-3.473,3.734,16230.131,19005.126,63076.333,-0.922172,-0.383549,-0.049888
207,275,13280,17632,12,center,25.871,-6.129,3.984,16207.985,19063.225,63059.997,-0.934584,-0.353623,0.038781
207,276,13280,17696,12,center,23.510,-8.490,3.984,16184.613,19120.500,63043.473,-0.918273,-0.367845,0.146510
207,277,13280,17760,12,center,21.270,-10.730,3.969,16153.556,19174.995,63028.301,-0.900257,-0.425576,0.091777
207,278,13280,17824,12,center,12.862,-19.138,2.000,16127.607,19232.804,63011.409,-0.945823,-0.315196,0.077916
207,279,13280,17888,12,center,12.933,-19.067,2.000,16114.494,19294.454,62994.276,-0.988408,-0.151820,0.000495
207,280,13280,17952,12,center,29.932,-2.068,2.016,16103.085,19355.609,62977.015,-0.987607,-0.146159,0.057184
207,281,13280,18016,12,center,30.535,-1.465,4.000,16093.145,19416.928,62959.487,-0.990002,-0.140960,0.005195
207,282,13280,18080,12,block_,30.487,-1.513,4.000,16087.998,19478.754,62941.654,-0.997166,-0.055270,-0.051043
207,288,13280,18464,12,center,30.649,-1.351,4.000,16137.451,19846.931,62830.603,-0.881651,0.299185,-0.364937
207,289,13280,18528,12,center,44.932,12.932,4.000,16169.127,19902.591,62813.768,-0.805836,0.412164,-0.425145
207,290,13280,18592,12,center,44.876,12.876,4.000,16207.443,19953.278,62798.553,-0.758566,0.468442,-0.452923
207,291,13280,18656,12,center,37.673,5.673,4.000,16251.928,19998.058,62785.264,-0.601515,0.590850,-0.537658
207,292,13280,18720,12,center,30.537,-1.463,4.000,16300.652,20038.258,62773.439,-0.643224,0.605725,-0.468359
207,293,13280,18784,12,block_,30.537,-1.463,4.000,16348.918,20078.620,62760.386,-0.624901,0.622292,-0.471435
207,306,13280,19616,12,center,30.564,-1.436,4.000,17088.379,20402.377,62664.205,-0.145566,0.954457,-0.260427
207,307,13280,19680,12,center,34.015,2.015,4.000,17150.833,20409.851,62661.845,-0.112753,0.953835,-0.278362
207,308,13280,19744,12,center,35.536,3.536,4.000,17213.248,20416.313,62659.652,-0.097134,0.938563,-0.331156
207,309,13280,19808,12,center,36.207,4.207,4.000,17275.929,20419.994,62658.365,-0.034852,0.932151,-0.360390
207,310,13280,19872,12,block_,32.022,0.022,4.000,17338.941,20419.202,62658.475,0.049317,0.938941,-0.340525
207,319,13280,20448,12,block_,31.526,-0.474,3.297,17896.230,20307.638,62689.755,0.325790,0.862988,-0.386151
207,320,13280,20512,12,center,33.564,1.564,2.000,17954.480,20283.724,62696.834,0.422017,0.785288,-0.453017
207,321,13280,20576,12,center,35.924,3.924,2.000,18011.993,20257.741,62704.290,0.409814,0.810038,-0.419395
207,322,13280,20640,12,center,31.487,-0.513,2.016,18069.208,20231.435,62711.014,0.393569,0.788614,-0.472430
207,323,13280,20704,12,center,30.536,-1.464,3.984,18126.138,20204.721,62717.613,0.442730,0.733346,-0.515940
207,385,13280,24672,10,center,36.481,4.481,4.000,18522.471,17566.118,63394.279,0.126458,-0.945287,0.300736
207,386,13280,24736,10,center,35.826,3.826,3.984,18457.978,17561.659,63393.556,-0.021835,-0.979065,0.202373
207,387,13280,24800,10,center,36.652,4.652,2.016,18393.462,17565.789,63390.344,-0.101157,-0.977898,0.182983
207,388,13280,24864,10,center,37.337,5.337,2.031,18329.457,17572.537,63386.140,-0.145039,-0.963264,0.226021
207,389,13280,24928,10,center,36.657,4.657,4.000,18265.799,17581.083,63381.679,-0.167119,-0.959289,0.227675
207,390,13280,24992,10,center,36.537,4.537,4.000,18202.589,17591.828,63376.432,-0.165371,-0.969124,0.182898
207,391,13280,25056,10,center,36.501,4.501,4.000,18139.309,17602.801,63371.306,-0.201282,-0.973640,0.107285
207,392,13280,25120,10,center,36.589,4.589,4.016,18076.330,17616.207,63365.428,-0.224514,-0.971978,0.069655
207,393,13280,25184,10,center,47.719,15.719,5.984,18014.064,17632.489,63358.982,-0.286995,-0.956973,0.042853
207,394,13280,25248,10,center,44.536,12.536,6.000,17952.580,17650.882,63351.924,-0.290191,-0.956518,0.029352
207,395,13280,25312,10,center,37.086,5.086,5.969,17890.966,17669.053,63344.932,-0.309865,-0.950095,-0.036090
207,396,13280,25376,10,center,36.489,4.489,4.000,17830.768,17691.686,63336.935,-0.377659,-0.925898,-0.009325
207,397,13280,25440,10,center,34.669,2.669,4.000,17771.643,17716.910,63328.338,-0.417599,-0.906105,-0.067715
207,398,13280,25504,10,center,34.337,2.337,4.016,17714.756,17746.079,63318.909,-0.503422,-0.864026,0.004962
207,399,13280,25568,10,center,33.897,1.897,3.984,17660.531,17778.728,63309.750,-0.490722,-0.871235,-0.011846
207,400,13280,25632,10,center,34.679,2.679,2.000,17605.479,17808.856,63300.586,-0.494679,-0.868038,0.042469
207,401,13280,25696,10,center,36.574,4.574,2.016,17551.393,17840.205,63291.294,-0.504201,-0.844938,0.178496
207,402,13280,25760,10,center,43.795,11.795,4.000,17496.664,17870.922,63282.487,-0.532376,-0.828708,0.172680
207,403,13280,25824,10,center,47.295,15.295,4.000,17444.113,17905.098,63273.310,-0.562150,-0.820815,0.101242
207,404,13280,25888,10,center,36.598,4.598,4.000,17392.403,17940.131,63263.789,-0.581746,-0.808700,0.087034
207,405,13280,25952,10,center,35.807,3.807,4.000,17341.822,17976.738,63254.318,-0.610064,-0.791833,0.028673
207,406,13280,26016,10,center,36.492,4.492,4.000,17292.528,18015.014,63244.417,-0.618583,-0.784199,-0.048851
207,407,13280,26080,10,center,34.400,2.400,3.984,17244.470,18055.028,63234.795,-0.613040,-0.787685,-0.061109
207,408,13280,26144,10,center,34.408,2.408,3.969,17194.455,18092.357,63225.056,-0.586579,-0.808140,-0.053246
207,409,13280,26208,10,center,34.420,2.420,2.016,17143.938,18129.174,63215.248,-0.590350,-0.802588,-0.085668
207,410,13280,26272,10,center,36.000,4.000,3.984,17095.803,18169.343,63205.862,-0.615474,-0.787196,-0.038909
207,411,13280,26336,10,center,36.460,4.460,3.984,17045.860,18207.231,63195.840,-0.627127,-0.776824,-0.057068
207,412,13280,26400,10,center,33.199,1.199,4.000,16997.846,18247.070,63185.875,-0.637103,-0.768944,0.053151
207,413,13280,26464,10,center,33.225,1.225,4.031,16949.059,18285.897,63176.231,-0.633274,-0.769534,0.082356
207,414,13280,26528,10,block_,36.279,4.279,5.674,16901.025,18325.572,63166.837,-0.648001,-0.752714,0.116256
207,415,13280,26592,10,block_,36.575,4.575,5.278,16853.245,18365.533,63157.423,-0.657362,-0.750381,0.069313
207,485,13280,31072,11,center,40.268,8.268,4.000,18634.059,19762.076,62899.276,0.743257,0.668962,0.007599
207,486,13280,31136,11,center,41.316,9.316,4.000,18677.210,19717.394,62910.805,0.678689,0.732739,-0.049744
207,487,13280,31200,11,center,41.913,9.913,4.000,18721.943,19673.890,62922.030,0.715306,0.687957,-0.122692
207,488,13280,31264,11,center,40.083,8.083,4.000,18769.112,19633.466,62933.136,0.659165,0.743252,-0.114364
207,489,13280,31328,11,center,46.630,14.630,3.984,18814.119,19591.416,62945.053,0.685347,0.724805,-0.070405
207,490,13280,31392,11,center,46.242,14.242,4.000,18860.031,19550.800,62957.776,0.657400,0.750765,-0.064630
207,491,13280,31456,11,center,43.194,11.194,4.000,18907.369,19512.534,62970.914,0.601222,0.798850,-0.019234
207,492,13280,31520,11,center,42.732,10.732,4.000,18957.998,19478.118,62984.397,0.602966,0.784888,-0.142764
207,493,13280,31584,11,center,38.701,6.701,4.000,19003.431,19436.995,62998.219,0.716723,0.695651,-0.048769
207,494,13280,31648,11,center,37.510,5.510,4.000,19045.491,19392.714,63011.933,0.712045,0.692337,0.116882
207,495,13280,31712,11,center,36.433,4.433,4.000,19087.449,19348.294,63025.935,0.700721,0.713304,0.013693
207,496,13280,31776,11,center,38.721,6.721,4.031,19130.825,19305.747,63040.552,0.734466,0.676664,-0.051830
207,497,13280,31840,11,center,40.070,8.070,7.938,19173.343,19262.083,63055.404,0.763151,0.629281,-0.146989
207,498,13280,31904,11,center,38.710,6.710,4.000,19213.573,19215.745,63070.973,0.788963,0.597122,-0.144853
207,499,13280,31968,11,block_,38.880,6.880,4.137,19248.827,19165.583,63086.710,0.870441,0.479134,-0.112977
207,501,13280,32096,11,block_,41.139,9.139,4.510,19309.444,19058.453,63118.929,0.896313,0.442476,-0.028939
207,502,13280,32160,11,center,46.664,14.664,5.969,19336.682,19003.497,63136.152,0.921309,0.387172,-0.035881
207,503,13280,32224,11,center,38.811,6.811,4.000,19358.514,18946.044,63152.600,0.925043,0.371119,0.081025
207,504,13280,32288,11,center,38.774,6.774,4.000,19382.226,18890.089,63170.128,0.919424,0.381573,0.095188
207,505,13280,32352,11,center,34.094,2.094,4.000,19403.893,18833.202,63187.767,0.930581,0.365305,0.023902
207,506,13280,32416,11,center,32.227,0.227,4.016,19429.054,18777.995,63205.859,0.866850,0.477847,-0.142242
207,507,13280,32480,11,center,32.330,0.330,5.984,19458.955,18723.120,63223.309,0.918407,0.391530,-0.056862
207,508,13280,32544,11,center,36.596,4.596,5.984,19478.801,18663.379,63241.165,0.965327,0.251930,0.068370
207,509,13280,32608,11,center,38.699,6.699,5.984,19490.556,18601.581,63259.149,0.982818,0.158989,0.093763
207,510,13280,32672,11,center,37.295,5.295,5.969,19497.105,18540.676,63277.837,0.997263,0.015272,-0.072343
207,511,13280,32736,11,center,36.630,4.630,4.000,19494.915,18479.461,63297.286,0.975178,-0.070837,-0.209785
207,512,13280,32800,11,center,37.312,5.312,4.000,19493.621,18416.530,63314.784,0.937684,-0.216902,-0.271481
207,513,13280,32864,11,block_,38.456,6.456,4.000,19481.153,18356.543,63333.252,0.980079,-0.198055,0.014806
207,514,13280,32928,11,block_,38.710,6.710,4.000,19465.104,18298.718,63351.109,0.953122,-0.293554,0.073373
207,522,13280,33440,11,block_,38.243,6.243,4.000,19170.071,17915.229,63468.850,0.538686,-0.835644,0.107312
207,523,13280,33504,11,center,38.687,6.687,4.000,19117.345,17881.055,63479.144,0.584345,-0.779009,0.227343
207,524,13280,33568,11,center,35.676,3.676,4.000,19064.186,17844.851,63490.289,0.493946,-0.811857,0.311298
207,525,13280,33632,11,center,34.869,2.869,4.000,19003.429,17822.757,63498.008,0.354474,-0.922590,0.152234
207,526,13280,33696,11,center,35.665,3.665,4.000,18943.545,17799.291,63504.321,0.297475,-0.909024,0.291864
207,527,13280,33760,11,center,38.128,6.128,4.000,18881.329,17784.325,63509.458,0.239051,-0.942794,0.232364
208,232,13344,14880,12,block_,31.358,-0.642,3.266,18335.114,17532.397,63507.397,-0.081134,-0.996682,-0.006473
208,233,13344,14944,12,center,30.978,-1.022,2.016,18272.073,17539.538,63500.872,-0.122482,-0.988711,-0.086304
208,234,13344,15008,12,center,30.480,-1.520,4.000,18209.005,17550.055,63493.896,-0.162828,-0.975877,-0.145436
208,235,13344,15072,12,center,23.260,-8.740,4.000,18146.214,17562.843,63486.523,-0.218365,-0.969397,-0.112186
208,236,13344,15136,12,center,23.261,-8.739,4.000,18083.567,17576.088,63478.751,-0.155152,-0.981482,-0.112348
208,237,13344,15200,12,center,23.851,-8.149,4.000,18020.693,17587.703,63470.620,-0.202897,-0.973697,-0.103670
208,238,13344,15264,12,center,25.650,-6.350,4.000,17958.472,17601.022,63462.540,-0.211449,-0.975649,-0.058300
208,239,13344,15328,12,center,30.499,-1.501,4.000,17896.299,17613.725,63454.079,-0.206841,-0.976164,-0.065739
208,240,13344,15392,12,center,30.537,-1.463,4.000,17834.830,17629.921,63445.411,-0.290680,-0.954674,-0.064052
208,241,13344,15456,12,center,30.538,-1.462,3.984,17774.641,17649.986,63435.878,-0.324864,-0.945695,-0.011149
208,242,13344,15520,12,center,30.555,-1.445,2.000,17715.435,17672.951,63425.641,-0.417103,-0.907607,-0.047706
208,243,13344,15584,12,center,32.899,0.899,2.000,17659.633,17703.425,63414.898,-0.470030,-0.878497,-0.085531
208,244,13344,15648,12,center,32.881,0.881,2.000,17604.641,17735.076,63403.585,-0.502730,-0.855182,-0.126201
208,245,13344,15712,12,center,31.235,-0.765,2.031,17550.672,17768.581,63392.300,-0.486614,-0.858829,-0.160061
208,246,13344,15776,12,center,30.389,-1.611,4.000,17496.631,17801.789,63380.704,-0.506045,-0.846074,-0.167562
208,247,13344,15840,12,center,27.784,-4.216,3.984,17443.584,17836.337,63368.916,-0.507396,-0.845222,-0.167775
208,248,13344,15904,12,center,21.999,-10.001,2.000,17390.213,17870.244,63356.795,-0.495999,-0.852457,-0.165235
208,249,13344,15968,12,center,23.537,-8.463,2.016,17336.721,17903.647,63344.832,-0.513043,-0.847777,-0.134393
208,250,13344,16032,12,center,30.511,-1.489,4.000,17282.911,17935.987,63332.773,-0.465744,-0.880080,-0.092420
208,251,13344,16096,12,center,30.536,-1.464,4.000,17228.626,17967.324,63320.622,-0.502169,-0.859477,-0.095533
208,252,13344,16160,12,center,30.488,-1.512,4.000,17175.325,18000.301,63308.581,-0.512903,-0.855311,-0.073313
208,253,13344,16224,12,center,30.386,-1.614,4.000,17122.267,18033.670,63296.231,-0.529803,-0.845372,-0.068232
208,254,13344,16288,12,center,23.574,-8.426,4.000,17070.284,18068.686,63283.465,-0.570033,-0.816597,-0.090731
208,255,13344,16352,12,center,23.684,-8.316,4.000,17022.175,18108.691,63270.507,-0.663403,-0.743696,-0.082538
208,256,13344,16416,12,center,30.556,-1.444,4.000,16976.624,18151.658,63257.409,-0.700552,-0.713085,-0.027144
208,257,13344,16480,12,center,32.966,0.966,4.000,16934.230,18197.656,63244.493,-0.741792,-0.670137,-0.025712
208,258,13344,16544,12,center,30.537,-1.463,4.000,16892.262,18243.899,63231.589,-0.725030,-0.686294,-0.057716
208,259,13344,16608,12,center,30.550,-1.450,4.016,16849.026,18288.987,63218.654,-0.683916,-0.728012,-0.047511
208,260,13344,16672,12,center,32.177,0.177,5.984,16802.145,18330.145,63205.556,-0.664252,-0.747487,0.005718
208,261,13344,16736,12,center,32.170,0.170,5.969,16756.140,18372.415,63192.724,-0.670601,-0.741158,-0.031296
208,262,13344,16800,12,center,30.553,-1.447,4.016,16709.085,18413.783,63179.870,-0.658131,-0.752650,-0.019526
208,263,13344,16864,12,center,30.569,-1.431,4.016,16663.750,18457.209,63167.166,-0.684663,-0.726525,-0.058291
208,264,13344,16928,12,center,32.664,0.664,4.016,16618.938,18501.242,63154.483,-0.709431,-0.703801,-0.037039
208,265,13344,16992,12,center,38.153,6.153,4.000,16574.336,18545.384,63141.979,-0.672948,-0.739685,0.002830
208,266,13344,17056,12,block_,37.013,5.013,4.000,16528.201,18587.829,63129.333,-0.693879,-0.720088,-0.002248
208,274,13344,17568,12,block_,28.761,-3.239,3.300,16236.981,18990.620,63014.194,-0.906846,-0.421461,-0.001214
208,275,13344,17632,12,center,26.592,-5.408,2.016,16212.220,19047.457,62998.041,-0.919058,-0.394119,-0.001768
208,276,13344,17696,12,center,25.144,-6.856,2.000,16187.301,19104.157,62982.030,-0.911013,-0.410118,-0.043113
208,277,13344,17760,12,center,16.891,-15.109,2.000,16164.083,19161.926,62966.040,-0.922373,-0.378279,-0.078311
208,278,13344,17824,12,center,12.801,-19.199,2.000,16140.545,19219.765,62949.292,-0.903139,-0.409044,-0.130467
208,279,13344,17888,12,center,10.149,-21.851,2.000,16121.735,19278.874,62932.322,-0.955376,-0.283443,-0.083168
208,280,13344,17952,12,center,19.212,-12.788,2.016,16107.531,19339.043,62915.246,-0.973068,-0.221608,-0.063467
208,281,13344,18016,12,center,30.192,-1.808,3.984,16097.209,19399.702,62897.713,-0.989737,-0.132358,-0.053874
208,282,13344,18080,12,block_,30.365,-1.635,3.979,16093.713,19461.119,62880.066,-0.991805,-0.028386,-0.124567
208,288,13344,18464,12,center,30.678,-1.322,4.000,16156.876,19820.777,62774.189,-0.832357,0.310306,-0.459230
208,289,13344,18528,12,center,48.627,16.627,4.000,16188.121,19874.152,62759.374,-0.804668,0.378674,-0.457291
208,290,13344,18592,12,center,48.579,16.579,4.000,16223.059,19924.018,62744.996,-0.781684,0.514454,-0.352572
208,291,13344,18656,12,center,37.617,5.617,4.000,16264.747,19968.109,62731.163,-0.668448,0.637952,-0.382354
208,292,13344,18720,12,center,30.537,-1.463,4.000,16312.042,20007.691,62718.746,-0.644120,0.631166,-0.432133
208,293,13344,18784,12,center,30.517,-1.483,4.000,16361.174,20045.942,62706.784,-0.583928,0.628322,-0.514042
208,294,13344,18848,12,block_,30.079,-1.921,4.000,16410.329,20084.550,62694.311,-0.611797,0.596318,-0.519721
208,306,13344,19616,12,center,30.553,-1.447,4.000,17087.706,20388.685,62602.433,-0.122075,0.981329,-0.148633
208,307,13344,19680,12,center,32.584,0.584,4.000,17150.361,20396.418,62600.631,-0.077639,0.990069,-0.117195
208,308,13344,19744,12,center,32.594,0.594,4.000,17213.059,20396.753,62599.999,0.003847,0.962994,-0.269495
208,309,13344,19808,12,center,30.576,-1.424,4.000,17275.803,20396.712,62600.130,0.018088,0.936982,-0.348909
208,310,13344,19872,12,block_,30.840,-1.160,4.000,17338.522,20394.831,62600.487,0.077596,0.883406,-0.462139
208,319,13344,20448,12,center,30.555,-1.445,3.984,17893.272,20283.601,62630.847,0.379863,0.866878,-0.322840
208,320,13344,20512,12,center,32.897,0.897,2.016,17952.018,20260.589,62637.941,0.361409,0.888458,-0.282887
208,321,13344,20576,12,center,32.877,0.877,2.016,18009.486,20235.876,62645.183,0.440602,0.848075,-0.294343
208,322,13344,20640,12,center,30.463,-1.537,2.000,18065.452,20208.024,62652.815,0.478883,0.833133,-0.276696
208,323,13344,20704,12,center,30.464,-1.536,2.016,18120.366,20178.098,62661.081,0.492909,0.829452,-0.262773
208,324,13344,20768,12,block_,30.436,-1.564,3.109,18176.137,20149.495,62668.883,0.455430,0.854758,-0.248944
208,385,13344,24672,10,center,34.558,2.558,4.000,18524.145,17552.912,63331.375,0.110926,-0.976777,0.183306
208,386,13344,24736,10,center,34.578,2.578,4.000,18460.030,17549.913,63330.082,-0.020698,-0.981261,0.191571
208,387,13344,24800,10,center,37.117,5.117,4.000,18395.959,17554.043,63327.059,-0.108599,-0.977854,0.178909
208,388,13344,24864,10,center,37.352,5.352,4.016,18332.227,17560.865,63323.168,-0.134253,-0.980575,0.143001
208,389,13344,24928,10,center,38.593,6.593,4.000,18269.149,17571.175,63318.550,-0.193622,-0.974889,0.110012
208,390,13344,24992,10,center,41.009,9.009,4.000,18206.757,17584.870,63313.066,-0.235750,-0.970041,0.058675
208,391,13344,25056,10,center,36.501,4.501,4.000,18144.580,17599.685,63307.298,-0.227124,-0.973865,-0.000931
208,392,13344,25120,10,center,36.501,4.501,4.000,18082.481,17615.369,63301.301,-0.249683,-0.968031,-0.023988
208,393,13344,25184,10,center,36.503,4.503,4.016,18020.416,17630.677,63294.994,-0.259112,-0.964987,0.040760
208,394,13344,25248,10,center,36.779,4.779,5.969,17958.816,17647.278,63288.241,-0.267049,-0.959030,0.094586
208,395,13344,25312,10,center,36.841,4.841,4.000,17898.396,17667.377,63280.960,-0.360862,-0.930785,0.058466
208,396,13344,25376,10,center,36.762,4.762,4.000,17839.488,17691.364,63273.037,-0.419337,-0.907071,-0.037138
208,397,13344,25440,10,center,34.684,2.684,4.016,17782.406,17719.328,63264.740,-0.433252,-0.896456,-0.093049
208,398,13344,25504,10,center,34.354,2.354,5.969,17725.539,17747.462,63255.779,-0.427905,-0.885110,-0.182969
208,399,13344,25568,10,center,33.918,1.918,3.984,17670.313,17778.207,63247.061,-0.462510,-0.882087,-0.089479
208,400,13344,25632,10,center,34.710,2.710,2.016,17613.968,17806.005,63238.109,-0.383271,-0.919525,-0.087052
208,401,13344,25696,10,center,38.700,6.700,2.031,17556.985,17832.119,63228.922,-0.473578,-0.879322,-0.050160
208,402,13344,25760,10,center,51.679,19.679,3.984,17502.608,17863.522,63220.089,-0.511266,-0.859363,-0.010156
208,403,13344,25824,10,center,52.114,20.114,4.000,17449.619,17896.704,63210.968,-0.543580,-0.839223,0.015019
208,404,13344,25888,10,center,49.684,17.684,4.000,17397.530,17931.121,63201.597,-0.575005,-0.817307,0.037137
208,405,13344,25952,10,center,41.441,9.441,4.000,17348.149,17969.123,63192.036,-0.635902,-0.769336,0.061243
208,406,13344,26016,10,center,37.487,5.487,3.984,17300.859,18009.877,63182.058,-0.663508,-0.741230,0.101664
208,407,13344,26080,10,center,35.103,3.103,2.016,17250.681,18047.225,63172.414,-0.585546,-0.805735,0.089036
208,408,13344,26144,10,center,36.043,4.043,2.016,17202.252,18086.600,63162.640,-0.654555,-0.753546,0.061044
208,409,13344,26208,10,center,36.027,4.027,2.000,17153.361,18125.574,63152.774,-0.621627,-0.782372,0.038390
208,410,13344,26272,10,center,36.058,4.058,2.000,17104.433,18164.652,63142.922,-0.618507,-0.785397,0.024492
208,411,13344,26336,10,center,34.557,2.557,2.016,17053.767,18201.524,63133.499,-0.600845,-0.793424,0.097284
208,412,13344,26400,10,center,33.222,1.222,4.000,17004.936,18240.479,63123.464,-0.628084,-0.776347,0.052877
208,413,13344,26464,10,center,33.272,1.272,5.969,16955.018,18278.164,63113.997,-0.613979,-0.784018,0.091354
208,414,13344,26528,10,center,37.000,5.000,5.984,16905.369,18316.034,63104.862,-0.625432,-0.768265,0.136395
208,415,13344,26592,10,center,36.498,4.498,5.969,16857.081,18355.385,63095.347,-0.654074,-0.744166,0.135662
208,416,13344,26656,10,center,32.555,0.555,4.000,16810.287,18396.771,63085.425,-0.659034,-0.737325,0.148413
208,417,13344,26720,10,block_,35.024,3.024,4.000,16762.618,18437.491,63075.888,-0.663268,-0.733275,0.149611
208,484,13344,31008,11,block_,39.135,7.135,4.000,18596.607,19795.861,62825.709,0.666830,0.744953,-0.019579
208,485,13344,31072,11,center,40.247,8.247,4.000,18643.075,19754.739,62837.349,0.659228,0.751553,0.024224
208,486,13344,31136,11,center,40.211,8.211,4.000,18688.353,19712.477,62848.962,0.661694,0.738572,0.129125
208,487,13344,31200,11,center,39.656,7.656,4.000,18734.207,19670.515,62860.740,0.634205,0.745087,0.206468
208,488,13344,31264,11,center,39.659,7.659,3.969,18779.079,19627.374,62872.060,0.637603,0.736256,0.226692
208,489,13344,31328,11,center,40.024,8.024,2.016,18825.622,19586.197,62884.278,0.601701,0.762189,0.238798
208,490,13344,31392,11,center,40.014,8.014,4.000,18872.133,19545.314,62897.052,0.634537,0.749427,0.189004
208,491,13344,31456,11,center,38.710,6.710,4.000,18918.630,19505.160,62909.950,0.581928,0.808726,0.085567
208,492,13344,31520,11,block_,39.614,7.614,4.000,18967.614,19468.533,62923.470,0.589159,0.801699,0.100852
208,493,13344,31584,11,block_,38.721,6.721,4.000,19015.991,19430.591,62937.286,0.623164,0.775220,0.103447
208,494,13344,31648,11,block_,38.310,6.310,4.000,19060.724,19388.339,62951.351,0.699526,0.712597,0.053562
208,495,13344,31712,11,block_,37.802,5.802,4.000,19103.630,19343.958,62965.344,0.747678,0.653707,0.116811
208,496,13344,31776,11,block_,38.709,6.709,4.008,19140.757,19294.892,62979.612,0.796519,0.603843,0.030523
208,497,13344,31840,11,block_,39.220,7.220,5.477,19179.403,19247.350,62994.608,0.752239,0.658320,-0.027403
208,500,13344,32032,11,block_,39.556,7.556,4.000,19275.538,19091.824,63042.797,0.880819,0.450291,-0.146276
208,501,13344,32096,11,center,40.242,8.242,4.000,19306.557,19038.554,63058.984,0.874424,0.439183,-0.206159
208,502,13344,32160,11,center,38.710,6.710,4.000,19336.139,18984.654,63075.293,0.880058,0.432208,-0.196711
208,503,13344,32224,11,center,38.710,6.710,4.000,19364.819,18930.240,63091.687,0.912018,0.400624,-0.087885
208,504,13344,32288,11,center,38.585,6.585,4.000,19388.968,18873.784,63108.977,0.951564,0.298292,-0.074489
208,505,13344,32352,11,center,29.769,-2.231,4.000,19406.186,18815.313,63127.220,0.928466,0.363502,-0.076265
208,506,13344,32416,11,block_,30.991,-1.009,4.000,19430.507,18759.094,63144.622,0.931322,0.356612,-0.073938
208,507,13344,32480,11,block_,36.305,4.305,4.508,19454.989,18702.448,63162.184,0.919034,0.344378,-0.191783
208,508,13344,32544,11,block_,37.995,5.995,4.672,19472.959,18643.571,63180.332,0.973500,0.157461,-0.165840
208,509,13344,32608,11,block_,38.456,6.456,4.672,19484.318,18582.738,63198.679,0.981285,0.092991,-0.168620
208,510,13344,32672,11,center,36.641,4.641,4.000,19490.239,18521.731,63217.230,0.994390,-0.003005,-0.105730
208,511,13344,32736,11,center,35.774,3.774,4.000,19490.005,18460.715,63236.406,0.999250,-0.033632,0.019212
208,512,13344,32800,11,center,36.664,4.664,4.000,19485.601,18399.501,63255.266,0.987288,-0.058537,0.147772
208,513,13344,32864,11,center,38.724,6.724,4.000,19480.417,18338.511,63273.313,0.989194,-0.097430,0.109552
208,514,13344,32928,11,block_,39.596,7.596,4.000,19468.651,18279.300,63291.765,0.959960,-0.160135,0.229854
208,523,13344,33504,11,center,38.709,6.709,4.000,19111.348,17871.456,63416.393,0.574434,-0.818527,0.006256
208,524,13344,33568,11,center,38.504,6.504,4.000,19059.247,17835.563,63426.549,0.445658,-0.895139,0.010765
208,525,13344,33632,11,center,37.715,5.715,4.000,18999.129,17814.476,63434.373,0.348072,-0.925406,0.149901
208,526,13344,33696,11,center,33.767,1.767,4.000,18939.570,17791.983,63441.401,0.352664,-0.922806,0.155102
208,527,13344,33760,11,center,37.754,5.754,4.000,18879.221,17772.406,63447.060,0.302376,-0.926255,0.224988
208,528,13344,33824,11,block_,38.324,6.324,4.000,18818.341,17754.958,63452.317,0.270716,-0.923546,0.271615
209,232,13408,14880,12,center,32.725,0.725,3.984,18340.873,17529.431,63444.606,-0.112358,-0.983906,0.138938
209,233,13408,14944,12,center,32.708,0.708,2.031,18279.014,17540.109,63437.717,-0.201608,-0.974296,0.100508
209,234,13408,15008,12,center,30.488,-1.512,3.984,18216.759,17552.278,63430.452,-0.185738,-0.977019,0.104576
209,235,13408,15072,12,center,22.814,-9.186,4.000,18154.261,17564.144,63422.892,-0.241893,-0.967573,0.072737
209,236,13408,15136,12,center,22.379,-9.621,3.984,18091.951,17577.887,63414.932,-0.190486,-0.978492,0.079172
209,237,13408,15200,12,center,18.640,-13.360,4.000,18029.100,17589.186,63407.024,-0.171871,-0.984476,0.035614
209,238,13408,15264,12,center,22.254,-9.746,3.984,17966.153,17598.221,63399.344,-0.165348,-0.982133,0.089864
209,239,13408,15328,12,center,25.651,-6.349,4.000,17904.259,17610.623,63391.079,-0.228928,-0.963997,0.135285
209,240,13408,15392,12,center,30.539,-1.461,4.000,17843.051,17625.650,63382.436,-0.293623,-0.947774,0.124538
209,241,13408,15456,12,center,30.698,-1.302,3.984,17783.366,17645.230,63372.758,-0.352976,-0.932917,0.071225
209,242,13408,15520,12,center,30.584,-1.416,2.016,17726.182,17670.988,63362.464,-0.462235,-0.886457,0.023103
209,243,13408,15584,12,center,33.569,1.569,2.016,17671.064,17701.494,63351.678,-0.505143,-0.863026,-0.004069
209,244,13408,15648,12,center,32.899,0.899,2.031,17616.989,17734.077,63340.647,-0.536231,-0.844066,0.003008
209,245,13408,15712,12,center,31.350,-0.650,4.000,17563.774,17768.196,63329.410,-0.528171,-0.848836,-0.022636
209,246,13408,15776,12,center,30.379,-1.621,4.000,17509.729,17801.051,63318.082,-0.520927,-0.851395,0.061333
209,247,13408,15840,12,center,26.369,-5.631,3.984,17455.980,17833.961,63306.513,-0.557015,-0.820463,0.128740
209,248,13408,15904,12,center,22.034,-9.966,2.016,17402.439,17867.320,63294.609,-0.517478,-0.836139,0.181901
209,249,13408,15968,12,center,23.566,-8.434,2.031,17348.184,17899.310,63282.458,-0.534425,-0.836198,0.123137
209,250,13408,16032,12,center,27.212,-4.788,4.000,17294.431,17931.701,63270.221,-0.533280,-0.844813,0.043636
209,251,13408,16096,12,center,30.488,-1.512,4.000,17240.725,17964.057,63257.935,-0.493418,-0.869359,0.027463
209,252,13408,16160,12,center,24.249,-7.751,4.000,17185.832,17994.312,63246.176,-0.504446,-0.862089,0.048343
209,253,13408,16224,12,center,18.053,-13.947,4.000,17133.255,18027.696,63233.796,-0.576932,-0.816792,-0.000476
209,254,13408,16288,12,center,18.132,-13.868,4.000,17083.400,18064.951,63221.140,-0.608817,-0.793046,-0.020501
209,255,13408,16352,12,center,25.330,-6.670,4.000,17035.133,18104.129,63208.298,-0.648885,-0.760418,-0.026688
209,256,13408,16416,12,center,30.556,-1.444,4.000,16990.359,18147.190,63195.428,-0.704304,-0.707011,-0.063968
209,257,13408,16480,12,center,32.947,0.947,4.000,16946.651,18191.573,63182.272,-0.707547,-0.705603,-0.038766
209,258,13408,16544,12,block_,30.900,-1.100,4.000,16902.954,18236.074,63169.117,-0.706373,-0.705771,0.054081
209,259,13408,16608,12,block_,30.537,-1.463,4.000,16856.593,18278.069,63156.231,-0.669800,-0.733100,0.118039
209,260,13408,16672,12,block_,31.231,-0.769,4.731,16809.811,18319.381,63143.229,-0.693005,-0.714149,0.098670
209,261,13408,16736,12,center,31.354,-0.646,4.016,16764.291,18362.207,63130.171,-0.691950,-0.716622,0.087507
209,262,13408,16800,12,center,32.567,0.567,5.984,16718.596,18405.202,63117.006,-0.691322,-0.722509,0.007384
209,263,13408,16864,12,center,32.645,0.645,5.984,16673.937,18449.526,63104.159,-0.699909,-0.714063,0.015575
209,264,13408,16928,12,center,38.252,6.252,5.969,16627.941,18492.436,63091.656,-0.686749,-0.721348,0.089622
209,265,13408,16992,12,center,42.943,10.943,4.000,16580.650,18533.734,63079.522,-0.676238,-0.715723,0.174482
209,266,13408,17056,12,block_,40.205,8.205,4.000,16534.283,18575.866,63067.026,-0.701350,-0.696813,0.150199
209,275,13408,17632,12,block_,28.601,-3.399,3.114,16215.851,19031.700,62936.367,-0.921404,-0.352238,0.164141
209,276,13408,17696,12,center,25.864,-6.136,2.016,16192.526,19089.072,62920.313,-0.941961,-0.318248,0.106904
209,277,13408,17760,12,center,18.703,-13.297,2.016,16171.333,19147.309,62903.817,-0.948996,-0.312269,0.043516
209,278,13408,17824,12,center,13.023,-18.977,2.000,16149.930,19205.517,62887.291,-0.936757,-0.347119,0.044665
209,279,13408,17888,12,center,10.112,-21.888,2.000,16128.757,19263.488,62870.725,-0.946414,-0.316585,0.063830
209,280,13408,17952,12,center,12.344,-19.656,2.016,16113.007,19322.552,62853.859,-0.980672,-0.195655,-0.001615
209,281,13408,18016,12,center,22.009,-9.991,2.031,16104.449,19382.957,62836.497,-0.989496,-0.112693,-0.090546
209,282,13408,18080,12,center,30.223,-1.777,4.000,16103.235,19443.903,62819.478,-0.992405,-0.015284,-0.122061
209,288,13408,18464,12,center,30.590,-1.410,4.000,16169.731,19798.885,62717.059,-0.931511,0.336525,-0.137979
209,289,13408,18528,12,center,37.432,5.432,4.000,16192.935,19854.488,62701.623,-0.893297,0.448920,-0.022184
209,290,13408,18592,12,center,42.149,10.149,4.000,16224.088,19905.444,62686.960,-0.766876,0.641515,-0.018981
209,291,13408,18656,12,center,30.521,-1.479,4.000,16269.432,19944.671,62673.843,-0.610123,0.733302,-0.300030
209,292,13408,18720,12,center,30.496,-1.504,4.000,16319.991,19979.830,62662.711,-0.584705,0.712130,-0.388576
209,293,13408,18784,12,center,27.928,-4.072,4.000,16370.838,20015.991,62651.611,-0.604956,0.702793,-0.374311
209,294,13408,18848,12,center,30.491,-1.509,4.000,16420.519,20053.853,62639.842,-0.625554,0.690022,-0.364078
209,295,13408,18912,12,block_,28.878,-3.122,4.000,16469.714,20091.910,62627.534,-0.616677,0.700227,-0.359710
209,306,13408,19616,12,center,30.550,-1.450,4.000,17086.448,20383.035,62539.287,-0.119527,0.968900,-0.216671
209,307,13408,19680,12,center,32.285,0.285,4.000,17150.006,20386.820,62538.355,-0.065031,0.959342,-0.274651
209,308,13408,19744,12,center,35.528,3.528,4.000,17213.353,20387.503,62537.282,0.138696,0.988174,-0.065391
209,309,13408,19808,12,center,35.476,3.476,4.000,17276.518,20381.164,62539.595,0.062546,0.967861,-0.243585
209,310,13408,19872,12,block_,31.554,-0.446,4.000,17338.765,20374.555,62541.839,0.144151,0.976650,-0.159295
209,319,13408,20448,12,center,30.561,-1.439,4.000,17896.107,20273.078,62569.109,0.392371,0.896755,-0.204635
209,320,13408,20512,12,center,32.895,0.895,4.000,17953.769,20246.755,62576.579,0.446713,0.868662,-0.214182
209,321,13408,20576,12,center,32.685,0.685,3.984,18009.807,20219.381,62584.473,0.502601,0.840316,-0.203131
209,322,13408,20640,12,center,28.240,-3.760,2.016,18065.686,20191.824,62592.208,0.408463,0.895506,-0.176713
209,323,13408,20704,12,center,28.258,-3.742,2.031,18121.736,20164.239,62599.756,0.476025,0.868093,-0.140761
209,324,13408,20768,12,block_,29.778,-2.222,3.062,18177.428,20135.859,62607.348,0.464389,0.872852,-0.149908
209,332,13408,21280,12,block_,49.208,17.208,4.000,18597.288,19875.292,62673.672,0.630004,0.741141,-0.231960
209,333,13408,21344,12,block_,48.991,16.991,4.000,18645.787,19837.192,62683.244,0.649108,0.716812,-0.254636
209,334,13408,21408,12,block_,40.867,8.867,4.000,18693.034,19797.958,62693.204,0.646672,0.723940,-0.240264
209,335,13408,21472,12,block_,32.836,0.836,4.000,18737.809,19756.201,62704.097,0.731418,0.657007,-0.182672
209,385,13408,24672,10,block_,29.046,-2.954,4.000,18526.130,17536.452,63269.264,0.084450,-0.946650,0.311001
209,386,13408,24736,10,center,27.399,-4.601,4.000,18461.905,17534.099,63267.938,-0.017389,-0.955426,0.294719
209,387,13408,24800,10,center,36.653,4.653,4.016,18397.947,17538.739,63264.789,-0.125231,-0.957259,0.260715
209,388,13408,24864,10,center,37.398,5.398,5.984,18334.830,17548.705,63260.385,-0.197460,-0.960421,0.196472
209,389,13408,24928,10,center,37.171,5.171,4.016,18272.623,17562.465,63255.186,-0.262642,-0.956718,0.125340
209,390,13408,24992,10,center,36.552,4.552,4.000,18211.179,17579.114,63249.536,-0.266950,-0.954039,0.136188
209,391,13408,25056,10,center,36.501,4.501,4.000,18149.714,17596.199,63243.622,-0.275646,-0.948449,0.156406
209,392,13408,25120,10,center,36.501,4.501,4.000,18087.670,17611.223,63237.544,-0.203069,-0.968189,0.146195
209,393,13408,25184,10,center,36.501,4.501,4.000,18025.183,17623.546,63231.672,-0.219671,-0.961594,0.164564
209,394,13408,25248,10,center,36.501,4.501,4.000,17964.248,17640.865,63224.918,-0.319684,-0.945125,0.067387
209,395,13408,25312,10,center,36.501,4.501,4.000,17904.459,17661.936,63217.431,-0.368873,-0.929365,0.014577
209,396,13408,25376,10,center,36.501,4.501,4.000,17847.088,17688.704,63209.592,-0.445004,-0.894879,-0.034115
209,397,13408,25440,10,center,36.501,4.501,4.000,17791.118,17718.052,63201.509,-0.462824,-0.885703,-0.036397
209,398,13408,25504,10,center,36.501,4.501,4.000,17735.371,17747.430,63193.031,-0.473689,-0.879768,0.040347
209,399,13408,25568,10,center,36.501,4.501,4.000,17679.660,17777.044,63184.132,-0.470894,-0.879587,0.067716
209,400,13408,25632,10,center,36.517,4.517,4.000,17623.276,17805.254,63175.530,-0.451687,-0.888285,0.083242
209,401,13408,25696,10,center,38.693,6.693,3.984,17567.315,17833.338,63166.630,-0.456582,-0.889681,-0.000592
209,402,13408,25760,10,center,52.873,20.873,2.016,17512.250,17862.581,63157.744,-0.452861,-0.890550,-0.042864
209,403,13408,25824,10,center,55.782,23.782,3.984,17458.264,17893.325,63148.666,-0.523269,-0.849708,-0.064694
209,404,13408,25888,10,center,54.059,22.059,4.000,17405.964,17926.902,63139.300,-0.542738,-0.838470,-0.049028
209,405,13408,25952,10,center,49.670,17.670,4.000,17354.718,17962.132,63129.767,-0.570509,-0.821248,0.008414
209,406,13408,26016,10,center,43.996,11.996,4.000,17304.440,17998.823,63119.950,-0.612980,-0.790090,-0.003766
209,407,13408,26080,10,center,41.418,9.418,4.000,17256.011,18038.252,63109.996,-0.638717,-0.769421,0.005655
209,408,13408,26144,10,center,42.130,10.130,3.984,17206.784,18076.831,63100.385,-0.590673,-0.802550,0.083777
209,409,13408,26208,10,center,40.049,8.049,2.016,17156.265,18113.545,63090.878,-0.611794,-0.770006,0.181103
209,410,13408,26272,10,center,39.634,7.634,2.016,17105.700,18150.484,63081.400,-0.608744,-0.756574,0.238804
209,411,13408,26336,10,center,36.045,4.045,2.016,17055.614,18188.155,63071.593,-0.606067,-0.762784,0.225485
209,412,13408,26400,10,center,36.067,4.067,2.016,17005.006,18225.193,63062.306,-0.608693,-0.756875,0.237977
209,413,13408,26464,10,center,38.815,6.815,2.031,16955.160,18263.151,63052.780,-0.598674,-0.757625,0.259988
209,414,13408,26528,10,center,40.272,8.272,4.000,16903.629,18298.997,63044.034,-0.620995,-0.756319,0.205784
209,415,13408,26592,10,center,40.058,8.058,4.000,16856.662,18340.189,63033.973,-0.660669,-0.720778,0.209752
209,416,13408,26656,10,center,33.308,1.308,4.000,16807.771,18379.507,63024.539,-0.650499,-0.725412,0.225008
209,417,13408,26720,10,center,33.333,1.333,4.000,16759.986,18420.285,63014.955,-0.664716,-0.712959,0.223251
209,484,13408,31008,11,block_,38.484,6.484,4.000,18603.110,19785.322,62763.813,0.641378,0.756201,-0.129593
209,485,13408,31072,11,center,38.629,6.629,4.000,18652.431,19747.599,62775.438,0.615262,0.783279,-0.089034
209,486,13408,31136,11,center,34.596,2.596,4.000,18701.069,19708.947,62787.250,0.636576,0.769313,-0.054124
209,487,13408,31200,11,center,36.342,4.342,3.984,18748.628,19669.005,62799.483,0.658039,0.751484,-0.047498
209,488,13408,31264,11,center,36.385,4.385,2.016,18796.747,19629.583,62811.610,0.605663,0.793001,0.065738
209,489,13408,31328,11,center,38.710,6.710,2.031,18845.470,19590.200,62824.063,0.631201,0.762179,0.143761
209,490,13408,31392,11,center,38.710,6.710,4.000,18889.971,19546.487,62836.811,0.719052,0.686534,0.107864
209,491,13408,31456,11,block_,38.873,6.873,4.000,18932.709,19501.958,62849.241,0.661731,0.749043,0.032365
209,499,13408,31968,11,block_,39.343,7.343,4.000,19251.865,19129.827,62965.127,0.886384,0.436929,-0.153023
209,500,13408,32032,11,center,39.884,7.884,4.000,19279.798,19075.227,62981.690,0.911002,0.410732,-0.037078
209,501,13408,32096,11,center,39.875,7.875,4.000,19306.651,19020.082,62998.262,0.892775,0.447275,-0.053830
209,502,13408,32160,11,center,38.720,6.720,3.984,19333.408,18964.968,63014.986,0.908732,0.395846,-0.132333
209,503,13408,32224,11,center,38.655,6.655,4.000,19360.148,18909.955,63031.802,0.919930,0.333654,-0.205923
209,504,13408,32288,11,center,31.583,-0.417,4.000,19383.449,18853.491,63049.239,0.919505,0.364447,-0.147272
209,505,13408,32352,11,block_,32.218,0.218,4.000,19407.353,18797.081,63066.213,0.930718,0.354834,-0.088643
209,510,13408,32672,11,block_,37.080,5.080,4.000,19486.333,18502.743,63156.466,0.994956,0.093012,-0.037578
209,511,13408,32736,11,center,35.813,3.813,4.000,19491.757,18441.795,63175.175,0.997307,0.072408,-0.011622
209,512,13408,32800,11,center,38.738,6.738,4.000,19492.261,18380.382,63194.264,0.998925,-0.024736,0.039193
209,513,13408,32864,11,center,40.431,8.431,4.000,19488.069,18319.001,63213.175,0.990625,-0.076267,0.113334
209,514,13408,32928,11,center,45.191,13.191,4.000,19478.207,18258.285,63232.350,0.979004,-0.139109,0.148997
209,515,13408,32992,11,block_,42.482,10.482,4.000,19464.074,18198.150,63251.564,0.938938,-0.251549,0.234772
209,523,13408,33504,11,block_,38.684,6.684,4.000,19111.442,17853.108,63356.503,0.470530,-0.783628,0.405622
209,524,13408,33568,11,center,38.703,6.703,4.000,19054.931,17824.485,63364.754,0.485043,-0.783755,0.387895
209,525,13408,33632,11,center,37.709,5.709,4.000,18999.287,17795.150,63374.179,0.435262,-0.831577,0.345003
209,526,13408,33696,11,center,32.407,0.407,4.000,18941.099,17770.236,63382.061,0.408540,-0.849658,0.333431
209,527,13408,33760,11,center,37.712,5.712,4.000,18881.685,17747.900,63388.743,0.311659,-0.844413,0.435701
209,528,13408,33824,11,center,38.714,6.714,4.000,18821.399,17727.126,63395.451,0.353071,-0.812413,0.464032
210,232,13472,14880,12,center,34.051,2.051,4.000,18344.942,17511.059,63385.344,-0.159818,-0.868542,0.469141
210,233,13472,14944,12,center,34.060,2.060,4.000,18282.795,17522.394,63377.155,-0.240749,-0.883925,0.400895
210,234,13472,15008,12,center,31.925,-0.075,2.031,18220.987,17536.702,63369.050,-0.237386,-0.914092,0.328762
210,235,13472,15072,12,center,23.304,-8.696,3.984,18159.404,17551.587,63360.463,-0.257482,-0.921423,0.291004
210,236,13472,15136,12,center,21.245,-10.755,2.031,18097.207,17565.060,63352.278,-0.231280,-0.940837,0.247660
210,237,13472,15200,12,center,18.652,-13.348,3.984,18034.920,17577.940,63344.343,-0.198510,-0.950381,0.239520
210,238,13472,15264,12,center,21.231,-10.769,2.016,17972.283,17587.839,63336.588,-0.187152,-0.966078,0.177954
210,239,13472,15328,12,center,22.540,-9.460,3.984,17909.993,17598.648,63328.879,-0.205617,-0.963549,0.171155
210,240,13472,15392,12,center,30.703,-1.297,4.000,17848.562,17612.521,63320.360,-0.304157,-0.935604,0.179259
210,241,13472,15456,12,center,32.363,0.363,4.000,17789.406,17633.494,63310.694,-0.420450,-0.889489,0.178974
210,242,13472,15520,12,center,33.559,1.559,4.000,17733.151,17661.246,63299.846,-0.486360,-0.863972,0.130410
210,243,13472,15584,12,center,33.856,1.856,4.000,17678.178,17692.013,63288.839,-0.526504,-0.837368,0.146998
210,244,13472,15648,12,center,35.043,3.043,4.000,17624.122,17724.556,63277.843,-0.541412,-0.828145,0.145084
210,245,13472,15712,12,center,32.194,0.194,4.000,17569.973,17756.988,63266.776,-0.492978,-0.854931,0.161450
210,246,13472,15776,12,center,30.536,-1.464,4.000,17513.901,17786.039,63256.124,-0.481141,-0.846533,0.227781
210,247,13472,15840,12,center,30.379,-1.621,4.000,17457.913,17815.092,63245.463,-0.508784,-0.817845,0.268827
210,248,13472,15904,12,center,26.437,-5.563,4.000,17403.577,17847.055,63233.810,-0.550540,-0.785420,0.282881
210,249,13472,15968,12,block_,28.188,-3.812,3.516,17351.189,17881.698,63221.254,-0.586362,-0.770117,0.251194
210,250,13472,16032,12,block_,29.597,-2.403,4.000,17298.841,17916.193,63208.517,-0.554539,-0.795895,0.242975
210,251,13472,16096,12,center,30.440,-1.560,4.000,17245.456,17949.119,63196.349,-0.551679,-0.799325,0.238181
210,252,13472,16160,12,center,18.119,-13.881,4.000,17192.365,17982.032,63184.177,-0.559048,-0.810542,0.174606
210,253,13472,16224,12,center,14.277,-17.723,4.000,17140.292,18016.309,63171.878,-0.582325,-0.793154,0.178337
210,254,13472,16288,12,center,17.219,-14.781,3.984,17090.513,18053.704,63159.359,-0.640818,-0.756353,0.131461
210,255,13472,16352,12,center,25.370,-6.630,4.000,17042.824,18093.520,63146.477,-0.678547,-0.724882,0.118827
210,256,13472,16416,12,block_,29.314,-2.686,4.000,16997.526,18135.917,63133.566,-0.702387,-0.699563,0.131392
210,262,13472,16800,12,block_,32.600,0.600,4.734,16725.920,18394.081,63054.346,-0.705738,-0.684892,0.181265
210,263,13472,16864,12,center,35.751,3.751,4.000,16678.663,18436.172,63041.645,-0.664350,-0.719649,0.201853
210,264,13472,16928,12,center,43.245,11.245,4.000,16629.630,18476.001,63029.912,-0.629565,-0.738784,0.240512
210,265,13472,16992,12,center,44.476,12.476,4.000,16580.879,18515.792,63018.109,-0.675367,-0.707889,0.206816
210,266,13472,17056,12,center,44.230,12.230,4.000,16535.350,18558.793,63005.339,-0.732435,-0.663225,0.153856
210,277,13472,17760,12,block_,17.325,-14.675,2.997,16166.672,19128.566,62842.707,-0.927455,-0.283254,0.244122
210,278,13472,17824,12,center,13.370,-18.630,2.016,16145.346,19186.801,62826.497,-0.938287,-0.244925,0.244192
210,279,13472,17888,12,center,12.295,-19.705,2.031,16127.304,19245.665,62809.735,-0.960642,-0.251773,0.117376
210,280,13472,17952,12,center,13.433,-18.567,4.000,16116.247,19305.605,62792.715,-0.991944,-0.118069,-0.045897
210,281,13472,18016,12,center,20.981,-11.019,4.016,16112.727,19366.486,62775.958,-0.987907,-0.079867,-0.132897
210,282,13472,18080,12,center,26.032,-5.968,4.000,16108.542,19427.021,62759.101,-0.996921,-0.077104,-0.014256
210,288,13472,18464,12,block_,31.493,-0.507,4.000,16163.532,19784.071,62656.568,-0.950375,0.270976,0.152840
210,289,13472,18528,12,center,30.590,-1.410,4.000,16181.109,19843.237,62641.245,-0.882542,0.437170,0.173214
210,290,13472,18592,12,center,37.324,5.324,4.000,16216.369,19892.606,62626.400,-0.643063,0.758504,-0.105552
210,291,13472,18656,12,center,28.493,-3.507,4.000,16270.054,19923.902,62614.923,-0.505004,0.825607,-0.251684
210,292,13472,18720,12,center,27.876,-4.124,4.000,16323.746,19955.917,62604.261,-0.568214,0.775389,-0.275510
210,293,13472,18784,12,center,23.121,-8.879,4.000,16374.624,19992.504,62592.706,-0.642855,0.723129,-0.252631
210,294,13472,18848,12,center,24.615,-7.385,3.984,16423.822,20030.937,62580.763,-0.617094,0.747357,-0.246278
210,295,13472,18912,12,center,26.780,-5.220,3.984,16473.290,20068.661,62568.813,-0.615326,0.742213,-0.265508
210,296,13472,18976,12,block_,28.643,-3.357,3.875,16523.007,20105.802,62557.184,-0.615338,0.735118,-0.284534
210,306,13472,19616,12,center,30.537,-1.463,4.000,17087.797,20354.529,62483.379,-0.116197,0.863589,-0.490624
210,307,13472,19680,12,center,30.550,-1.450,4.000,17150.812,20360.848,62480.950,-0.107233,0.858247,-0.501910
210,308,13472,19744,12,center,32.256,0.256,4.000,17214.125,20365.636,62479.062,0.001752,0.843623,-0.536933
210,309,13472,19808,12,center,30.537,-1.463,4.000,17276.691,20359.633,62481.077,0.197933,0.885076,-0.421264
210,310,13472,19872,12,block_,30.537,-1.463,4.000,17338.929,20355.076,62482.776,0.064528,0.900698,-0.429627
210,319,13472,20448,12,center,31.351,-0.649,4.000,17891.251,20244.649,62513.509,0.316851,0.814947,-0.485249
210,320,13472,20512,12,center,32.709,0.709,4.000,17950.092,20222.397,62519.133,0.382730,0.825145,-0.415516
210,321,13472,20576,12,center,31.310,-0.690,4.000,18007.915,20198.660,62525.492,0.382008,0.840049,-0.385210
210,322,13472,20640,12,center,29.052,-2.948,4.000,18065.402,20174.507,62531.977,0.420908,0.850933,-0.314245
210,323,13472,20704,12,center,29.065,-2.935,4.000,18121.814,20147.950,62539.165,0.446866,0.851126,-0.275489
210,331,13472,21216,12,center,49.020,17.020,4.000,18553.653,19903.294,62602.319,0.674432,0.727983,-0.123217
210,332,13472,21280,12,center,49.813,17.813,4.000,18597.086,19859.577,62613.218,0.696781,0.706467,-0.124095
210,333,13472,21344,12,center,49.655,17.655,4.000,18643.865,19819.775,62623.478,0.664052,0.708923,-0.237620
210,334,13472,21408,12,center,46.017,14.017,4.000,18690.382,19779.716,62633.681,0.665386,0.696829,-0.267752
210,335,13472,21472,12,center,32.266,0.266,4.000,18736.344,19739.014,62644.243,0.695130,0.656359,-0.293234
210,336,13472,21536,12,block_,31.141,-0.859,3.714,18780.219,19696.151,62655.578,0.702227,0.668588,-0.244679
210,351,13472,22496,12,block_,31.997,-0.003,4.000,19358.645,18993.536,62835.581,0.882218,0.352129,-0.312563
210,352,13472,22560,12,center,30.556,-1.444,4.000,19385.465,18938.588,62849.910,0.891439,0.323829,-0.316971
210,353,13472,22624,12,block_,30.575,-1.425,4.000,19409.143,18882.412,62865.151,0.926085,0.281317,-0.251452
210,386,13472,24736,10,center,34.964,2.964,4.000,18463.976,17518.177,63205.512,-0.065244,-0.981592,0.179498
210,387,13472,24800,10,center,37.235,5.235,4.031,18400.039,17524.756,63202.128,-0.153747,-0.974170,0.165392
210,388,13472,24864,10,center,44.677,12.677,6.000,18337.013,17535.586,63197.650,-0.217638,-0.957006,0.191763
210,389,13472,24928,10,center,44.340,12.340,5.969,18275.181,17550.774,63192.450,-0.242648,-0.938801,0.244487
210,401,13472,25696,10,block_,41.393,9.393,3.562,17572.799,17825.409,63104.583,-0.482453,-0.873638,0.063214
210,402,13472,25760,10,block_,55.598,23.598,2.277,17519.382,17857.134,63095.760,-0.528518,-0.844639,0.085170
210,403,13472,25824,10,center,57.448,25.448,2.016,17466.143,17888.705,63086.789,-0.516808,-0.850048,0.101626
210,404,13472,25888,10,center,55.348,23.348,4.000,17413.050,17920.427,63077.425,-0.549680,-0.830280,0.092125
210,405,13472,25952,10,center,49.626,17.626,4.000,17361.340,17954.731,63067.848,-0.562116,-0.820648,0.102778
210,406,13472,26016,10,center,43.968,11.968,4.000,17310.600,17990.521,63058.023,-0.592764,-0.784957,0.180204
210,407,13472,26080,10,block_,42.548,10.548,4.000,17258.681,18025.354,63048.835,-0.551334,-0.777955,0.301358
210,408,13472,26144,10,block_,41.344,9.344,3.645,17206.103,18059.691,63039.905,-0.573116,-0.756890,0.314094
210,409,13472,26208,10,block_,40.000,8.000,3.322,17154.774,18095.648,63030.184,-0.581940,-0.761293,0.285969
210,410,13472,26272,10,block_,39.651,7.651,3.328,17103.928,18132.374,63020.548,-0.617241,-0.743572,0.257128
210,411,13472,26336,10,block_,36.433,4.433,3.359,17053.430,18169.786,63010.885,-0.599042,-0.748176,0.285273
210,412,13472,26400,10,block_,36.462,4.462,3.422,17003.709,18208.251,63001.069,-0.633328,-0.731204,0.253448
210,413,13472,26464,10,center,38.796,6.796,4.000,16953.553,18246.058,62991.769,-0.609758,-0.756454,0.236586
210,414,13472,26528,10,center,40.083,8.083,4.000,16904.318,18284.794,62982.402,-0.655007,-0.729425,0.197241
210,415,13472,26592,10,block_,37.658,5.658,4.000,16856.815,18325.573,62972.368,-0.644830,-0.748289,0.155753
210,416,13472,26656,10,block_,35.891,3.891,4.000,16808.062,18365.235,62962.640,-0.642692,-0.755161,0.129145
210,484,13472,31008,11,center,38.660,6.660,4.000,18604.676,19768.685,62703.141,0.643093,0.699865,-0.310839
210,485,13472,31072,11,center,32.292,0.292,4.000,18652.972,19729.662,62715.264,0.642443,0.700894,-0.309863
210,486,13472,31136,11,center,31.684,-0.316,4.000,18701.539,19690.910,62727.412,0.632830,0.702679,-0.325221
210,487,13472,31200,11,center,32.839,0.839,3.984,18750.538,19652.573,62739.271,0.623792,0.703424,-0.340703
210,488,13472,31264,11,center,35.968,3.968,4.000,18799.316,19613.925,62751.402,0.654297,0.683344,-0.323939
210,489,13472,31328,11,block_,38.144,6.144,3.641,18846.816,19573.648,62764.051,0.675480,0.667472,-0.313382
210,490,13472,31392,11,block_,38.710,6.710,3.539,18892.982,19531.830,62776.423,0.684473,0.661410,-0.306650
210,499,13472,31968,11,block_,39.256,7.256,3.948,19249.552,19110.146,62904.874,0.858032,0.461158,-0.226086
210,500,13472,32032,11,center,40.269,8.269,3.984,19280.543,19057.206,62920.804,0.883136,0.435830,-0.173562
210,501,13472,32096,11,center,40.266,8.266,3.969,19310.481,19003.443,62936.975,0.895447,0.420004,-0.147550
210,502,13472,32160,11,center,39.887,7.887,2.016,19335.764,18947.507,62953.940,0.931474,0.351073,-0.095409
210,503,13472,32224,11,center,38.706,6.706,3.984,19357.341,18890.421,62971.516,0.944971,0.297492,-0.136118
210,504,13472,32288,11,block_,37.533,5.533,4.000,19380.022,18833.823,62988.935,0.907903,0.352785,-0.226397
210,511,13472,32736,11,block_,38.772,6.772,4.000,19487.820,18422.953,63114.089,0.995082,-0.009811,-0.098564
210,512,13472,32800,11,center,40.607,8.607,4.000,19487.312,18361.692,63133.100,0.993695,-0.072567,-0.085461
210,513,13472,32864,11,center,44.232,12.232,4.000,19483.354,18300.410,63152.145,0.984306,-0.119986,-0.129401
210,514,13472,32928,11,center,46.318,14.318,4.000,19475.154,18239.512,63171.254,0.974366,-0.218199,-0.054771
210,515,13472,32992,11,block_,44.948,12.948,4.000,19460.905,18179.606,63190.404,0.956674,-0.290557,-0.018739
210,524,13472,33568,11,center,38.703,6.703,4.000,19057.358,17802.392,63305.656,0.406057,-0.889630,0.208987
210,525,13472,33632,11,center,37.661,5.661,4.000,18998.720,17777.846,63313.159,0.415896,-0.897952,0.143918
210,526,13472,33696,11,center,31.835,-0.165,4.000,18941.273,17750.870,63321.276,0.448479,-0.871600,0.197939
210,527,13472,33760,11,center,32.420,0.420,4.000,18883.425,17724.359,63329.313,0.379319,-0.887346,0.262173
210,528,13472,33824,11,center,39.191,7.191,4.000,18823.225,17702.531,63336.317,0.349293,-0.882134,0.315966
210,529,13472,33888,11,block_,39.465,7.465,4.000,18761.943,17682.598,63342.742,0.288010,-0.900591,0.325554
211,232,13536,14880,12,block_,32.723,0.723,4.530,18348.725,17487.115,63327.218,-0.138325,-0.973832,0.180328
211,233,13536,14944,12,center,33.820,1.820,5.969,18284.940,17497.007,63319.013,-0.274317,-0.952725,0.130637
211,234,13536,15008,12,center,32.731,0.731,4.000,18225.093,17519.031,63308.334,-0.380313,-0.918275,0.110148
211,235,13536,15072,12,center,30.535,-1.465,4.000,18163.993,17534.660,63299.288,-0.200987,-0.975084,0.093894
211,236,13536,15136,12,center,27.891,-4.109,4.000,18101.810,17549.235,63290.437,-0.263299,-0.961982,0.072556
211,237,13536,15200,12,center,21.285,-10.715,3.984,18040.438,17566.260,63281.467,-0.166377,-0.974654,0.149562
211,238,13536,15264,12,center,22.356,-9.644,2.000,17977.658,17574.497,63274.543,-0.225313,-0.937649,0.264666
211,239,13536,15328,12,center,30.555,-1.445,2.031,17915.396,17585.452,63266.884,-0.192884,-0.948240,0.252264
211,240,13536,15392,12,center,31.091,-0.909,4.000,17853.760,17598.687,63258.469,-0.258087,-0.944258,0.204372
211,241,13536,15456,12,center,32.334,0.334,4.000,17793.272,17616.770,63249.269,-0.393123,-0.902294,0.176973
211,242,13536,15520,12,center,31.664,-0.336,4.000,17736.987,17645.459,63238.014,-0.480263,-0.860397,0.170485
211,243,13536,15584,12,block_,32.274,0.274,4.000,17681.317,17675.810,63226.929,-0.542181,-0.831591,0.120402
211,244,13536,15648,12,block_,32.381,0.381,4.000,17627.454,17709.072,63215.778,-0.512804,-0.842955,0.162661
211,245,13536,15712,12,block_,31.690,-0.310,4.000,17572.310,17739.680,63205.228,-0.503398,-0.837883,0.211051
211,246,13536,15776,12,block_,30.541,-1.459,4.000,17516.888,17769.472,63194.568,-0.491461,-0.852128,0.179843
211,247,13536,15840,12,block_,30.491,-1.509,4.000,17460.871,17798.152,63183.999,-0.466828,-0.868923,0.164452
211,248,13536,15904,12,block_,29.356,-2.644,4.000,17405.932,17828.681,63172.521,-0.547909,-0.825906,0.132945
211,251,13536,16096,12,center,30.507,-1.493,4.000,17251.748,17936.115,63134.665,-0.509791,-0.859983,0.023302
211,252,13536,16160,12,center,26.585,-5.415,4.000,17198.198,17968.827,63122.370,-0.567233,-0.822316,0.045212
211,253,13536,16224,12,center,14.374,-17.626,3.984,17146.868,18004.274,63109.994,-0.599910,-0.798955,0.042181
211,254,13536,16288,12,center,17.380,-14.620,2.031,17097.792,18042.614,63097.414,-0.625185,-0.776838,0.075272
211,255,13536,16352,12,center,30.537,-1.463,4.000,17048.741,18080.957,63084.642,-0.638729,-0.763259,0.097269
211,256,13536,16416,12,block_,30.073,-1.927,4.000,17000.449,18120.143,63072.231,-0.639380,-0.745118,0.189714
211,263,13536,16864,12,center,34.307,2.307,4.000,16675.067,18414.337,62981.362,-0.686608,-0.637754,0.349055
211,264,13536,16928,12,center,36.640,4.640,4.000,16627.990,18456.129,62969.090,-0.678137,-0.697233,0.232370
211,265,13536,16992,12,center,44.230,12.230,4.000,16581.798,18498.581,62956.555,-0.702110,-0.694686,0.156375
211,266,13536,17056,12,center,30.630,-1.370,4.000,16538.008,18543.227,62943.403,-0.731529,-0.669880,0.126990
211,278,13536,17824,12,block_,16.974,-15.026,3.734,16138.688,19167.311,62766.242,-0.967885,-0.250334,0.023065
211,279,13536,17888,12,center,15.692,-16.308,4.000,16127.854,19227.850,62749.071,-0.986634,-0.110117,-0.120117
211,280,13536,17952,12,center,18.155,-13.845,4.016,16123.582,19289.145,62732.113,-0.993531,-0.100016,-0.053788
211,281,13536,18016,12,center,19.353,-12.647,5.984,16115.304,19349.714,62715.370,-0.985056,-0.143908,0.094628
211,282,13536,18080,12,center,26.047,-5.953,4.000,16106.370,19410.097,62698.777,-0.975263,-0.102931,0.195619
211,290,13536,18592,12,center,30.521,-1.479,4.000,16210.696,19877.897,62564.234,-0.562083,0.807687,-0.178054
211,291,13536,18656,12,center,28.467,-3.533,4.000,16265.620,19910.139,62553.131,-0.498815,0.860566,-0.103001
211,292,13536,18720,12,center,23.903,-8.097,4.000,16319.964,19942.067,62542.630,-0.545527,0.834052,-0.082204
211,293,13536,18784,12,center,20.576,-11.424,3.984,16371.988,19977.048,62531.220,-0.597328,0.797779,-0.082150
211,294,13536,18848,12,center,15.994,-16.006,2.000,16422.106,20014.231,62519.708,-0.608725,0.775964,-0.165328
211,295,13536,18912,12,center,24.614,-7.386,2.016,16472.539,20050.849,62508.305,-0.596315,0.780036,-0.189609
211,296,13536,18976,12,center,27.218,-4.782,4.000,16523.267,20086.935,62497.150,-0.598450,0.785041,-0.159903
211,297,13536,19040,12,block_,29.857,-2.143,4.000,16574.217,20122.824,62486.323,-0.579200,0.806826,-0.116447
211,298,13536,19104,12,block_,30.537,-1.463,4.000,16625.923,20157.618,62475.733,-0.559315,0.812233,-0.165661
211,306,13536,19616,12,center,30.537,-1.463,4.000,17088.808,20327.448,62426.277,-0.061909,0.922289,-0.381511
211,307,13536,19680,12,center,30.546,-1.454,4.000,17151.602,20331.737,62425.056,-0.078904,0.917336,-0.390216
211,308,13536,19744,12,center,31.770,-0.230,4.000,17214.161,20335.319,62423.740,-0.022974,0.918137,-0.395596
211,309,13536,19808,12,center,30.537,-1.463,4.000,17276.387,20335.065,62423.766,0.040310,0.946050,-0.321504
211,310,13536,19872,12,center,30.537,-1.463,4.000,17338.483,20331.604,62424.952,0.069825,0.959616,-0.272509
211,319,13536,20448,12,center,30.542,-1.458,4.000,17887.045,20217.858,62456.463,0.318914,0.882166,-0.346520
211,320,13536,20512,12,center,31.252,-0.748,4.000,17946.457,20197.956,62461.418,0.336263,0.880471,-0.334213
211,321,13536,20576,12,center,29.024,-2.976,4.000,18005.104,20176.493,62467.063,0.380757,0.880507,-0.282369
211,322,13536,20640,12,center,29.049,-2.951,4.000,18062.959,20153.179,62473.119,0.390977,0.865239,-0.313846
211,323,13536,20704,12,center,29.248,-2.752,4.000,18120.212,20128.561,62479.452,0.407258,0.869507,-0.279462
211,331,13536,21216,12,center,48.877,16.877,4.000,18551.607,19885.616,62542.600,0.666888,0.697713,-0.261645
211,332,13536,21280,12,center,49.789,17.789,4.000,18596.674,19843.814,62553.086,0.697113,0.669955,-0.255332
211,333,13536,21344,12,center,46.201,14.201,4.000,18641.559,19802.016,62563.816,0.687993,0.692779,-0.216154
211,334,13536,21408,12,center,40.559,8.559,4.000,18686.855,19760.666,62574.573,0.679814,0.692641,-0.241042
211,335,13536,21472,12,center,36.092,4.092,3.984,18732.322,19719.461,62585.227,0.675218,0.707806,-0.207584
211,336,13536,21536,12,center,32.266,0.266,2.016,18778.409,19678.860,62595.736,0.679828,0.712660,-0.173062
211,337,13536,21600,12,block_,32.490,0.490,2.800,18823.897,19637.663,62606.454,0.677736,0.718475,-0.156421
211,350,13536,22432,12,block_,33.075,1.075,4.000,19322.021,19028.065,62762.741,0.866756,0.423250,-0.263805
211,351,13536,22496,12,center,37.057,5.057,4.000,19351.759,18974.637,62776.275,0.888758,0.413403,-0.198006
211,352,13536,22560,12,center,32.961,0.961,4.000,19377.618,18919.309,62790.971,0.913839,0.361860,-0.184268
211,353,13536,22624,12,center,30.528,-1.472,4.000,19400.969,18863.157,62806.123,0.927041,0.329170,-0.179562
211,354,13536,22688,12,block_,29.958,-2.042,4.000,19424.873,18807.214,62821.088,0.915071,0.366396,-0.168521
211,386,13536,24736,10,center,36.573,4.573,4.016,18466.369,17510.370,63141.644,-0.085976,-0.991676,0.095847
211,387,13536,24800,10,center,44.386,12.386,6.000,18402.626,17516.341,63138.508,-0.114105,-0.987465,0.109052
211,388,13536,24864,10,center,45.135,13.135,5.969,18339.288,17524.666,63134.771,-0.151937,-0.972821,0.174742
211,389,13536,24928,10,center,36.501,4.501,4.000,18276.428,17534.676,63130.796,-0.208338,-0.951012,0.228412
211,402,13536,25760,10,block_,44.890,12.890,3.334,17523.219,17846.392,63034.481,-0.430622,-0.877556,0.210858
211,403,13536,25824,10,center,56.952,24.952,2.031,17466.921,17872.455,63026.617,-0.453500,-0.843474,0.287907
211,404,13536,25888,10,center,53.892,21.892,4.000,17413.119,17903.170,63017.546,-0.544658,-0.776262,0.317434
211,405,13536,25952,10,center,44.017,12.017,3.984,17360.446,17936.355,63007.958,-0.565210,-0.764074,0.311013
211,406,13536,26016,10,center,41.565,9.565,4.000,17308.792,17971.420,62997.949,-0.547956,-0.780182,0.301762
211,484,13536,31008,11,center,38.634,6.634,4.000,18600.552,19745.314,62644.321,0.642643,0.708353,-0.291971
211,485,13536,31072,11,center,32.301,0.301,4.000,18649.452,19706.961,62656.308,0.617651,0.746404,-0.247766
211,486,13536,31136,11,center,32.555,0.555,3.984,18698.657,19668.864,62668.233,0.643816,0.731262,-0.225291
211,487,13536,31200,11,center,32.607,0.607,2.016,18747.395,19630.291,62680.154,0.639913,0.729752,-0.240775
211,488,13536,31264,11,center,33.071,1.071,4.000,18795.445,19591.025,62692.488,0.647856,0.724392,-0.235666
211,489,13536,31328,11,block_,36.670,4.670,4.000,18843.233,19551.440,62704.707,0.676204,0.694082,-0.246978
211,499,13536,31968,11,center,38.748,6.748,3.984,19242.750,19088.361,62845.898,0.874031,0.421244,-0.242123
211,500,13536,32032,11,center,41.800,9.800,2.000,19273.171,19035.374,62861.993,0.857575,0.417379,-0.300599
211,501,13536,32096,11,center,41.800,9.800,2.000,19304.083,18982.242,62877.534,0.866191,0.386498,-0.316753
211,502,13536,32160,11,center,41.758,9.758,2.000,19331.856,18927.457,62893.889,0.898470,0.341244,-0.276232
211,503,13536,32224,11,center,39.170,7.170,2.016,19355.312,18870.980,62911.149,0.941843,0.298225,-0.154899
211,504,13536,32288,11,block_,38.893,6.893,3.290,19374.185,18813.199,62929.201,0.954059,0.261145,-0.146882
211,511,13536,32736,11,block_,40.529,8.529,4.000,19484.628,18404.130,63053.043,0.999977,0.004513,-0.005109
211,512,13536,32800,11,center,44.216,12.216,4.000,19483.254,18342.998,63071.979,0.998779,-0.048491,-0.009452
211,513,13536,32864,11,center,47.075,15.075,4.000,19477.515,18282.059,63090.964,0.991494,-0.125580,0.034203
211,514,13536,32928,11,center,45.207,13.207,4.000,19469.002,18221.334,63110.066,0.989279,-0.135948,0.053334
211,515,13536,32992,11,center,43.878,11.878,4.000,19457.195,18161.414,63129.007,0.969134,-0.235343,0.073438
211,516,13536,33056,11,block_,43.846,11.846,4.000,19436.065,18104.286,63146.911,0.901092,-0.421659,0.101175
211,524,13536,33568,11,block_,36.783,4.783,4.000,19054.969,17789.150,63242.946,0.374239,-0.912694,0.164118
211,525,13536,33632,11,center,32.047,0.047,4.000,18996.018,17765.137,63250.398,0.414750,-0.887692,0.199961
211,526,13536,33696,11,center,31.564,-0.436,4.000,18938.566,17737.822,63258.622,0.460205,-0.871425,0.169794
211,527,13536,33760,11,center,32.114,0.114,4.000,18881.217,17710.145,63266.777,0.438379,-0.876794,0.197627
211,528,13536,33824,11,center,40.105,8.105,4.000,18823.496,17682.643,63274.865,0.419227,-0.869905,0.259836
211,529,13536,33888,11,block_,40.113,8.113,4.000,18763.107,17660.311,63281.714,0.289312,-0.914850,0.281688
212,233,13600,14944,12,block_,32.577,0.577,4.530,18292.714,17490.189,63255.188,-0.298683,-0.942433,0.150358
212,234,13600,15008,12,center,33.816,1.816,4.000,18232.591,17510.635,63245.048,-0.328227,-0.938471,0.107424
212,235,13600,15072,12,center,32.160,0.160,4.000,18171.181,17527.596,63235.827,-0.244192,-0.961135,0.128800
212,236,13600,15136,12,center,30.536,-1.464,4.000,18108.733,17540.149,63227.846,-0.135343,-0.960091,0.244759
212,237,13600,15200,12,center,29.466,-2.534,3.984,18044.928,17546.199,63221.532,-0.123359,-0.909661,0.396611
212,238,13600,15264,12,center,29.527,-2.473,2.016,17981.329,17553.024,63214.872,-0.167676,-0.915058,0.366815
212,239,13600,15328,12,center,32.366,0.366,4.000,17918.831,17563.761,63207.251,-0.267225,-0.914210,0.304648
212,251,13600,16096,12,center,30.521,-1.479,4.000,17257.636,17922.791,63072.464,-0.597568,-0.771807,0.217318
212,252,13600,16160,12,center,28.515,-3.485,4.000,17204.525,17956.535,63060.134,-0.542347,-0.819757,0.184008
212,253,13600,16224,12,center,26.714,-5.286,4.000,17150.801,17989.024,63048.540,-0.553205,-0.799545,0.233865
212,254,13600,16288,12,center,32.736,0.736,4.000,17098.949,18024.063,63036.989,-0.600644,-0.754966,0.263159
212,255,13600,16352,12,block_,30.537,-1.463,3.992,17048.644,18061.214,63024.717,-0.621144,-0.738760,0.261561
212,263,13600,16864,12,block_,32.648,0.648,4.000,16671.707,18392.913,62921.209,-0.680722,-0.720201,0.133893
212,264,13600,16928,12,block_,32.508,0.508,4.000,16627.272,18437.400,62907.878,-0.742060,-0.649274,0.166704
212,265,13600,16992,12,center,30.537,-1.463,4.000,16584.180,18482.848,62894.614,-0.736312,-0.664016,0.130109
212,266,13600,17056,12,block_,31.737,-0.263,4.000,16540.794,18527.746,62881.500,-0.723717,-0.675290,0.142186
212,278,13600,17824,12,block_,24.050,-7.950,4.000,16145.818,19151.085,62704.847,-0.984667,-0.167730,-0.047930
212,279,13600,17888,12,center,18.304,-13.696,4.000,16136.070,19211.857,62687.911,-0.983418,-0.181073,0.010084
212,280,13600,17952,12,center,18.152,-13.848,4.016,16122.915,19271.847,62671.255,-0.968227,-0.202000,0.147419
212,281,13600,18016,12,center,19.033,-12.967,5.984,16107.461,19331.547,62655.027,-0.940558,-0.187531,0.283166
212,282,13600,18080,12,center,27.988,-4.012,4.000,16092.827,19391.776,62639.235,-0.962617,-0.072317,0.261036
212,290,13600,18592,12,block_,29.914,-2.086,4.000,16211.295,19857.666,62502.389,-0.636605,0.681827,-0.360341
212,291,13600,18656,12,center,29.096,-2.904,4.016,16264.458,19893.195,62491.949,-0.558541,0.755336,-0.342783
212,292,13600,18720,12,center,23.947,-8.053,4.016,16316.136,19928.415,62480.921,-0.597795,0.769221,-0.225700
212,293,13600,18784,12,center,21.015,-10.985,3.984,16367.063,19964.407,62469.177,-0.576853,0.803360,-0.147826
212,294,13600,18848,12,center,16.051,-15.949,2.016,16417.795,20000.981,62457.719,-0.632516,0.768541,-0.096276
212,295,13600,18912,12,center,23.960,-8.040,2.031,16467.810,20038.406,62446.275,-0.570448,0.809656,-0.138006
212,296,13600,18976,12,center,27.235,-4.765,4.000,16518.955,20073.909,62435.907,-0.581585,0.768662,-0.266304
212,297,13600,19040,12,center,30.537,-1.463,4.000,16570.658,20108.909,62425.112,-0.576977,0.738695,-0.348465
212,298,13600,19104,12,center,30.537,-1.463,4.000,16623.995,20142.507,62414.513,-0.548949,0.781874,-0.295514
212,299,13600,19168,12,center,30.537,-1.463,4.000,16678.185,20174.058,62405.639,-0.517936,0.780852,-0.349302
212,300,13600,19232,12,block_,30.738,-1.262,4.000,16729.730,20208.813,62394.843,-0.526039,0.807630,-0.266487
212,301,13600,19296,12,block_,31.946,-0.054,4.000,16785.813,20236.969,62386.217,-0.429295,0.875521,-0.221739
212,306,13600,19616,12,block_,30.537,-1.463,4.000,17088.847,20311.770,62365.658,-0.088486,0.983092,-0.160316
212,307,13600,19680,12,center,30.561,-1.439,4.000,17151.501,20315.776,62364.743,-0.060607,0.981621,-0.180960
212,308,13600,19744,12,center,30.546,-1.454,4.000,17213.997,20319.763,62363.757,-0.038337,0.990318,-0.133417
212,309,13600,19808,12,center,30.537,-1.463,4.000,17276.460,20320.220,62363.572,0.003347,0.985081,-0.172057
212,310,13600,19872,12,center,30.537,-1.463,4.000,17338.739,20317.843,62364.183,0.074501,0.981467,-0.176558
212,319,13600,20448,12,block_,28.505,-3.495,4.000,17885.702,20198.572,62396.694,0.315782,0.915826,-0.248083
212,320,13600,20512,12,center,21.593,-10.407,4.000,17944.959,20178.474,62401.775,0.340121,0.905548,-0.253576
212,321,13600,20576,12,center,25.541,-6.459,4.000,18003.973,20158.003,62407.097,0.345582,0.898246,-0.271530
212,322,13600,20640,12,center,28.447,-3.553,4.000,18061.935,20135.154,62413.065,0.400957,0.885308,-0.235508
212,323,13600,20704,12,center,29.242,-2.758,4.000,18119.334,20110.957,62419.337,0.403811,0.875266,-0.266171
212,331,13600,21216,12,block_,39.081,7.081,4.000,18549.903,19868.271,62482.695,0.650702,0.734742,-0.191678
212,332,13600,21280,12,center,46.159,14.159,4.000,18595.983,19827.777,62493.087,0.684187,0.719106,-0.121552
212,333,13600,21344,12,center,45.521,13.521,4.000,18641.444,19786.563,62503.682,0.665722,0.739641,-0.098719
212,334,13600,21408,12,center,40.404,8.404,4.000,18687.366,19745.788,62514.366,0.683476,0.722178,-0.106395
212,335,13600,21472,12,center,36.149,4.149,3.984,18733.526,19705.256,62524.627,0.666820,0.733912,-0.129323
212,336,13600,21536,12,center,36.094,4.094,2.000,18779.642,19664.685,62535.139,0.676891,0.721725,-0.144678
212,337,13600,21600,12,block_,35.402,3.402,2.000,18825.080,19623.411,62545.661,0.688402,0.708444,-0.155596
212,350,13600,22432,12,block_,31.875,-0.125,4.000,19317.295,19010.089,62703.351,0.906655,0.406538,-0.112710
212,351,13600,22496,12,center,33.516,1.516,4.000,19342.015,18954.495,62717.869,0.892844,0.389191,-0.226627
212,352,13600,22560,12,center,30.228,-1.772,4.000,19369.826,18900.084,62731.848,0.912732,0.347825,-0.214331
212,353,13600,22624,12,center,29.349,-2.651,4.000,19395.694,18844.946,62746.457,0.899319,0.386606,-0.204356
212,354,13600,22688,12,center,27.499,-4.501,4.000,19422.005,18790.010,62761.010,0.903085,0.401056,-0.153599
212,355,13600,22752,12,block_,25.780,-6.220,4.000,19449.494,18735.618,62775.232,0.891911,0.407263,-0.196550
212,386,13600,24736,10,center,37.849,5.849,4.016,18468.226,17495.465,63079.785,-0.034126,-0.949233,0.312716
212,387,13600,24800,10,center,40.224,8.224,5.969,18404.247,17500.109,63076.859,-0.106440,-0.950898,0.290627
212,388,13600,24864,10,center,40.195,8.195,4.000,18340.439,17506.188,63073.729,-0.127644,-0.938399,0.321113
212,389,13600,24928,10,center,36.501,4.501,4.000,18277.093,17515.545,63069.915,-0.185624,-0.931031,0.314205
212,402,13600,25760,10,block_,37.690,5.690,4.000,17522.766,17826.850,62974.822,-0.417901,-0.856973,0.301589
212,403,13600,25824,10,center,39.602,7.602,4.000,17465.598,17852.173,62967.174,-0.446024,-0.848478,0.284865
212,404,13600,25888,10,center,39.599,7.599,3.984,17410.401,17881.073,62958.559,-0.513897,-0.798340,0.313947
212,405,13600,25952,10,center,37.516,5.516,2.016,17356.705,17913.484,62948.919,-0.538619,-0.767795,0.346959
212,406,13600,26016,10,center,36.501,4.501,4.000,17303.328,17947.006,62939.504,-0.543565,-0.749888,0.377102
212,484,13600,31008,11,center,35.280,3.280,4.000,18599.707,19725.615,62584.181,0.628163,0.747619,-0.215584
212,485,13600,31072,11,center,32.570,0.570,4.000,18649.447,19688.120,62595.918,0.591443,0.766567,-0.250141
212,486,13600,31136,11,center,32.561,0.561,3.984,18699.707,19651.265,62607.397,0.633120,0.732766,-0.249427
212,487,13600,31200,11,center,32.614,0.614,2.016,18748.517,19612.826,62619.420,0.642018,0.745196,-0.180264
212,488,13600,31264,11,center,33.859,1.859,4.000,18796.664,19573.742,62631.715,0.655987,0.733663,-0.177257
212,499,13600,31968,11,center,38.760,6.760,3.984,19237.135,19067.330,62786.835,0.880924,0.406703,-0.242005
212,500,13600,32032,11,center,45.040,13.040,2.000,19264.432,19013.185,62803.579,0.902197,0.331667,-0.275750
212,501,13600,32096,11,center,45.017,13.017,2.000,19291.300,18958.552,62820.126,0.870834,0.339876,-0.355152
212,502,13600,32160,11,center,42.353,10.353,2.000,19319.428,18904.178,62836.253,0.866636,0.349868,-0.355718
212,503,13600,32224,11,center,41.509,9.509,2.016,19345.798,18849.087,62852.600,0.906367,0.285196,-0.311707
212,504,13600,32288,11,block_,39.637,7.637,3.266,19368.461,18792.744,62869.750,0.926343,0.295144,-0.234050
212,512,13600,32800,11,block_,44.416,12.416,4.000,19480.848,18324.313,63010.690,0.994500,-0.086971,-0.058365
212,513,13600,32864,11,center,44.152,12.152,4.000,19476.140,18263.071,63029.545,0.993760,-0.098860,-0.051645
212,514,13600,32928,11,center,43.216,11.216,4.000,19470.463,18201.777,63048.751,0.989371,-0.141432,-0.033784
212,515,13600,32992,11,center,43.222,11.222,4.000,19460.213,18141.075,63068.243,0.980719,-0.179432,0.077429
212,516,13600,33056,11,center,44.010,12.010,4.000,19436.573,18085.046,63086.293,0.846570,-0.491902,0.203352
212,517,13600,33120,11,block_,44.182,12.182,4.000,19400.955,18034.691,63102.099,0.821435,-0.534780,0.198129
212,525,13600,33632,11,center,33.143,1.143,4.000,18994.134,17750.706,63188.041,0.414093,-0.886428,0.206815
212,526,13600,33696,11,center,32.056,0.056,4.016,18936.643,17723.548,63196.035,0.465395,-0.857712,0.218490
212,527,13600,33760,11,center,33.206,1.206,4.015,18879.806,17694.934,63204.279,0.461573,-0.868635,0.180063
212,528,13600,33824,11,center,40.108,8.108,3.984,18822.022,17667.942,63212.149,0.389606,-0.906926,0.160289
212,529,13600,33888,11,center,40.328,8.328,3.984,18762.218,17644.878,63218.658,0.320071,-0.927142,0.194838
212,530,13600,33952,11,block_,42.943,10.943,3.833,18699.483,17630.190,63222.852,0.183156,-0.963322,0.196126
213,235,13664,15072,12,center,30.544,-1.456,4.000,18176.893,17514.577,63172.842,-0.195300,-0.937546,0.287864
213,236,13664,15136,12,center,30.795,-1.205,4.000,18112.754,17520.980,63166.642,-0.170515,-0.916473,0.361942
213,237,13664,15200,12,center,30.833,-1.167,3.984,18049.062,17528.404,63160.025,-0.102497,-0.961466,0.255103
213,238,13664,15264,12,center,35.738,3.738,2.031,17985.257,17532.126,63154.543,-0.128889,-0.948576,0.289123
213,239,13664,15328,12,block_,34.635,2.635,3.518,17923.807,17546.456,63145.910,-0.360875,-0.917461,0.167436
213,250,13664,16032,12,block_,30.537,-1.463,4.000,17311.232,17868.295,63024.352,-0.550186,-0.826521,0.118993
213,251,13664,16096,12,center,30.521,-1.479,4.000,17258.016,17901.463,63011.895,-0.544548,-0.788664,0.285441
213,252,13664,16160,12,center,28.489,-3.511,4.000,17204.358,17934.866,62999.799,-0.562270,-0.771278,0.298300
213,253,13664,16224,12,center,26.675,-5.325,4.000,17151.654,17969.914,62987.377,-0.599637,-0.758029,0.256568
213,254,13664,16288,12,center,32.680,0.680,3.984,17101.124,18007.022,62975.821,-0.601756,-0.778581,0.178049
213,255,13664,16352,12,block_,31.489,-0.511,4.000,17050.033,18043.086,62963.660,-0.590102,-0.775020,0.226104
213,278,13664,17824,12,block_,34.274,2.274,4.000,16148.942,19134.351,62643.214,-0.981878,-0.189369,-0.007456
213,279,13664,17888,12,center,38.236,6.236,4.000,16136.336,19194.801,62626.015,-0.984361,-0.174300,0.025546
213,280,13664,17952,12,center,18.126,-13.874,4.016,16116.888,19253.558,62610.349,-0.937596,-0.314828,0.147638
213,281,13664,18016,12,center,18.223,-13.777,5.969,16097.290,19312.778,62594.497,-0.962217,-0.245942,0.116837
213,282,13664,18080,12,center,30.537,-1.463,4.000,16083.113,19373.650,62578.182,-0.987062,-0.076492,0.140919
213,291,13664,18656,12,center,30.526,-1.474,5.984,16269.908,19868.345,62433.667,-0.626106,0.702347,-0.338674
213,292,13664,18720,12,center,29.085,-2.915,5.984,16319.140,19906.098,62421.858,-0.632902,0.695126,-0.340933
213,293,13664,18784,12,center,23.901,-8.099,4.016,16368.148,19944.488,62409.550,-0.631996,0.677091,-0.377000
213,294,13664,18848,12,center,23.949,-8.051,4.000,16417.402,19982.876,62397.285,-0.537456,0.727603,-0.426304
213,295,13664,18912,12,center,27.226,-4.774,4.000,16471.550,20014.732,62388.497,-0.524759,0.705578,-0.476222
213,296,13664,18976,12,center,29.364,-2.636,4.000,16525.477,20046.380,62379.841,-0.505930,0.743317,-0.437623
213,297,13664,19040,12,center,30.537,-1.463,4.000,16579.958,20077.669,62371.228,-0.504617,0.759014,-0.411411
213,298,13664,19104,12,center,30.542,-1.458,4.000,16632.653,20112.223,62360.315,-0.580878,0.689888,-0.432013
213,299,13664,19168,12,center,30.547,-1.453,4.000,16683.507,20148.307,62348.580,-0.619684,0.703258,-0.348455
213,300,13664,19232,12,center,31.234,-0.766,4.000,16733.625,20184.752,62336.686,-0.567476,0.745552,-0.349461
213,301,13664,19296,12,center,35.483,3.483,4.016,16787.541,20215.643,62327.013,-0.420993,0.809086,-0.410056
213,302,13664,19360,12,center,31.903,-0.097,4.000,16845.876,20238.696,62320.306,-0.329396,0.843260,-0.424749
213,303,13664,19424,12,block_,32.765,0.765,4.000,16905.569,20258.337,62314.835,-0.317871,0.866279,-0.385380
213,304,13664,19488,12,block_,33.374,1.374,4.000,16965.619,20275.918,62310.140,-0.249901,0.907509,-0.337604
213,305,13664,19552,12,block_,38.187,6.187,4.000,17026.925,20288.150,62306.956,-0.170869,0.943022,-0.285507
213,306,13664,19616,12,block_,35.551,3.551,4.000,17088.846,20298.259,62304.439,-0.140508,0.947921,-0.285836
213,307,13664,19680,12,center,33.696,1.696,4.000,17151.135,20305.946,62302.968,-0.130708,0.981381,-0.140734
213,308,13664,19744,12,center,31.791,-0.209,4.000,17213.414,20314.487,62301.278,-0.001470,0.979114,-0.203307
213,309,13664,19808,12,center,30.537,-1.463,4.000,17276.486,20311.033,62301.712,0.042623,0.984001,-0.172988
213,310,13664,19872,12,center,30.537,-1.463,4.000,17339.130,20307.176,62302.560,0.068585,0.984002,-0.164425
213,319,13664,20448,12,block_,27.352,-4.648,4.000,17887.585,20188.352,62334.995,0.314237,0.948731,-0.034113
213,320,13664,20512,12,center,20.591,-11.409,4.000,17946.943,20168.194,62340.117,0.337561,0.939496,-0.058305
213,321,13664,20576,12,center,25.536,-6.464,4.000,18005.764,20146.607,62345.752,0.355243,0.934488,-0.023117
213,322,13664,20640,12,center,26.241,-5.759,4.000,18063.519,20122.871,62351.995,0.416400,0.908826,-0.025429
213,323,13664,20704,12,center,28.491,-3.509,4.000,18119.343,20095.394,62358.825,0.440787,0.892515,-0.095519
213,333,13664,21344,12,center,45.057,13.057,4.000,18645.311,19775.230,62442.611,0.675656,0.726500,-0.125245
213,334,13664,21408,12,center,40.623,8.623,4.016,18691.096,19734.329,62453.134,0.680462,0.727214,-0.090175
213,335,13664,21472,12,center,39.616,7.616,4.000,18736.245,19692.719,62463.669,0.683310,0.721970,-0.108840
213,336,13664,21536,12,center,39.118,7.118,2.016,18781.805,19651.481,62474.288,0.691159,0.713951,-0.112130
213,337,13664,21600,12,center,38.931,6.931,2.016,18826.166,19609.086,62484.992,0.700536,0.698974,-0.143821
213,350,13664,22432,12,block_,31.922,-0.078,4.000,19320.801,18995.700,62642.711,0.924888,0.380101,-0.010231
213,351,13664,22496,12,center,33.492,1.492,4.000,19343.301,18939.223,62657.384,0.931861,0.362515,-0.014747
213,352,13664,22560,12,center,30.189,-1.811,4.000,19366.323,18882.878,62672.004,0.932273,0.358998,-0.044591
213,353,13664,22624,12,center,26.887,-5.113,4.000,19391.975,18827.473,62686.338,0.901352,0.414073,-0.126915
213,354,13664,22688,12,center,16.852,-15.148,4.000,19419.272,18772.846,62700.699,0.902573,0.405293,-0.145255
213,355,13664,22752,12,center,21.449,-10.551,4.000,19446.011,18718.117,62715.247,0.908662,0.392627,-0.142045
213,386,13664,24736,10,center,36.501,4.501,4.000,18470.010,17481.167,63017.137,-0.028487,-0.993855,0.106958
213,387,13664,24800,10,center,36.501,4.501,4.000,18405.748,17484.529,63014.713,-0.089076,-0.984733,0.149555
213,388,13664,24864,10,center,36.502,4.502,4.000,18341.871,17490.580,63011.740,-0.113244,-0.984769,0.131934
213,389,13664,24928,10,center,36.563,4.563,4.000,18278.796,17501.109,63007.856,-0.211315,-0.975503,0.061162
213,402,13664,25760,10,center,36.520,4.520,4.000,17524.890,17812.297,62914.247,-0.463689,-0.885888,-0.013982
213,403,13664,25824,10,center,38.979,6.979,4.000,17469.633,17841.660,62905.806,-0.460957,-0.887423,0.000256
213,404,13664,25888,10,center,40.603,8.603,3.984,17412.228,17866.717,62897.613,-0.402671,-0.913890,0.051592
213,405,13664,25952,10,center,38.367,6.367,2.031,17356.043,17895.395,62889.125,-0.489087,-0.872233,0.001950
213,406,13664,26016,10,block_,36.842,4.842,3.547,17301.379,17927.477,62879.482,-0.546033,-0.836570,0.044704
213,483,13664,30944,11,block_,37.426,5.426,4.000,18551.309,19746.287,62511.562,0.601973,0.788631,-0.125256
213,484,13664,31008,11,center,36.215,4.215,4.000,18602.001,19709.793,62522.874,0.599776,0.794443,-0.095549
213,485,13664,31072,11,center,34.576,2.576,4.000,18651.904,19672.268,62534.530,0.617677,0.777762,-0.116456
213,486,13664,31136,11,center,33.364,1.364,3.984,18701.953,19635.066,62546.396,0.610242,0.782681,-0.122532
213,487,13664,31200,11,center,32.715,0.715,2.031,18751.119,19597.027,62558.257,0.642945,0.751935,-0.145655
213,488,13664,31264,11,block_,33.635,1.635,3.266,18798.665,19557.294,62570.725,0.668405,0.726275,-0.160495
213,499,13664,31968,11,center,38.772,6.772,3.984,19231.172,19046.286,62728.016,0.889456,0.414167,-0.193221
213,500,13664,32032,11,center,46.600,14.600,2.016,19257.965,18992.052,62744.825,0.916004,0.364196,-0.168219
213,501,13664,32096,11,center,46.404,14.404,2.000,19283.748,18937.140,62761.543,0.913282,0.376740,-0.154863
213,502,13664,32160,11,center,43.942,11.942,2.000,19310.169,18882.317,62778.032,0.895117,0.404885,-0.186635
213,503,13664,32224,11,center,42.244,10.244,2.031,19336.527,18827.575,62794.213,0.910307,0.357379,-0.208859
213,504,13664,32288,11,block_,39.708,7.708,3.508,19361.238,18772.132,62810.690,0.918277,0.345389,-0.193582
213,513,13664,32864,11,center,40.676,8.676,4.000,19465.373,18245.232,62968.705,0.970034,-0.176729,-0.166734
213,514,13664,32928,11,center,41.707,9.707,3.984,19459.524,18183.616,62987.867,0.966658,-0.129319,-0.221018
213,515,13664,32992,11,center,41.733,9.733,3.984,19456.663,18121.863,63007.026,0.982883,-0.147564,-0.110295
213,516,13664,33056,11,center,44.647,12.647,4.000,19438.988,18063.982,63026.206,0.912728,-0.361331,0.190701
213,517,13664,33120,11,block_,44.495,12.495,4.000,19407.452,18011.260,63043.317,0.810067,-0.504504,0.298777
213,525,13664,33632,11,block_,32.871,0.871,4.533,18994.880,17731.107,63127.151,0.434861,-0.843651,0.314877
213,526,13664,33696,11,center,32.675,0.675,6.000,18937.580,17703.796,63135.171,0.442779,-0.841797,0.308747
213,527,13664,33760,11,center,33.229,1.229,5.953,18879.825,17677.158,63142.788,0.426598,-0.848192,0.313981
213,528,13664,33824,11,center,40.401,8.401,2.000,18822.292,17649.816,63150.759,0.410454,-0.852519,0.323633
213,529,13664,33888,11,center,49.641,17.641,2.016,18761.816,17629.380,63156.245,0.253657,-0.937108,0.239764
213,530,13664,33952,11,center,48.831,16.831,4.000,18698.716,17617.836,63159.448,0.166889,-0.968506,0.184780
213,531,13664,34016,11,block_,46.091,14.091,4.000,18635.039,17607.620,63161.826,0.151114,-0.966147,0.209105
214,235,13728,15072,12,block_,30.136,-1.864,4.000,18179.847,17490.475,63112.515,-0.232672,-0.840306,0.489642
214,236,13728,15136,12,center,28.882,-3.118,4.000,18115.600,17497.075,63106.949,-0.133388,-0.902181,0.410215
214,237,13728,15200,12,center,28.897,-3.103,4.000,18052.272,17505.557,63100.231,-0.173835,-0.881187,0.439648
214,238,13728,15264,12,center,30.791,-1.209,4.000,17989.658,17514.292,63093.708,-0.167415,-0.924440,0.342611
214,239,13728,15328,12,block_,30.622,-1.378,4.000,17927.229,17524.296,63086.426,-0.215000,-0.836761,0.503594
214,250,13728,16032,12,block_,31.314,-0.686,4.000,17320.862,17861.868,62962.065,-0.541208,-0.840278,0.032039
214,251,13728,16096,12,center,30.540,-1.460,4.000,17267.110,17894.393,62950.251,-0.506916,-0.859688,-0.063028
214,252,13728,16160,12,center,25.147,-6.853,4.000,17213.544,17927.947,62938.319,-0.502891,-0.858112,-0.103655
214,253,13728,16224,12,center,21.785,-10.215,3.984,17158.787,17959.906,62925.963,-0.524099,-0.846275,-0.095598
214,254,13728,16288,12,center,25.570,-6.430,2.031,17106.662,17994.476,62913.981,-0.506442,-0.859731,0.066174
214,279,13728,17888,12,center,30.457,-1.543,4.000,16135.830,19177.262,62564.499,-0.927200,-0.256819,0.272660
214,280,13728,17952,12,center,20.371,-11.629,4.000,16111.211,19234.975,62549.164,-0.926770,-0.282943,0.247065
214,281,13728,18016,12,center,20.450,-11.550,4.000,16091.933,19294.579,62532.674,-0.945675,-0.227089,0.232659
214,282,13728,18080,12,center,30.537,-1.463,4.000,16077.741,19355.255,62516.054,-0.996170,-0.024794,0.083843
214,291,13728,18656,12,center,30.525,-1.475,4.016,16267.169,19853.357,62373.957,-0.559959,0.828500,-0.005846
214,292,13728,18720,12,center,29.003,-2.997,5.984,16319.660,19886.757,62362.271,-0.535743,0.827978,-0.165625
214,293,13728,18784,12,center,22.844,-9.156,5.969,16372.664,19920.014,62351.112,-0.579003,0.761498,-0.291336
214,294,13728,18848,12,center,25.854,-6.146,4.000,16424.567,19955.689,62340.857,-0.595406,0.762727,-0.252466
214,295,13728,18912,12,center,29.364,-2.636,4.000,16475.532,19991.949,62330.475,-0.585445,0.789928,-0.182395
214,296,13728,18976,12,center,30.537,-1.463,4.000,16527.757,20025.577,62320.868,-0.519617,0.827403,-0.213078
214,297,13728,19040,12,center,30.542,-1.458,4.000,16582.139,20056.139,62311.446,-0.523714,0.802067,-0.287077
214,298,13728,19104,12,center,31.176,-0.824,4.000,16634.985,20089.854,62300.969,-0.577957,0.763380,-0.288471
214,299,13728,19168,12,center,31.195,-0.805,4.000,16685.432,20126.617,62289.132,-0.633708,0.736242,-0.237404
214,300,13728,19232,12,center,33.698,1.698,4.016,16734.593,20164.386,62277.413,-0.551139,0.808893,-0.204786
214,301,13728,19296,12,center,35.834,3.834,5.969,16790.598,20191.135,62269.117,-0.376789,0.868895,-0.321016
214,302,13728,19360,12,center,35.152,3.152,4.000,16849.849,20211.561,62263.483,-0.333155,0.870271,-0.362816
214,303,13728,19424,12,center,35.099,3.099,4.000,16908.723,20233.071,62257.273,-0.361642,0.857298,-0.366408
214,304,13728,19488,12,center,35.138,3.138,4.000,16967.765,20253.590,62251.514,-0.326394,0.885491,-0.330715
214,305,13728,19552,12,center,40.088,8.088,4.031,17026.925,20272.905,62246.384,-0.270976,0.935891,-0.225124
214,306,13728,19616,12,center,39.103,7.103,5.984,17087.359,20291.292,62242.845,-0.286012,0.947930,-0.140094
214,307,13728,19680,12,center,37.149,5.149,4.016,17149.843,20302.812,62240.225,-0.093150,0.993862,-0.059685
214,308,13728,19744,12,center,33.302,1.302,4.000,17213.182,20302.685,62239.466,0.063023,0.995787,-0.066612
214,309,13728,19808,12,center,30.537,-1.463,4.000,17276.429,20300.150,62239.608,0.017604,0.997492,-0.068550
214,310,13728,19872,12,center,30.537,-1.463,4.000,17339.577,20297.706,62240.333,0.078959,0.989467,-0.121331
214,319,13728,20448,12,block_,27.450,-4.550,4.000,17892.411,20186.925,62272.497,0.305603,0.946776,-0.101104
214,320,13728,20512,12,center,21.683,-10.317,4.000,17952.231,20167.117,62277.545,0.324581,0.944976,-0.040831
214,321,13728,20576,12,center,27.063,-4.937,4.000,18012.046,20146.451,62283.176,0.331390,0.940273,-0.077887
214,322,13728,20640,12,center,27.065,-4.935,4.000,18069.988,20121.434,62289.730,0.459583,0.885753,-0.065004
214,323,13728,20704,12,block_,29.441,-2.559,4.000,18125.649,20092.372,62296.630,0.462806,0.885790,0.034452
214,333,13728,21344,12,block_,42.724,10.724,4.516,18648.667,19763.385,62381.559,0.617158,0.784465,-0.061080
214,334,13728,21408,12,center,45.056,13.056,5.984,18696.899,19725.222,62391.724,0.652062,0.758163,-0.001952
214,335,13728,21472,12,center,40.417,8.417,5.969,18742.952,19684.400,62402.238,0.680719,0.730496,0.054746
214,336,13728,21536,12,center,39.118,7.118,3.984,18786.740,19641.136,62413.004,0.686860,0.726218,0.028835
214,337,13728,21600,12,center,38.912,6.912,2.016,18830.947,19598.426,62423.851,0.706875,0.707290,0.008351
214,338,13728,21664,12,block_,36.886,4.886,3.172,18874.637,19555.336,62434.935,0.714875,0.698586,-0.030503
214,351,13728,22496,12,block_,30.374,-1.626,4.000,19347.350,18925.227,62596.332,0.926666,0.375576,-0.015286
214,352,13728,22560,12,center,27.499,-4.501,4.000,19371.745,18869.407,62610.942,0.925923,0.376560,0.029466
214,353,13728,22624,12,center,16.849,-15.151,4.000,19394.564,18812.734,62625.395,0.911629,0.410999,-0.003537
214,354,13728,22688,12,center,13.626,-18.374,4.000,19419.730,18757.089,62640.075,0.919073,0.393857,-0.013456
214,355,13728,22752,12,center,14.221,-17.779,4.000,19445.537,18701.881,62654.774,0.905445,0.421009,-0.054035
214,356,13728,22816,12,block_,23.888,-8.112,4.000,19470.400,18646.395,62669.482,0.924868,0.369870,-0.088409
214,386,13728,24736,10,center,36.501,4.501,4.000,18471.986,17483.010,62953.334,-0.011136,-0.999008,-0.043118
214,387,13728,24800,10,center,36.502,4.502,4.000,18408.105,17483.213,62950.933,-0.002672,-0.999993,0.002647
214,388,13728,24864,10,center,36.625,4.625,4.000,18344.721,17486.066,62948.166,-0.141990,-0.988953,0.042564
214,389,13728,24928,10,center,44.417,12.417,4.000,18282.566,17497.991,62944.435,-0.226673,-0.971120,0.074466
214,390,13728,24992,10,block_,43.057,11.057,4.000,18221.858,17514.635,62939.488,-0.280844,-0.958767,0.043496
214,402,13728,25760,10,center,36.501,4.501,4.000,17532.515,17808.704,62851.895,-0.464409,-0.883633,0.059308
214,403,13728,25824,10,center,36.471,4.471,4.000,17476.436,17836.037,62843.396,-0.431713,-0.901945,0.010918
214,404,13728,25888,10,center,37.188,5.188,4.000,17420.294,17863.582,62834.840,-0.455791,-0.885873,-0.086504
214,405,13728,25952,10,center,35.059,3.059,4.000,17365.824,17894.651,62826.072,-0.490837,-0.866749,-0.088465
214,406,13728,26016,10,block_,36.155,4.155,3.999,17311.235,17925.619,62816.664,-0.484795,-0.866252,-0.120751
214,483,13728,30944,11,block_,36.956,4.956,4.000,18556.620,19734.691,62449.128,0.591808,0.800709,-0.092888
214,484,13728,31008,11,center,35.305,3.305,4.000,18607.881,19698.353,62460.290,0.593068,0.797116,-0.113474
214,485,13728,31072,11,center,36.220,4.220,4.000,18657.375,19660.043,62472.391,0.629192,0.767965,-0.119781
214,486,13728,31136,11,center,34.233,2.233,4.016,18706.317,19621.495,62484.584,0.653395,0.730513,-0.198558
214,487,13728,31200,11,center,34.269,2.269,4.000,18753.787,19581.355,62497.104,0.670610,0.710097,-0.214579
214,499,13728,31968,11,center,38.779,6.779,4.000,19234.871,19029.961,62668.064,0.881553,0.465727,0.077214
214,500,13728,32032,11,center,47.520,15.520,3.984,19260.457,18975.053,62684.783,0.901747,0.422622,0.090791
214,501,13728,32096,11,center,47.502,15.502,2.016,19285.974,18920.015,62701.472,0.894860,0.441132,0.068034
214,502,13728,32160,11,center,43.056,11.056,2.031,19310.851,18864.635,62717.934,0.918414,0.395600,-0.004015
214,503,13728,32224,11,center,41.481,9.481,4.000,19334.887,18809.042,62734.315,0.919819,0.387268,-0.062906
214,504,13728,32288,11,block_,39.392,7.392,3.999,19359.478,18753.744,62750.738,0.923012,0.381501,-0.050052
214,513,13728,32864,11,center,40.657,8.657,3.984,19456.382,18227.320,62907.443,0.980241,-0.169870,0.101351
214,514,13728,32928,11,center,41.213,9.213,2.016,19446.845,18165.053,62926.442,0.999734,-0.002601,-0.022916
214,515,13728,32992,11,center,41.650,9.650,2.031,19447.429,18103.020,62946.290,0.999362,-0.035106,0.006596
214,516,13728,33056,11,center,44.004,12.004,4.000,19441.777,18042.547,62966.239,0.966220,-0.211643,0.147058
214,517,13728,33120,11,block_,44.007,12.007,4.000,19412.707,17988.381,62983.544,0.834271,-0.463570,0.298487
214,525,13728,33632,11,block_,34.445,2.445,4.891,18996.686,17709.656,63066.928,0.452461,-0.829623,0.327115
214,526,13728,33696,11,center,33.642,1.642,5.984,18939.516,17682.255,63074.850,0.433895,-0.838768,0.328944
214,527,13728,33760,11,center,36.070,4.070,3.969,18881.619,17656.102,63082.373,0.407973,-0.866638,0.287222
214,528,13728,33824,11,center,49.624,17.624,2.000,18822.733,17632.107,63089.268,0.353858,-0.913917,0.198849
214,529,13728,33888,11,center,51.534,19.534,2.016,18761.425,17614.741,63093.858,0.203950,-0.960338,0.190147
214,530,13728,33952,11,center,51.509,19.509,4.000,18698.174,17605.730,63096.294,0.135114,-0.972624,0.189068
214,531,13728,34016,11,center,48.775,16.775,4.000,18634.743,17596.853,63098.374,0.115441,-0.989183,0.090504
214,532,13728,34080,11,block_,42.116,10.116,4.000,18570.637,17592.062,63099.509,0.066185,-0.996158,0.057351
215,235,13792,15072,12,block_,28.794,-3.206,4.000,18182.788,17466.867,63054.743,-0.162665,-0.982134,0.094620
215,236,13792,15136,12,center,25.705,-6.295,4.000,18119.448,17477.700,63047.075,-0.228752,-0.971396,0.063736
215,237,13792,15200,12,center,25.731,-6.269,4.000,18056.199,17488.220,63039.852,-0.166917,-0.984333,-0.056806
215,238,13792,15264,12,center,28.734,-3.266,3.984,17993.785,17503.552,63032.087,-0.223926,-0.974164,-0.029366
215,239,13792,15328,12,block_,29.866,-2.134,3.998,17930.469,17506.313,63025.591,-0.144580,-0.989466,-0.007273
215,250,13792,16032,12,block_,36.406,4.406,4.014,17326.868,17849.679,62899.602,-0.538759,-0.839215,0.073868
215,251,13792,16096,12,center,36.315,4.315,4.016,17274.516,17884.484,62887.846,-0.558689,-0.822823,0.104062
215,252,13792,16160,12,center,26.127,-5.873,4.016,17219.819,17915.709,62876.309,-0.528611,-0.824227,0.203026
215,253,13792,16224,12,center,21.810,-10.190,4.016,17166.249,17948.982,62864.243,-0.533219,-0.837979,0.116053
215,254,13792,16288,12,center,25.575,-6.425,4.000,17112.880,17981.885,62851.943,-0.543979,-0.836439,0.066751
215,255,13792,16352,12,block_,28.818,-3.182,4.000,17060.789,18016.423,62839.587,-0.582210,-0.811604,0.048281
215,257,13792,16480,12,block_,30.318,-1.682,4.000,16964.618,18095.378,62814.111,-0.716183,-0.694092,-0.072927
215,258,13792,16544,12,block_,29.736,-2.264,4.000,16921.805,18140.683,62800.290,-0.719160,-0.694843,-0.001635
215,259,13792,16608,12,block_,27.995,-4.005,4.000,16877.045,18184.335,62786.248,-0.721529,-0.683970,0.107616
215,260,13792,16672,12,block_,25.837,-6.163,4.000,16832.584,18229.035,62772.823,-0.697679,-0.654290,0.291801
215,261,13792,16736,12,block_,25.008,-6.992,4.000,16785.225,18271.759,62760.016,-0.650465,-0.630999,0.422771
215,262,13792,16800,12,block_,26.793,-5.207,4.000,16735.806,18312.096,62747.881,-0.647391,-0.659970,0.381216
215,279,13792,17888,12,center,30.458,-1.542,4.000,16122.456,19156.176,62505.190,-0.939191,-0.280242,0.198456
215,280,13792,17952,12,center,20.396,-11.604,4.000,16101.549,19214.704,62488.749,-0.948871,-0.278592,0.148429
215,281,13792,18016,12,center,20.475,-11.525,4.000,16081.680,19274.535,62470.938,-0.960253,-0.238421,0.145154
215,282,13792,18080,12,center,30.537,-1.463,4.000,16079.302,19336.647,62453.923,-0.991227,0.067408,-0.113686
215,291,13792,18656,12,center,30.452,-1.548,4.000,16254.621,19851.015,62311.213,-0.573939,0.817839,0.041624
215,292,13792,18720,12,center,19.630,-12.370,3.984,16308.961,19883.916,62299.920,-0.474586,0.876875,0.076541
215,293,13792,18784,12,center,19.706,-12.294,3.984,16364.418,19914.400,62289.505,-0.488097,0.869751,0.072763
215,294,13792,18848,12,center,29.355,-2.645,4.000,16417.214,19948.387,62279.107,-0.557241,0.830253,0.012775
215,295,13792,18912,12,block_,28.922,-3.078,4.000,16468.898,19983.728,62268.391,-0.558785,0.827426,-0.055913
215,299,13792,19168,12,block_,31.715,-0.285,4.000,16682.608,20111.031,62227.629,-0.701564,0.699122,-0.137970
215,300,13792,19232,12,center,35.108,3.108,4.000,16732.407,20148.781,62216.239,-0.475494,0.837689,-0.268666
215,301,13792,19296,12,center,35.890,3.890,4.000,16790.213,20174.647,62208.373,-0.342644,0.905913,-0.248831
215,302,13792,19360,12,center,38.684,6.684,4.000,16850.677,20192.475,62203.541,-0.327746,0.912784,-0.243737
215,303,13792,19424,12,center,31.921,-0.079,4.016,16909.256,20214.885,62197.254,-0.373140,0.902477,-0.215178
215,304,13792,19488,12,center,31.914,-0.086,4.016,16968.125,20236.423,62191.308,-0.331254,0.920111,-0.208965
215,305,13792,19552,12,center,37.818,5.818,5.984,17027.827,20255.916,62186.386,-0.303060,0.930593,-0.205308
215,306,13792,19616,12,center,40.898,8.898,5.984,17088.163,20274.586,62181.800,-0.287456,0.934379,-0.210486
215,307,13792,19680,12,center,39.551,7.551,5.984,17149.585,20291.291,62177.669,-0.220587,0.953789,-0.204028
215,308,13792,19744,12,center,36.270,4.270,4.000,17212.905,20299.101,62176.028,-0.093262,0.991535,-0.090337
215,309,13792,19808,12,center,30.582,-1.418,4.000,17276.852,20299.520,62175.850,0.047013,0.998800,-0.013726
215,310,13792,19872,12,block_,30.537,-1.463,4.000,17340.876,20297.872,62177.082,0.085057,0.996341,0.008366
215,319,13792,20448,12,block_,30.295,-1.705,4.000,17894.922,20178.325,62210.067,0.314634,0.947355,-0.059361
215,320,13792,20512,12,center,30.537,-1.463,4.000,17954.690,20157.936,62215.192,0.320782,0.946359,-0.038782
215,321,13792,20576,12,center,30.518,-1.482,4.016,18014.224,20135.830,62220.965,0.359951,0.932527,-0.028787
215,322,13792,20640,12,center,27.336,-4.664,4.016,18073.100,20112.216,62227.292,0.397972,0.917302,-0.013249
215,323,13792,20704,12,block_,29.697,-2.303,4.000,18130.485,20085.985,62234.007,0.445242,0.891012,-0.088641
215,334,13792,21408,12,block_,40.712,8.712,4.297,18703.993,19717.586,62330.057,0.626281,0.763932,-0.155499
215,335,13792,21472,12,center,39.538,7.538,4.000,18750.352,19676.703,62341.055,0.688733,0.704696,-0.170443
215,336,13792,21536,12,center,39.041,7.041,3.984,18795.559,19634.627,62351.614,0.700317,0.707720,-0.093205
215,337,13792,21600,12,center,37.452,5.452,2.031,18839.857,19591.780,62362.520,0.711127,0.700726,-0.057278
215,338,13792,21664,12,block_,32.547,0.547,3.578,18881.830,19546.939,62373.711,0.756224,0.652683,-0.046141
215,352,13792,22560,12,center,30.463,-1.537,4.000,19380.954,18857.791,62549.973,0.908024,0.410377,0.084161
215,353,13792,22624,12,center,21.083,-10.917,4.000,19405.712,18801.824,62564.555,0.887326,0.443423,0.126606
215,354,13792,22688,12,center,13.776,-18.224,4.000,19429.893,18745.602,62579.201,0.918848,0.381609,0.100464
215,355,13792,22752,12,center,23.534,-8.466,4.000,19451.242,18688.297,62593.877,0.929538,0.365094,0.051625
215,356,13792,22816,12,center,28.641,-3.359,4.000,19472.078,18631.046,62608.860,0.945031,0.325593,-0.030102
215,386,13792,24736,10,center,36.501,4.501,4.000,18473.998,17480.841,62889.711,-0.008381,-0.999296,0.036562
215,387,13792,24800,10,center,36.572,4.572,4.000,18410.527,17480.389,62887.482,-0.003342,-0.998843,0.047980
215,388,13792,24864,10,center,44.508,12.508,4.000,18347.477,17483.196,62885.005,-0.077190,-0.996595,0.028984
215,389,13792,24928,10,center,50.296,18.296,4.000,18285.323,17491.685,62881.861,-0.176176,-0.980104,0.091420
215,390,13792,24992,10,block_,49.080,17.080,4.000,18224.939,17506.998,62877.250,-0.280033,-0.946772,0.158758
215,402,13792,25760,10,center,36.464,4.464,4.000,17536.427,17798.570,62790.115,-0.453900,-0.866118,0.209320
215,403,13792,25824,10,center,31.793,-0.207,4.000,17481.839,17828.507,62781.902,-0.518901,-0.826218,0.219330
215,404,13792,25888,10,center,33.774,1.774,4.000,17427.624,17859.187,62773.014,-0.490510,-0.842353,0.223250
215,405,13792,25952,10,center,28.957,-3.043,4.000,17372.729,17888.802,62764.193,-0.493862,-0.849592,0.185187
215,406,13792,26016,10,block_,33.812,1.812,4.000,17318.692,17919.817,62754.882,-0.541019,-0.831015,0.129279
215,483,13792,30944,11,block_,35.572,3.572,4.000,18554.755,19713.753,62389.873,0.556254,0.720345,-0.414348
215,484,13792,31008,11,center,35.782,3.782,4.000,18606.281,19677.837,62400.851,0.603001,0.671434,-0.430775
215,485,13792,31072,11,center,36.194,4.194,4.016,18654.781,19638.493,62413.372,0.638771,0.653362,-0.406312
215,486,13792,31136,11,center,36.210,4.210,5.969,18703.808,19600.016,62425.159,0.628538,0.660487,-0.410726
215,487,13792,31200,11,center,36.359,4.359,4.000,18751.132,19559.762,62437.697,0.672153,0.662451,-0.330710
215,499,13792,31968,11,center,38.743,6.743,4.000,19250.350,19019.403,62608.231,0.871658,0.483602,0.079627
215,500,13792,32032,11,center,42.852,10.852,4.000,19276.155,18964.301,62624.983,0.905108,0.411591,0.106644
215,501,13792,32096,11,center,44.934,12.934,4.000,19301.942,18909.351,62641.948,0.902135,0.425290,0.072669
215,502,13792,32160,11,center,42.772,10.772,4.000,19324.518,18852.777,62658.342,0.926081,0.370894,0.069371
215,503,13792,32224,11,center,38.704,6.704,4.000,19343.878,18795.168,62674.168,0.944049,0.321684,0.072743
215,504,13792,32288,11,center,38.710,6.710,4.000,19365.418,18738.555,62690.233,0.918464,0.395466,-0.005478
215,513,13792,32864,11,center,38.726,6.726,4.000,19466.899,18207.164,62846.513,0.967418,-0.047967,0.248600
215,514,13792,32928,11,center,40.657,8.657,4.000,19460.703,18145.013,62866.076,0.955523,0.010853,0.294717
215,515,13792,32992,11,center,41.235,9.235,3.984,19456.450,18082.682,62885.385,0.978022,0.027180,0.206723
215,516,13792,33056,11,center,43.910,11.910,4.000,19448.613,18020.849,62905.483,0.961519,-0.185121,0.203005
215,517,13792,33120,11,block_,43.927,11.927,4.000,19423.988,17962.443,62923.989,0.851539,-0.391773,0.348417
215,525,13792,33632,11,center,34.586,2.586,4.016,19000.460,17685.138,63008.115,0.463814,-0.797453,0.385934
215,526,13792,33696,11,center,35.982,3.982,5.953,18943.136,17657.548,63015.970,0.423285,-0.808713,0.408427
215,527,13792,33760,11,center,45.126,13.126,2.000,18884.468,17632.212,63023.137,0.376310,-0.822820,0.425863
215,528,13792,33824,11,center,46.635,14.635,2.000,18823.978,17611.165,63029.123,0.290138,-0.867072,0.404977
215,529,13792,33888,11,center,50.787,18.787,2.031,18761.661,17596.897,63032.841,0.149446,-0.918078,0.367150
215,530,13792,33952,11,center,50.203,18.203,4.000,18697.898,17591.143,63034.098,0.070139,-0.940729,0.331828
215,531,13792,34016,11,center,44.232,12.232,4.000,18634.164,17585.997,63035.657,0.069548,-0.960856,0.268177
215,532,13792,34080,11,center,38.725,6.725,4.016,18570.378,17583.252,63036.238,0.020713,-0.965694,0.258854
215,533,13792,34144,11,center,38.710,6.710,5.984,18506.390,17584.111,63036.195,-0.004894,-0.968462,0.249113
215,534,13792,34208,11,block_,38.710,6.710,4.203,18442.590,17586.482,63035.387,-0.105656,-0.965891,0.236414
215,535,13792,34272,11,block_,38.710,6.710,4.000,18378.675,17590.745,63034.413,-0.088405,-0.962038,0.258199
216,235,13856,15072,12,block_,24.361,-7.639,4.000,18189.498,17462.254,62990.879,-0.242441,-0.968391,0.058656
216,236,13856,15136,12,center,18.162,-13.838,4.000,18127.337,17477.820,62982.825,-0.241456,-0.966821,-0.083406
216,237,13856,15200,12,center,18.507,-13.493,3.969,18064.628,17493.082,62975.327,-0.193216,-0.974680,-0.112546
216,238,13856,15264,12,center,25.818,-6.182,2.016,18001.094,17504.308,62968.204,-0.123207,-0.992347,-0.008256
216,239,13856,15328,12,block_,27.838,-4.162,3.308,17937.302,17508.327,62960.740,-0.015352,-0.999119,-0.039063
216,250,13856,16032,12,block_,37.250,5.250,4.427,17336.440,17842.924,62836.675,-0.514342,-0.857580,-0.003056
216,251,13856,16096,12,center,37.066,5.066,6.000,17281.721,17874.052,62825.209,-0.462774,-0.882824,0.080394
216,252,13856,16160,12,center,26.152,-5.848,6.000,17224.503,17900.735,62814.041,-0.531430,-0.846559,0.030339
216,253,13856,16224,12,center,24.961,-7.039,5.969,17174.552,17939.293,62801.474,-0.591151,-0.806560,-0.001241
216,254,13856,16288,12,center,26.240,-5.760,4.000,17122.672,17974.575,62789.479,-0.551397,-0.830925,0.074329
216,255,13856,16352,12,center,30.547,-1.453,4.000,17069.992,18008.254,62777.325,-0.562080,-0.824243,0.068485
216,256,13856,16416,12,center,30.537,-1.463,4.000,17019.444,18044.177,62765.124,-0.627731,-0.771146,0.106239
216,257,13856,16480,12,center,30.501,-1.499,4.000,16970.345,18082.072,62752.959,-0.631912,-0.737046,0.239690
216,258,13856,16544,12,center,28.618,-3.382,4.000,16921.202,18120.413,62740.660,-0.632527,-0.706064,0.318408
216,259,13856,16608,12,center,24.335,-7.665,4.000,16873.097,18160.967,62727.175,-0.647387,-0.632272,0.425584
216,260,13856,16672,12,center,19.069,-12.931,4.000,16824.469,18201.934,62715.189,-0.658651,-0.686736,0.307527
216,261,13856,16736,12,center,17.604,-14.396,4.000,16777.666,18244.905,62702.122,-0.748744,-0.636224,0.186013
216,262,13856,16800,12,center,25.696,-6.304,4.000,16732.104,18288.533,62688.279,-0.657128,-0.730915,0.184245
216,263,13856,16864,12,center,26.918,-5.082,4.000,16686.050,18331.516,62674.573,-0.692599,-0.711006,0.121564
216,264,13856,16928,12,center,26.034,-5.966,4.000,16639.946,18374.507,62660.889,-0.742369,-0.663803,0.090852
216,265,13856,16992,12,center,26.014,-5.986,4.000,16596.893,18420.695,62647.049,-0.705134,-0.699549,0.115831
216,266,13856,17056,12,center,23.245,-8.755,4.000,16554.835,18467.677,62633.707,-0.795416,-0.605295,-0.030511
216,267,13856,17120,12,center,28.154,-3.846,4.016,16516.277,18517.548,62620.194,-0.780654,-0.623844,-0.037393
216,268,13856,17184,12,center,30.519,-1.481,4.031,16476.611,18566.381,62606.801,-0.759658,-0.650281,-0.007391
216,269,13856,17248,12,center,30.557,-1.443,5.984,16435.239,18613.678,62593.379,-0.761474,-0.647666,0.026184
216,270,13856,17312,12,block_,30.712,-1.288,4.578,16392.121,18659.703,62579.872,-0.748922,-0.647807,0.139507
216,279,13856,17888,12,center,30.482,-1.518,4.000,16123.851,19139.377,62444.036,-0.953159,-0.301074,-0.029008
216,280,13856,17952,12,center,23.488,-8.512,4.000,16105.931,19198.142,62427.224,-0.955676,-0.291609,-0.040592
216,281,13856,18016,12,center,23.543,-8.457,4.000,16092.909,19258.228,62410.099,-0.956775,-0.220434,-0.189712
216,282,13856,18080,12,center,30.537,-1.463,4.000,16088.604,19319.286,62392.921,-0.994026,-0.020959,-0.107108
216,291,13856,18656,12,center,30.423,-1.577,3.984,16248.144,19840.089,62247.439,-0.593017,0.771606,-0.230120
216,292,13856,18720,12,center,15.953,-16.047,2.016,16302.242,19875.062,62237.143,-0.532656,0.806157,-0.257659
216,293,13856,18784,12,center,16.058,-15.942,2.031,16357.064,19906.947,62227.277,-0.526278,0.821217,-0.220530
216,294,13856,18848,12,center,29.463,-2.537,4.000,16411.353,19938.168,62217.044,-0.472274,0.858779,-0.198636
216,299,13856,19168,12,block_,32.690,0.690,4.000,16682.104,20091.856,62167.260,-0.575837,0.727418,-0.373196
216,300,13856,19232,12,center,35.471,3.471,4.000,16736.477,20123.371,62157.991,-0.425014,0.767938,-0.479202
216,301,13856,19296,12,center,39.481,7.481,3.984,16794.588,20148.179,62151.656,-0.357755,0.777960,-0.516517
216,302,13856,19360,12,center,39.465,7.465,4.016,16852.680,20171.732,62144.665,-0.391091,0.796114,-0.461790
216,303,13856,19424,12,center,37.422,5.422,5.969,16910.164,20196.312,62137.582,-0.389015,0.808937,-0.440781
216,304,13856,19488,12,center,30.575,-1.425,4.000,16968.933,20218.341,62131.435,-0.335968,0.849778,-0.406205
216,305,13856,19552,12,center,37.405,5.405,4.000,17028.530,20238.382,62126.263,-0.319372,0.865304,-0.386329
216,306,13856,19616,12,center,39.108,7.108,4.016,17088.412,20258.266,62120.722,-0.305422,0.871950,-0.382649
216,307,13856,19680,12,center,40.913,8.913,5.984,17150.126,20273.467,62116.784,-0.170394,0.883886,-0.435558
216,308,13856,19744,12,center,39.571,7.571,4.016,17213.637,20282.224,62115.049,-0.081673,0.896357,-0.435745
216,309,13856,19808,12,center,36.346,4.346,4.000,17277.742,20287.415,62114.210,-0.059744,0.898293,-0.435317
216,310,13856,19872,12,block_,32.317,0.317,4.000,17341.867,20287.875,62114.262,0.049196,0.942353,-0.330983
216,320,13856,20512,12,center,30.543,-1.457,4.016,17959.642,20156.265,62151.878,0.291244,0.947853,-0.129429
216,321,13856,20576,12,center,31.284,-0.716,6.000,18020.126,20135.015,62157.098,0.400336,0.913550,-0.071810
216,322,13856,20640,12,center,29.526,-2.474,5.969,18078.348,20108.116,62163.896,0.448697,0.876087,-0.176470
216,323,13856,20704,12,block_,30.049,-1.951,4.453,18134.807,20078.495,62170.765,0.502473,0.860649,-0.082485
216,334,13856,21408,12,block_,33.899,1.899,4.000,18705.656,19703.368,62269.656,0.638888,0.768717,-0.029938
216,335,13856,21472,12,center,30.537,-1.463,4.000,18753.516,19664.298,62280.449,0.672870,0.739741,0.005399
216,336,13856,21536,12,center,30.538,-1.462,3.984,18796.911,19620.342,62290.981,0.707118,0.705911,-0.040906
216,337,13856,21600,12,center,30.557,-1.443,3.984,18842.361,19578.892,62301.806,0.690310,0.722902,-0.029753
216,338,13856,21664,12,center,31.901,-0.099,4.000,18885.702,19535.453,62312.823,0.731646,0.681659,0.005879
216,352,13856,22560,12,block_,28.854,-3.146,4.000,19387.938,18845.078,62488.993,0.899493,0.430438,-0.075072
216,353,13856,22624,12,center,30.482,-1.518,4.000,19415.275,18790.179,62503.380,0.901230,0.429113,-0.060386
216,354,13856,22688,12,center,23.549,-8.451,4.000,19438.462,18733.286,62518.048,0.942342,0.334546,0.008390
216,355,13856,22752,12,center,28.229,-3.771,4.000,19458.561,18675.261,62532.854,0.942471,0.333578,0.021751
216,356,13856,22816,12,center,30.537,-1.463,4.000,19477.409,18616.966,62547.726,0.959452,0.279383,0.037382
216,386,13856,24736,10,center,36.516,4.516,4.000,18475.923,17480.334,62826.257,-0.007571,-0.998355,0.056832
216,387,13856,24800,10,center,37.790,5.790,4.000,18412.651,17479.199,62824.200,0.028017,-0.999562,0.009562
216,388,13856,24864,10,center,48.335,16.335,4.000,18350.021,17482.697,62822.246,-0.065408,-0.996845,0.044975
216,389,13856,24928,10,center,48.565,16.565,4.000,18287.834,17486.788,62819.634,-0.111842,-0.991685,0.063656
216,390,13856,24992,10,block_,46.249,14.249,4.000,18226.655,17495.365,62816.267,-0.202849,-0.963613,0.174072
216,402,13856,25760,10,block_,32.499,0.499,4.000,17535.111,17779.001,62730.590,-0.507114,-0.821685,0.260135
216,403,13856,25824,10,center,22.807,-9.193,4.000,17482.220,17811.808,62721.418,-0.525158,-0.835365,0.162403
216,404,13856,25888,10,center,17.917,-14.083,4.000,17429.046,17843.793,62712.258,-0.538820,-0.836008,0.103752
216,405,13856,25952,10,center,17.959,-14.041,4.000,17376.435,17876.671,62703.044,-0.567510,-0.823314,-0.009242
216,406,13856,26016,10,center,24.657,-7.343,4.000,17326.606,17913.592,62693.109,-0.581255,-0.809903,-0.078740
216,483,13856,30944,11,block_,33.519,1.519,4.000,18544.709,19682.668,62335.786,0.564732,0.643752,-0.516392
216,484,13856,31008,11,center,30.722,-1.278,4.000,18594.835,19645.952,62347.115,0.595499,0.627269,-0.501910
216,485,13856,31072,11,center,30.974,-1.026,3.984,18643.908,19607.851,62359.070,0.607510,0.637317,-0.474086
216,486,13856,31136,11,center,32.880,0.880,3.984,18692.859,19569.635,62370.778,0.610715,0.637336,-0.469926
216,487,13856,31200,11,center,34.301,2.301,3.984,18741.724,19531.307,62382.236,0.625973,0.622404,-0.469862
216,499,13856,31968,11,block_,39.909,7.909,4.000,19252.756,19001.665,62548.691,0.844246,0.450508,-0.290330
216,500,13856,32032,11,center,42.836,10.836,4.000,19281.399,18948.440,62565.002,0.913596,0.373322,-0.161161
216,501,13856,32096,11,center,42.804,10.804,4.000,19306.088,18893.351,62581.307,0.926911,0.358962,-0.109461
216,502,13856,32160,11,center,38.650,6.650,4.000,19329.347,18837.459,62597.497,0.934165,0.353848,-0.046134
216,503,13856,32224,11,center,37.852,5.852,4.000,19351.284,18780.927,62613.637,0.934295,0.355790,0.022476
216,504,13856,32288,11,center,38.710,6.710,4.000,19371.865,18723.838,62629.609,0.937455,0.346400,0.034417
216,505,13856,32352,11,block_,38.710,6.710,4.000,19393.413,18667.002,62645.676,0.929102,0.369804,-0.003938
216,513,13856,32864,11,center,38.710,6.710,4.000,19464.187,18188.557,62787.337,0.932611,-0.126905,-0.337833
216,514,13856,32928,11,center,38.730,6.730,3.984,19460.793,18126.659,62805.839,0.979362,-0.033801,-0.199266
216,515,13856,32992,11,center,41.225,9.225,2.031,19461.031,18063.550,62823.336,0.987230,-0.078132,-0.138822
216,516,13856,33056,11,center,42.806,10.806,4.000,19446.359,18002.521,62843.025,0.900834,-0.426241,-0.082560
216,517,13856,33120,11,block_,43.302,11.302,4.000,19418.625,17945.364,62861.869,0.843283,-0.524641,-0.116724
216,524,13856,33568,11,block_,34.644,2.644,3.651,19057.194,17695.077,62939.124,0.451934,-0.851429,0.266127
216,525,13856,33632,11,center,34.593,2.593,4.000,19003.283,17662.549,62948.679,0.514084,-0.843164,0.157459
216,526,13856,33696,11,center,38.393,6.393,3.984,18946.904,17632.672,62956.992,0.456516,-0.851339,0.258486
216,527,13856,33760,11,center,45.090,13.090,2.016,18888.761,17604.904,62964.538,0.399389,-0.831359,0.386433
216,528,13856,33824,11,center,45.341,13.341,2.031,18827.151,17583.835,62970.571,0.259426,-0.900041,0.350177
216,529,13856,33888,11,block_,45.784,13.784,3.492,18763.162,17571.225,62973.709,0.129159,-0.923716,0.360648
216,530,13856,33952,11,center,38.747,6.747,4.000,18698.585,17568.046,62974.405,0.019765,-0.954738,0.296790
216,531,13856,34016,11,center,43.314,11.314,4.000,18634.370,17566.957,62974.681,0.012425,-0.960217,0.278979
216,532,13856,34080,11,center,40.582,8.582,4.015,18570.475,17565.717,62974.981,-0.011991,-0.977458,0.210790
216,533,13856,34144,11,center,38.739,6.739,5.953,18506.445,17566.823,62974.508,0.002350,-0.983220,0.182408
216,534,13856,34208,11,center,38.710,6.710,4.000,18442.386,17568.871,62973.790,-0.090682,-0.978921,0.183002
216,535,13856,34272,11,center,38.710,6.710,4.000,18378.352,17573.601,62972.554,-0.074002,-0.979559,0.187052
216,536,13856,34336,11,block_,38.710,6.710,4.000,18314.956,17584.011,62970.194,-0.208884,-0.949919,0.232426
217,235,13920,15072,12,block_,21.537,-10.463,4.000,18196.972,17458.736,62927.137,-0.333288,-0.941003,0.058586
217,236,13920,15136,12,center,18.448,-13.552,4.000,18135.853,17478.869,62918.736,-0.288875,-0.954151,0.078404
217,237,13920,15200,12,center,20.900,-11.100,2.016,18072.428,17493.868,62911.021,-0.196949,-0.962923,0.184365
217,238,13920,15264,12,center,24.396,-7.604,2.000,18007.811,17499.428,62904.367,-0.068978,-0.972209,0.223724
217,239,13920,15328,12,block_,26.123,-5.877,2.321,17944.304,17504.029,62897.575,-0.116586,-0.973705,0.195721
217,250,13920,16032,12,center,39.154,7.154,4.016,17340.833,17828.073,62774.831,-0.500006,-0.812320,0.300217
217,251,13920,16096,12,center,39.052,7.052,6.000,17283.928,17855.557,62764.775,-0.460957,-0.822730,0.332616
217,252,13920,16160,12,center,26.125,-5.875,5.984,17229.535,17886.932,62753.105,-0.536740,-0.771244,0.342188
217,253,13920,16224,12,center,26.169,-5.831,4.000,17176.519,17920.979,62741.442,-0.585258,-0.765131,0.268416
217,254,13920,16288,12,center,31.808,-0.192,4.000,17124.836,17956.419,62729.065,-0.584660,-0.792673,0.172751
217,255,13920,16352,12,center,31.812,-0.188,4.000,17072.851,17991.204,62716.627,-0.583984,-0.796952,0.154373
217,256,13920,16416,12,center,30.510,-1.490,4.000,17022.575,18028.050,62704.024,-0.600409,-0.784465,0.155320
217,257,13920,16480,12,center,27.832,-4.168,4.000,16972.408,18065.070,62691.768,-0.652597,-0.750199,0.106389
217,258,13920,16544,12,center,27.701,-4.299,4.000,16924.589,18105.238,62679.059,-0.637761,-0.768520,0.051360
217,259,13920,16608,12,center,24.361,-7.639,4.000,16875.984,18145.076,62666.394,-0.642475,-0.765700,-0.030490
217,260,13920,16672,12,center,22.295,-9.705,4.000,16829.479,18187.830,62652.774,-0.681899,-0.727304,-0.077731
217,261,13920,16736,12,center,19.490,-12.510,4.000,16783.490,18231.449,62639.294,-0.668555,-0.733707,-0.121280
217,262,13920,16800,12,center,15.487,-16.513,4.000,16738.299,18275.438,62625.606,-0.695653,-0.715386,-0.065493
217,263,13920,16864,12,center,26.005,-5.995,4.000,16694.247,18320.207,62611.786,-0.693181,-0.720641,-0.013305
217,264,13920,16928,12,center,25.771,-6.229,4.016,16649.681,18364.672,62597.878,-0.718660,-0.691097,-0.076896
217,265,13920,16992,12,center,26.031,-5.969,4.031,16607.244,18411.466,62584.048,-0.729742,-0.672585,-0.122908
217,266,13920,17056,12,center,23.272,-8.728,4.016,16568.067,18461.145,62570.988,-0.769195,-0.624777,-0.134137
217,267,13920,17120,12,center,24.419,-7.581,6.000,16527.523,18509.413,62557.294,-0.757020,-0.652592,-0.032337
217,268,13920,17184,12,center,28.204,-3.796,5.984,16485.850,18556.590,62543.838,-0.718274,-0.695703,-0.008953
217,269,13920,17248,12,center,33.132,1.132,5.969,16441.316,18601.069,62530.472,-0.722741,-0.690147,0.036634
217,270,13920,17312,12,center,30.537,-1.463,4.000,16398.299,18647.199,62517.155,-0.760147,-0.647103,-0.058607
217,279,13920,17888,12,center,30.447,-1.553,4.000,16117.629,19120.981,62384.383,-0.968790,-0.107096,0.223556
217,280,13920,17952,12,center,19.092,-12.908,4.000,16107.853,19181.343,62366.308,-0.976929,-0.120916,0.176036
217,281,13920,18016,12,center,19.184,-12.816,4.000,16096.459,19241.769,62349.687,-0.972600,-0.091551,0.213701
217,282,13920,18080,12,center,30.537,-1.463,4.000,16089.623,19301.873,62332.359,-0.997990,0.032563,0.054371
217,291,13920,18656,12,center,30.452,-1.548,4.000,16254.646,19813.725,62188.049,-0.574573,0.712617,-0.402545
217,292,13920,18720,12,center,19.655,-12.345,4.000,16306.808,19850.862,62177.555,-0.596240,0.720297,-0.354501
217,293,13920,18784,12,center,19.740,-12.260,4.000,16357.628,19887.692,62166.902,-0.598393,0.782489,-0.172152
217,294,13920,18848,12,center,30.537,-1.463,4.000,16410.103,19920.812,62156.402,-0.470674,0.862886,-0.184103
217,300,13920,19232,12,block_,35.833,3.833,3.551,16743.989,20093.028,62103.578,-0.460787,0.828706,-0.317682
217,301,13920,19296,12,center,41.965,9.965,2.031,16800.159,20119.605,62095.944,-0.429516,0.822064,-0.373801
217,302,13920,19360,12,center,41.978,9.978,4.000,16857.531,20143.943,62088.879,-0.371186,0.859543,-0.351292
217,303,13920,19424,12,center,39.307,7.307,4.000,16915.522,20167.164,62082.038,-0.395256,0.829018,-0.395604
217,304,13920,19488,12,center,28.590,-3.410,4.000,16973.241,20191.212,62074.925,-0.372700,0.838482,-0.397545
217,305,13920,19552,12,center,28.645,-3.355,4.000,17031.658,20213.260,62068.772,-0.333153,0.866383,-0.372008
217,306,13920,19616,12,center,37.752,5.752,4.016,17091.633,20230.615,62064.196,-0.251643,0.864716,-0.434675
217,307,13920,19680,12,center,40.919,8.919,5.984,17153.330,20242.533,62061.328,-0.133013,0.858616,-0.495062
217,308,13920,19744,12,center,43.420,11.420,5.969,17215.837,20250.853,62059.979,-0.105615,0.887006,-0.449518
217,309,13920,19808,12,center,46.071,14.071,4.000,17278.914,20255.335,62058.988,-0.048476,0.884365,-0.464272
217,310,13920,19872,12,block_,36.786,4.786,4.000,17342.325,20259.168,62057.556,-0.051067,0.872878,-0.485259
217,320,13920,20512,12,center,30.530,-1.470,4.016,17957.973,20136.852,62091.816,0.372891,0.810373,-0.451938
217,321,13920,20576,12,center,29.654,-2.346,5.984,18017.007,20112.875,62097.727,0.364237,0.792497,-0.489163
217,322,13920,20640,12,center,29.519,-2.481,4.000,18074.772,20085.913,62104.407,0.458451,0.752237,-0.473246
217,323,13920,20704,12,block_,29.703,-2.297,4.000,18130.520,20055.792,62112.655,0.469528,0.739407,-0.482514
217,335,13920,21472,12,center,30.538,-1.462,3.984,18758.571,19653.948,62219.007,0.635865,0.753495,-0.167096
217,336,13920,21536,12,center,30.692,-1.308,2.016,18804.432,19612.599,62229.484,0.690039,0.720571,-0.068002
217,337,13920,21600,12,center,31.823,-0.177,2.031,18851.039,19572.243,62240.124,0.659783,0.749502,-0.054152
217,338,13920,21664,12,center,31.919,-0.081,4.000,18895.544,19529.423,62251.499,0.726594,0.684661,-0.057453
217,339,13920,21728,12,block_,31.898,-0.102,4.000,18937.050,19483.638,62262.782,0.744560,0.666713,0.033541
217,353,13920,22624,12,center,30.537,-1.463,3.984,19416.446,18775.005,62442.145,0.894457,0.438701,-0.086533
217,354,13920,22688,12,center,30.533,-1.467,3.984,19443.330,18719.457,62456.524,0.924494,0.378997,-0.040890
217,355,13920,22752,12,center,30.661,-1.339,4.000,19464.978,18661.827,62471.463,0.949321,0.313887,-0.016274
217,356,13920,22816,12,center,30.537,-1.463,4.000,19483.633,18603.265,62486.351,0.951791,0.303772,0.042612
217,386,13920,24736,10,center,37.363,5.363,4.000,18477.535,17471.451,62763.729,0.001846,-0.970620,0.240612
217,387,13920,24800,10,center,47.831,15.831,4.000,18414.447,17469.220,62763.094,0.029029,-0.925276,0.378182
217,388,13920,24864,10,center,48.269,16.269,4.000,18351.411,17468.397,62762.128,-0.019932,-0.894431,0.446763
217,389,13920,24928,10,center,45.943,13.943,4.000,18288.928,17469.066,62761.020,-0.077291,-0.901944,0.424879
217,390,13920,24992,10,block_,39.684,7.684,4.000,18227.593,17477.878,62757.259,-0.217759,-0.899384,0.379065
217,402,13920,25760,10,block_,31.784,-0.216,4.000,17538.607,17767.648,62669.153,-0.558669,-0.824167,0.092939
217,403,13920,25824,10,center,19.987,-12.013,4.000,17486.971,17802.206,62659.797,-0.576542,-0.811332,0.096647
217,404,13920,25888,10,center,15.283,-16.717,4.000,17435.567,17836.883,62650.578,-0.565992,-0.815160,0.123156
217,405,13920,25952,10,center,14.060,-17.940,4.000,17385.046,17872.331,62641.199,-0.601891,-0.792494,0.098391
217,406,13920,26016,10,center,15.458,-16.542,4.000,17335.727,17909.327,62631.312,-0.611263,-0.790827,0.030824
217,483,13920,30944,11,block_,29.895,-2.105,4.000,18536.833,19654.856,62280.103,0.586798,0.671861,-0.451964
217,484,13920,31008,11,center,21.351,-10.649,3.984,18586.172,19617.433,62291.778,0.600478,0.644958,-0.472712
217,485,13920,31072,11,center,28.525,-3.475,2.000,18634.448,19578.799,62303.942,0.632000,0.627995,-0.454091
217,486,13920,31136,11,center,32.214,0.214,2.000,18683.228,19540.649,62315.585,0.583732,0.658150,-0.475496
217,487,13920,31200,11,center,33.647,1.647,2.031,18733.181,19503.612,62326.320,0.625471,0.633244,-0.455837
217,499,13920,31968,11,block_,40.381,8.381,4.000,19246.354,18979.730,62490.936,0.786700,0.577846,-0.217248
217,500,13920,32032,11,center,42.925,10.925,4.000,19281.341,18930.744,62505.701,0.850336,0.522456,-0.062999
217,501,13920,32096,11,center,42.838,10.838,4.000,19308.146,18876.876,62521.243,0.919591,0.392869,0.002377
217,502,13920,32160,11,center,31.820,-0.180,4.000,19331.982,18821.291,62537.222,0.924923,0.377563,-0.044315
217,503,13920,32224,11,center,31.874,-0.126,4.000,19355.177,18765.442,62553.134,0.939734,0.328946,-0.093242
217,504,13920,32288,11,center,38.710,6.710,4.000,19374.412,18708.052,62569.326,0.949229,0.269315,-0.162585
217,505,13920,32352,11,block_,38.710,6.710,4.000,19393.540,18650.387,62585.354,0.942556,0.268710,-0.198451
217,512,13920,32800,11,block_,39.463,7.463,4.000,19451.938,18231.991,62708.809,0.986463,-0.104917,-0.126029
217,513,13920,32864,11,center,38.739,6.739,4.000,19447.092,18171.317,62728.213,0.993716,-0.084396,-0.073518
217,514,13920,32928,11,center,38.745,6.745,4.000,19444.865,18109.847,62746.459,0.996506,-0.027797,-0.078763
217,515,13920,32992,11,center,40.938,8.938,4.000,19442.798,18048.653,62764.285,0.987856,-0.137858,-0.071659
217,516,13920,33056,11,block_,40.019,8.019,3.896,19430.334,17988.907,62781.828,0.920401,-0.372393,-0.119108
217,523,13920,33504,11,block_,35.080,3.080,3.078,19114.451,17705.040,62870.704,0.399929,-0.874134,0.275583
217,524,13920,33568,11,center,32.917,0.917,2.016,19056.392,17679.293,62877.772,0.439349,-0.866656,0.236387
217,525,13920,33632,11,center,32.966,0.966,4.000,18999.637,17651.176,62885.969,0.477076,-0.849085,0.226833
217,526,13920,33696,11,center,38.731,6.731,3.984,18943.945,17620.806,62894.302,0.489956,-0.852894,0.180317
217,527,13920,33760,11,center,41.675,9.675,4.000,18887.306,17591.297,62901.901,0.390958,-0.918641,0.057021
217,528,13920,33824,11,block_,42.007,10.007,3.828,18825.546,17573.160,62907.009,0.269979,-0.959501,0.080427
217,530,13920,33952,11,block_,39.822,7.822,4.000,18698.365,17557.516,62911.442,0.022828,-0.993262,0.113621
217,531,13920,34016,11,block_,40.246,8.246,4.000,18634.419,17557.673,62911.803,-0.009859,-0.998180,0.059500
217,532,13920,34080,11,center,42.432,10.432,3.984,18570.629,17558.895,62911.554,-0.039473,-0.998664,0.033361
217,533,13920,34144,11,center,42.403,10.403,2.016,18506.944,17560.935,62911.016,-0.014672,-0.998935,0.043735
217,534,13920,34208,11,center,38.710,6.710,4.000,18443.194,17563.690,62909.917,-0.062250,-0.995274,0.074534
217,535,13920,34272,11,center,38.710,6.710,4.000,18379.301,17566.437,62908.759,-0.069232,-0.996511,0.046622
217,536,13920,34336,11,center,38.710,6.710,4.000,18316.177,17576.447,62906.583,-0.211384,-0.976535,0.041174
217,537,13920,34400,11,block_,38.710,6.710,4.000,18254.002,17590.990,62903.580,-0.260744,-0.965136,0.022905
218,235,13984,15072,12,block_,21.352,-10.648,5.516,18201.939,17446.353,62864.596,-0.242095,-0.935170,0.258549
218,236,13984,15136,12,center,18.174,-13.826,5.969,18139.475,17460.703,62856.757,-0.251472,-0.906464,0.339242
218,237,13984,15200,12,center,16.627,-15.373,3.984,18075.958,17472.183,62849.591,-0.185234,-0.933130,0.308152
218,238,13984,15264,12,center,22.778,-9.222,2.031,18011.952,17478.021,62843.868,-0.082092,-0.942323,0.324480
218,239,13984,15328,12,block_,23.851,-8.149,3.340,17949.333,17487.389,62836.721,-0.233899,-0.937745,0.256759
218,250,13984,16032,12,center,30.536,-1.464,4.016,17338.285,17802.604,62716.231,-0.553838,-0.775217,0.303814
218,251,13984,16096,12,center,30.407,-1.593,5.984,17284.785,17835.244,62704.660,-0.561933,-0.811497,0.160327
218,252,13984,16160,12,center,21.485,-10.515,5.984,17233.178,17870.654,62692.558,-0.582831,-0.812070,0.029150
218,253,13984,16224,12,center,21.486,-10.514,4.000,17182.888,17908.181,62679.775,-0.604248,-0.796590,0.018137
218,254,13984,16288,12,center,27.890,-4.110,4.000,17132.873,17945.880,62666.871,-0.587933,-0.808826,0.011648
218,255,13984,16352,12,center,29.737,-2.263,4.000,17081.365,17981.627,62654.321,-0.577109,-0.816056,-0.031600
218,256,13984,16416,12,center,29.733,-2.267,4.000,17030.744,18018.402,62642.109,-0.575593,-0.817352,0.025085
218,257,13984,16480,12,center,27.731,-4.269,4.000,16979.639,18053.949,62629.547,-0.620805,-0.781919,0.056605
218,258,13984,16544,12,center,27.297,-4.703,4.000,16932.212,18094.479,62616.472,-0.678295,-0.730970,0.074829
218,259,13984,16608,12,center,24.365,-7.635,4.000,16888.672,18139.298,62603.539,-0.731529,-0.675467,-0.092787
218,260,13984,16672,12,center,19.583,-12.417,4.000,16846.658,18186.471,62590.747,-0.719510,-0.684787,-0.115634
218,261,13984,16736,12,center,18.978,-13.022,4.000,16800.989,18230.294,62577.168,-0.639033,-0.764296,-0.086541
218,262,13984,16800,12,center,15.510,-16.490,4.000,16753.110,18271.215,62563.216,-0.634384,-0.769448,-0.074210
218,263,13984,16864,12,center,22.278,-9.722,4.016,16707.822,18314.249,62549.471,-0.712733,-0.693494,-0.105250
218,264,13984,16928,12,center,26.088,-5.912,6.000,16665.264,18360.311,62535.532,-0.715706,-0.673639,-0.184323
218,265,13984,16992,12,center,28.187,-3.813,7.938,16625.958,18409.831,62522.008,-0.739685,-0.638013,-0.214020
218,266,13984,17056,12,center,30.518,-1.482,4.016,16583.825,18457.120,62508.416,-0.700992,-0.706035,-0.100627
218,267,13984,17120,12,center,28.168,-3.832,5.969,16540.427,18502.935,62494.438,-0.714824,-0.688323,-0.123444
218,268,13984,17184,12,center,28.202,-3.798,4.000,16496.949,18548.601,62480.900,-0.675963,-0.735877,-0.039485
218,269,13984,17248,12,center,30.537,-1.463,4.000,16451.997,18592.863,62467.489,-0.708639,-0.701732,-0.073506
218,270,13984,17312,12,center,30.537,-1.463,4.000,16409.198,18639.055,62454.239,-0.745020,-0.666505,-0.026755
218,279,13984,17888,12,center,30.440,-1.560,4.000,16107.328,19101.142,62324.191,-0.962914,-0.134813,0.233714
218,280,13984,17952,12,center,19.098,-12.902,4.000,16093.491,19161.802,62306.951,-0.935746,-0.116042,0.333038
218,281,13984,18016,12,center,19.619,-12.381,4.000,16080.660,19222.969,62290.363,-0.957827,-0.030281,0.285747
218,282,13984,18080,12,center,30.537,-1.463,4.000,16081.066,19284.502,62272.016,-0.983239,0.118534,0.138532
218,290,13984,18592,12,block_,37.404,5.404,4.891,16210.087,19749.774,62138.498,-0.602718,0.735665,-0.309076
218,291,13984,18656,12,center,30.567,-1.433,4.016,16260.478,19789.632,62128.102,-0.627617,0.738854,-0.245338
218,292,13984,18720,12,center,19.085,-12.915,4.016,16309.411,19829.923,62117.125,-0.691433,0.705742,-0.154429
218,293,13984,18784,12,center,19.174,-12.826,4.000,16355.142,19872.987,62105.009,-0.668080,0.726734,-0.159770
218,294,13984,18848,12,block_,27.635,-4.365,4.000,16406.808,19907.835,62094.818,-0.506963,0.846445,-0.162847
218,302,13984,19360,12,block_,38.766,6.766,4.000,16857.564,20126.338,62028.958,-0.325944,0.932214,-0.157281
218,303,13984,19424,12,center,30.501,-1.499,4.000,16916.414,20147.739,62022.414,-0.379164,0.912641,-0.152714
218,304,13984,19488,12,center,25.903,-6.097,4.000,16974.499,20171.295,62015.601,-0.379365,0.907016,-0.182767
218,305,13984,19552,12,center,23.962,-8.038,4.000,17033.072,20193.300,62009.927,-0.343611,0.927346,-0.148190
218,306,13984,19616,12,center,28.987,-3.013,4.000,17092.306,20212.940,62005.291,-0.301022,0.947271,-0.109835
218,307,13984,19680,12,center,37.916,5.916,4.000,17153.596,20226.135,62002.135,-0.173051,0.982672,-0.066406
218,308,13984,19744,12,center,47.481,15.481,4.000,17215.898,20233.872,61999.973,-0.024142,0.994164,-0.105141
218,309,13984,19808,12,center,47.493,15.493,3.984,17279.113,20236.144,61999.377,-0.096396,0.988060,-0.120188
218,310,13984,19872,12,block_,43.465,11.465,4.000,17342.505,20238.117,61999.041,0.018847,0.991761,-0.126705
218,320,13984,20512,12,center,30.530,-1.470,4.016,17952.305,20108.170,62036.277,0.453230,0.864205,-0.218477
218,321,13984,20576,12,center,29.661,-2.339,5.969,18009.467,20081.848,62042.666,0.397873,0.840517,-0.367734
218,322,13984,20640,12,center,29.565,-2.435,4.000,18066.357,20054.836,62049.537,0.444206,0.811566,-0.379528
218,323,13984,20704,12,block_,30.181,-1.819,4.000,18122.060,20025.754,62057.029,0.483912,0.764450,-0.425965
218,335,13984,21472,12,block_,30.929,-1.071,3.956,18756.259,19635.358,62159.196,0.596161,0.745308,-0.298510
218,336,13984,21536,12,center,31.924,-0.076,4.000,18805.520,19597.942,62168.785,0.639692,0.726253,-0.251694
218,337,13984,21600,12,center,32.762,0.762,4.000,18852.242,19557.572,62179.287,0.697316,0.680925,-0.223809
218,338,13984,21664,12,center,34.100,2.100,4.000,18895.778,19513.915,62190.854,0.722588,0.651950,-0.229844
218,339,13984,21728,12,block_,33.873,1.873,4.000,18938.564,19469.532,62202.342,0.744091,0.633792,-0.211273
218,353,13984,22624,12,center,30.532,-1.468,2.000,19412.708,18757.806,62381.816,0.924559,0.358989,-0.127740
218,354,13984,22688,12,center,29.971,-2.029,2.016,19439.215,18702.051,62396.139,0.900754,0.406263,-0.153600
218,355,13984,22752,12,center,30.660,-1.340,3.984,19464.236,18645.867,62410.584,0.921782,0.377739,-0.087361
218,356,13984,22816,12,center,30.551,-1.449,4.000,19483.740,18587.896,62425.322,0.957275,0.240945,-0.159908
218,357,13984,22880,12,block_,30.845,-1.155,4.000,19501.406,18528.902,62440.405,0.961869,0.218833,-0.164074
218,386,13984,24736,10,center,46.375,14.375,4.000,18478.622,17451.162,62703.565,0.011468,-0.910172,0.414071
218,387,13984,24800,10,center,47.743,15.743,4.000,18415.493,17444.810,62704.743,0.099475,-0.934778,0.341021
218,388,13984,24864,10,center,42.362,10.362,4.000,18352.135,17440.317,62705.742,0.027386,-0.938019,0.345501
218,389,13984,24928,10,center,40.904,8.904,4.000,18289.431,17445.323,62703.244,-0.125985,-0.911409,0.391741
218,390,13984,24992,10,center,36.501,4.501,4.000,18227.894,17456.310,62698.738,-0.256449,-0.927311,0.272633
218,402,13984,25760,10,block_,36.580,4.580,4.000,17539.239,17752.594,62608.319,-0.593551,-0.775158,0.216395
218,403,13984,25824,10,center,36.427,4.427,4.000,17488.331,17788.155,62598.534,-0.548243,-0.810379,0.206676
218,404,13984,25888,10,center,19.981,-12.019,4.016,17435.113,17820.475,62590.307,-0.543986,-0.806748,0.230728
218,405,13984,25952,10,center,14.513,-17.487,4.016,17382.596,17853.722,62582.240,-0.561182,-0.754134,0.341111
218,406,13984,26016,10,center,19.968,-12.032,4.000,17335.194,17893.203,62571.623,-0.662285,-0.667691,0.339951
218,407,13984,26080,10,block_,23.195,-8.805,4.000,17287.619,17932.502,62561.027,-0.665818,-0.697955,0.263713
218,483,13984,30944,11,block_,23.499,-8.501,4.000,18525.340,19623.326,62227.381,0.620729,0.637230,-0.456765
218,484,13984,31008,11,center,20.761,-11.239,3.984,18573.578,19585.096,62239.328,0.596110,0.632892,-0.494065
218,485,13984,31072,11,center,21.444,-10.556,2.016,18622.898,19547.657,62250.406,0.603178,0.622786,-0.498311
218,486,13984,31136,11,center,31.475,-0.525,2.031,18671.972,19509.909,62261.734,0.594343,0.636248,-0.491879
218,487,13984,31200,11,center,33.636,1.636,4.000,18721.004,19472.135,62273.221,0.620380,0.611504,-0.491113
218,499,13984,31968,11,block_,41.052,9.052,4.000,19246.821,18962.308,62431.509,0.777448,0.610873,-0.149693
218,500,13984,32032,11,center,44.224,12.224,4.000,19283.668,18914.588,62445.792,0.848736,0.498883,-0.175393
218,501,13984,32096,11,center,44.160,12.160,4.000,19311.708,18861.305,62461.188,0.921452,0.365536,-0.131563
218,502,13984,32160,11,center,31.898,-0.102,4.000,19334.202,18805.297,62476.848,0.941111,0.312584,-0.128849
218,503,13984,32224,11,center,31.945,-0.055,4.000,19353.029,18747.891,62492.977,0.958495,0.243752,-0.147893
218,504,13984,32288,11,center,38.710,6.710,4.000,19368.692,18689.545,62509.666,0.966116,0.217578,-0.138849
218,505,13984,32352,11,center,38.710,6.710,4.000,19385.513,18631.376,62525.981,0.953971,0.240704,-0.178886
218,512,13984,32800,11,block_,40.449,8.449,4.000,19443.422,18213.588,62648.818,0.989644,-0.054396,-0.132838
218,513,13984,32864,11,center,42.329,10.329,4.000,19442.378,18153.010,62667.362,0.994841,0.013313,-0.100574
218,514,13984,32928,11,center,40.984,8.984,4.000,19445.669,18091.988,62685.088,0.996942,-0.017452,-0.076167
218,515,13984,32992,11,center,40.924,8.924,4.000,19439.500,18031.374,62703.132,0.972792,-0.224141,-0.058630
218,516,13984,33056,11,block_,39.710,7.710,4.000,19421.800,17973.229,62720.968,0.939170,-0.343337,-0.008910
218,523,13984,33504,11,block_,34.471,2.471,3.422,19115.474,17684.854,62810.188,0.401852,-0.875915,0.266998
218,524,13984,33568,11,center,30.910,-1.090,2.016,19057.166,17660.402,62817.171,0.418178,-0.867421,0.269644
218,525,13984,33632,11,center,31.400,-0.600,3.984,19000.311,17632.963,62824.841,0.450938,-0.869385,0.202048
218,526,13984,33696,11,center,38.282,6.282,2.031,18943.743,17604.700,62832.454,0.428723,-0.893204,0.135585
218,527,13984,33760,11,center,38.710,6.710,4.000,18884.509,17582.116,62838.574,0.325842,-0.935263,0.138236
218,528,13984,33824,11,block_,39.854,7.854,4.000,18823.795,17563.646,62843.552,0.267124,-0.957155,0.111796
218,532,13984,34080,11,block_,40.742,8.742,3.617,18570.912,17557.687,62847.843,-0.041507,-0.997522,0.056801
218,533,13984,34144,11,center,40.553,8.553,2.031,18507.542,17559.242,62847.429,0.006377,-0.999742,0.021781
218,534,13984,34208,11,center,38.700,6.700,4.000,18444.223,17559.713,62846.645,-0.059742,-0.998211,0.002163
218,535,13984,34272,11,center,38.710,6.710,4.000,18380.927,17564.076,62845.157,-0.084293,-0.996279,-0.017976
218,536,13984,34336,11,center,38.710,6.710,4.000,18318.652,17575.361,62843.006,-0.239024,-0.968809,-0.065402
218,537,13984,34400,11,center,38.710,6.710,4.000,18257.380,17591.086,62840.040,-0.254865,-0.965891,-0.045803
218,538,13984,34464,11,block_,38.710,6.710,4.000,18196.557,17608.555,62836.474,-0.294130,-0.955753,-0.004963
219,235,14048,15072,12,block_,22.676,-9.324,4.000,18204.972,17425.016,62803.983,-0.204180,-0.917037,0.342568
219,236,14048,15136,12,center,21.801,-10.199,4.000,18142.527,17439.096,62795.621,-0.264672,-0.896949,0.354164
219,237,14048,15200,12,center,16.576,-15.424,4.000,18079.045,17450.192,62788.885,-0.147084,-0.898579,0.413428
219,238,14048,15264,12,center,17.058,-14.942,4.000,18015.151,17456.207,62783.579,-0.123749,-0.930773,0.344016
219,239,14048,15328,12,block_,20.904,-11.096,3.999,17953.313,17469.271,62776.042,-0.301976,-0.916575,0.262108
219,250,14048,16032,12,block_,28.753,-3.247,4.040,17342.785,17787.515,62654.819,-0.573772,-0.811024,0.114131
219,251,14048,16096,12,center,22.941,-9.059,4.016,17291.692,17823.629,62642.417,-0.580393,-0.805105,0.122268
219,252,14048,16160,12,center,18.677,-13.323,5.984,17241.067,17860.379,62630.010,-0.616846,-0.765699,0.182225
219,253,14048,16224,12,center,18.720,-13.280,4.016,17190.406,17897.103,62617.459,-0.611673,-0.767504,0.191817
219,254,14048,16288,12,center,24.177,-7.823,4.000,17140.729,17935.331,62604.200,-0.625123,-0.766909,0.145161
219,255,14048,16352,12,center,28.272,-3.728,4.000,17089.500,17971.903,62592.154,-0.578223,-0.793552,0.189563
219,256,14048,16416,12,center,29.743,-2.257,4.000,17037.151,18006.081,62580.283,-0.578677,-0.802971,0.142724
219,257,14048,16480,12,center,28.286,-3.714,4.000,16989.723,18045.825,62567.468,-0.657547,-0.752679,-0.033257
219,258,14048,16544,12,center,27.854,-4.146,4.000,16941.274,18084.932,62554.230,-0.685368,-0.724361,-0.074637
219,259,14048,16608,12,center,27.749,-4.251,4.000,16900.319,18132.132,62540.964,-0.739531,-0.672820,0.020179
219,260,14048,16672,12,center,27.366,-4.634,4.000,16855.447,18176.191,62527.822,-0.684605,-0.720025,0.113488
219,261,14048,16736,12,center,30.472,-1.528,4.000,16808.338,18218.230,62514.422,-0.678860,-0.715708,0.164047
219,262,14048,16800,12,center,22.313,-9.687,4.000,16761.413,18260.164,62500.776,-0.686742,-0.717414,0.117060
219,263,14048,16864,12,center,30.537,-1.463,4.000,16715.828,18303.224,62487.259,-0.758246,-0.646025,0.087835
219,264,14048,16928,12,center,30.537,-1.463,4.000,16676.752,18352.286,62473.249,-0.765370,-0.639975,0.068119
219,265,14048,16992,12,center,30.537,-1.463,4.000,16635.204,18399.727,62459.410,-0.762460,-0.636455,0.116529
219,266,14048,17056,12,center,30.537,-1.463,4.000,16592.897,18446.768,62445.465,-0.749728,-0.648831,0.130098
219,267,14048,17120,12,center,30.537,-1.463,4.000,16550.174,18493.438,62431.607,-0.759591,-0.637604,0.128382
219,268,14048,17184,12,center,30.537,-1.463,4.000,16507.508,18540.238,62417.920,-0.732004,-0.667985,0.134037
219,269,14048,17248,12,center,30.537,-1.463,4.000,16462.937,18585.077,62404.599,-0.706307,-0.698558,0.114661
219,270,14048,17312,12,block_,30.537,-1.463,4.000,16417.406,18628.709,62391.537,-0.709290,-0.689357,0.147291
219,279,14048,17888,12,center,29.451,-2.549,3.984,16096.577,19081.287,62263.557,-0.944980,-0.252257,0.208278
219,280,14048,17952,12,center,19.555,-12.445,4.000,16077.987,19141.698,62246.973,-0.962186,-0.182055,0.202619
219,281,14048,18016,12,center,22.212,-9.788,4.000,16067.731,19204.173,62229.211,-0.994402,-0.002496,0.105629
219,282,14048,18080,12,block_,28.750,-3.250,4.000,16074.038,19266.449,62210.715,-0.977292,0.206687,-0.046694
219,290,14048,18592,12,block_,43.854,11.854,5.528,16213.479,19729.555,62077.337,-0.756802,0.652584,-0.037205
219,291,14048,18656,12,center,45.628,13.628,6.000,16258.599,19775.166,62065.673,-0.679028,0.732884,-0.042441
219,292,14048,18720,12,center,19.085,-12.915,5.969,16306.303,19816.326,62054.788,-0.658926,0.745433,-0.100726
219,293,14048,18784,12,center,19.174,-12.826,4.000,16354.261,19856.574,62043.611,-0.635266,0.746353,-0.198480
219,294,14048,18848,12,block_,26.869,-5.131,4.000,16404.276,19894.177,62032.928,-0.602477,0.768310,-0.216150
219,303,14048,19424,12,block_,27.876,-4.124,4.000,16911.956,20141.610,61959.976,-0.402142,0.909436,-0.105872
219,304,14048,19488,12,center,23.863,-8.137,4.000,16969.958,20166.170,61953.602,-0.399219,0.909503,-0.115884
219,305,14048,19552,12,center,23.859,-8.141,4.000,17028.428,20190.449,61947.558,-0.360326,0.927253,-0.101815
219,306,14048,19616,12,center,28.949,-3.051,4.000,17089.061,20208.747,61942.509,-0.218837,0.973487,-0.066579
219,307,14048,19680,12,center,32.256,0.256,4.000,17151.488,20221.402,61938.825,-0.182980,0.978330,-0.096897
219,308,14048,19744,12,center,35.937,3.937,3.984,17214.709,20229.072,61936.713,-0.054248,0.994991,-0.083968
219,309,14048,19808,12,center,42.434,10.434,2.016,17278.703,20233.440,61935.531,-0.071393,0.997044,-0.028384
219,310,14048,19872,12,block_,39.951,7.951,2.516,17342.605,20234.780,61935.337,0.040143,0.996889,-0.067835
219,320,14048,20512,12,block_,30.525,-1.475,4.027,17957.606,20102.799,61973.782,0.430700,0.895657,0.110888
219,321,14048,20576,12,center,30.565,-1.435,4.000,18013.612,20073.735,61981.239,0.442554,0.890925,0.101975
219,322,14048,20640,12,center,30.698,-1.302,3.984,18068.634,20042.978,61988.622,0.501524,0.863208,0.057842
219,323,14048,20704,12,block_,30.587,-1.413,3.994,18123.683,20012.730,61996.382,0.454778,0.890242,0.025417
219,335,14048,21472,12,block_,31.277,-0.723,4.000,18753.956,19616.992,62099.437,0.621848,0.763977,-0.172175
219,336,14048,21536,12,center,32.552,0.552,4.016,18802.348,19578.649,62109.438,0.633925,0.748606,-0.194239
219,337,14048,21600,12,center,32.536,0.536,4.000,18850.541,19540.096,62119.264,0.666595,0.715395,-0.209432
219,338,14048,21664,12,center,30.536,-1.464,4.000,18894.907,19497.439,62130.443,0.715772,0.683078,-0.145172
219,339,14048,21728,12,center,30.504,-1.496,4.000,18938.243,19453.758,62141.750,0.718450,0.682714,-0.133158
219,340,14048,21792,12,block_,27.936,-4.064,4.000,18980.850,19409.567,62153.000,0.750498,0.653483,-0.098553
219,353,14048,22624,12,center,30.490,-1.510,2.000,19418.953,18745.102,62320.719,0.900364,0.434922,0.013681
219,354,14048,22688,12,center,27.987,-4.013,2.000,19444.856,18689.121,62334.967,0.912553,0.405330,-0.054356
219,355,14048,22752,12,center,30.551,-1.449,2.016,19468.200,18631.888,62349.274,0.943765,0.328473,-0.037606
219,356,14048,22816,12,center,32.398,0.398,4.000,19483.795,18572.260,62364.171,0.976948,0.213175,0.011334
219,357,14048,22880,12,block_,31.372,-0.628,4.000,19496.556,18511.861,62379.359,0.975606,0.215584,-0.041420
219,386,14048,24736,10,block_,38.653,6.653,4.000,18480.132,17422.321,62646.805,0.006985,-0.889380,0.457116
219,387,14048,24800,10,center,42.327,10.327,4.000,18416.673,17418.389,62647.367,0.097557,-0.862833,0.495985
219,388,14048,24864,10,center,40.838,8.838,4.000,18352.963,17411.328,62649.635,0.059731,-0.808057,0.586069
219,389,14048,24928,10,center,39.557,7.557,4.000,18287.676,17411.796,62648.960,-0.168750,-0.766383,0.619823
219,390,14048,24992,10,center,36.501,4.501,4.000,18226.453,17431.028,62641.056,-0.409708,-0.789464,0.457040
219,402,14048,25760,10,block_,38.211,6.211,4.000,17538.313,17734.877,62548.024,-0.503924,-0.790274,0.348609
219,403,14048,25824,10,center,43.506,11.506,4.016,17484.815,17767.271,62539.469,-0.518152,-0.753556,0.404564
219,404,14048,25888,10,center,36.446,4.446,6.000,17431.839,17800.700,62530.947,-0.553558,-0.741029,0.380065
219,405,14048,25952,10,center,21.726,-10.274,5.984,17378.614,17833.453,62522.971,-0.516907,-0.785686,0.339860
219,406,14048,26016,10,center,21.775,-10.225,4.000,17328.040,17869.309,62513.922,-0.613330,-0.691752,0.381189
219,407,14048,26080,10,center,31.501,-0.499,4.000,17280.898,17909.271,62503.200,-0.703116,-0.616705,0.353983
219,408,14048,26144,10,block_,35.685,3.685,4.000,17237.669,17953.398,62490.769,-0.696367,-0.598807,0.395604
219,412,14048,26400,10,block_,34.310,2.310,4.000,17045.457,18117.528,62447.820,-0.568955,-0.648785,0.505339
219,413,14048,26464,10,center,36.436,4.436,4.000,16996.384,18157.488,62438.140,-0.624130,-0.574991,0.529005
219,414,14048,26528,10,center,36.440,4.440,4.000,16946.995,18197.405,62429.096,-0.584039,-0.599549,0.547211
219,415,14048,26592,10,block_,35.673,3.673,4.000,16899.715,18239.046,62418.693,-0.667896,-0.554740,0.496163
219,483,14048,30944,11,block_,29.522,-2.478,4.000,18517.794,19596.410,62171.522,0.651774,0.668660,-0.357890
219,484,14048,31008,11,center,22.802,-9.198,4.000,18564.586,19556.870,62184.095,0.656167,0.657849,-0.369702
219,485,14048,31072,11,center,29.825,-2.175,4.000,18612.358,19517.790,62196.115,0.622285,0.668244,-0.407690
219,486,14048,31136,11,center,30.583,-1.417,4.000,18661.342,19479.787,62207.384,0.602941,0.653975,-0.456923
219,487,14048,31200,11,center,32.254,0.254,4.000,18710.469,19442.170,62218.962,0.609823,0.651900,-0.450712
219,496,14048,31776,11,block_,36.423,4.423,4.000,19125.420,19077.838,62331.022,0.659851,0.610091,-0.438618
219,500,14048,32032,11,center,38.743,6.743,4.000,19281.284,18896.122,62386.778,0.867370,0.474534,-0.149955
219,501,14048,32096,11,center,42.873,10.873,4.000,19308.566,18843.272,62401.905,0.932397,0.329302,-0.148981
219,502,14048,32160,11,center,41.815,9.815,4.000,19329.016,18786.983,62417.511,0.948381,0.261546,-0.179350
219,503,14048,32224,11,center,40.982,8.982,4.000,19346.334,18729.287,62433.668,0.960526,0.208855,-0.183762
219,504,14048,32288,11,center,38.710,6.710,4.000,19363.309,18671.248,62449.928,0.959632,0.228286,-0.164292
219,505,14048,32352,11,center,38.655,6.655,4.000,19377.831,18612.626,62466.663,0.961316,0.203173,-0.185988
219,506,14048,32416,11,block_,34.972,2.972,4.000,19392.839,18554.144,62483.258,0.962847,0.180031,-0.201284
219,512,14048,32800,11,block_,41.383,9.383,3.641,19434.901,18195.352,62588.911,0.988210,0.038353,-0.148221
219,513,14048,32864,11,center,44.626,12.626,3.984,19435.940,18135.042,62607.013,0.991563,-0.057326,-0.116262
219,514,14048,32928,11,center,44.561,12.561,4.000,19435.916,18074.589,62624.767,0.985475,-0.028817,-0.167356
219,515,14048,32992,11,center,39.116,7.116,4.000,19430.448,18014.767,62642.633,0.972525,-0.207888,-0.104774
219,522,14048,33440,11,block_,37.995,5.995,4.000,19173.589,17691.754,62741.951,0.473314,-0.840986,0.262137
219,523,14048,33504,11,center,35.603,3.603,3.984,19116.059,17665.950,62749.203,0.411009,-0.865214,0.287188
219,524,14048,33568,11,center,30.904,-1.096,2.016,19058.101,17640.651,62756.609,0.405949,-0.855455,0.321562
219,525,14048,33632,11,center,30.904,-1.096,4.000,18999.877,17616.232,62763.945,0.392936,-0.855822,0.336409
219,526,14048,33696,11,center,30.966,-1.034,4.000,18940.925,17594.011,62770.474,0.345021,-0.892812,0.289565
219,527,14048,33760,11,block_,36.826,4.826,3.979,18881.648,17573.485,62776.063,0.313968,-0.924445,0.216393
219,532,14048,34080,11,block_,39.427,7.427,3.719,18570.742,17549.889,62785.175,-0.039039,-0.969660,0.241321
219,533,14048,34144,11,center,38.700,6.700,4.000,18507.781,17552.118,62785.085,-0.098373,-0.970441,0.220379
219,534,14048,34208,11,center,37.321,5.321,4.000,18445.220,17558.078,62784.037,-0.072008,-0.969910,0.232571
219,535,14048,34272,11,center,38.710,6.710,4.000,18382.763,17563.746,62782.975,-0.107827,-0.974345,0.197550
219,536,14048,34336,11,center,38.710,6.710,4.000,18320.935,17573.010,62780.935,-0.223408,-0.954240,0.198783
219,537,14048,34400,11,center,38.710,6.710,4.000,18259.970,17587.698,62777.593,-0.269526,-0.945077,0.184892
219,538,14048,34464,11,center,38.708,6.708,4.000,18199.223,17603.988,62773.687,-0.264938,-0.949455,0.168353
219,539,14048,34528,11,block_,38.702,6.702,4.000,18138.417,17620.553,62769.782,-0.285242,-0.944913,0.160548
220,235,14112,15072,12,block_,27.296,-4.704,4.000,18206.808,17395.347,62747.141,-0.158205,-0.819177,0.551289
220,236,14112,15136,12,center,21.863,-10.137,4.000,18143.043,17406.333,62739.862,-0.260205,-0.775941,0.574639
220,237,14112,15200,12,center,15.871,-16.129,4.016,18079.540,17418.571,62732.596,-0.218262,-0.831673,0.510570
220,238,14112,15264,12,center,16.165,-15.835,4.016,18017.811,17434.114,62723.798,-0.250854,-0.888200,0.384933
220,239,14112,15328,12,block_,18.291,-13.709,4.016,17955.462,17446.758,62716.679,-0.216371,-0.906768,0.361876
220,251,14112,16096,12,center,23.000,-9.000,4.016,17294.165,17806.225,62581.130,-0.509378,-0.838664,0.192811
220,252,14112,16160,12,center,18.699,-13.301,6.000,17241.775,17840.707,62569.286,-0.642208,-0.752547,0.145744
220,253,14112,16224,12,center,18.743,-13.257,5.969,17192.012,17878.610,62556.613,-0.553370,-0.815559,0.169246
220,254,14112,16288,12,center,22.949,-9.051,4.000,17138.380,17911.806,62545.068,-0.588094,-0.766348,0.258564
220,255,14112,16352,12,center,26.892,-5.108,4.000,17087.157,17949.307,62532.670,-0.684301,-0.699434,0.206214
220,256,14112,16416,12,center,30.537,-1.463,4.000,17041.922,17991.651,62518.866,-0.678320,-0.724335,0.123372
220,257,14112,16480,12,center,30.537,-1.463,4.000,16997.008,18034.441,62505.498,-0.688282,-0.711206,0.143018
220,267,14112,17120,12,block_,30.537,-1.463,4.000,16548.024,18473.425,62370.192,-0.754800,-0.608173,0.245769
220,268,14112,17184,12,block_,30.537,-1.463,4.000,16505.952,18520.648,62356.470,-0.754883,-0.629098,0.185439
220,278,14112,17824,12,block_,30.231,-1.769,3.394,16113.143,19003.089,62218.405,-0.955508,-0.294826,-0.009074
220,279,14112,17888,12,center,29.480,-2.520,2.031,16095.184,19063.405,62201.317,-0.954427,-0.298348,0.007605
220,280,14112,17952,12,center,22.354,-9.646,4.000,16077.507,19123.695,62184.216,-0.971736,-0.234395,-0.028083
220,281,14112,18016,12,center,29.537,-2.463,4.000,16070.033,19185.786,62166.318,-0.988692,-0.006355,-0.149823
220,282,14112,18080,12,block_,30.198,-1.802,4.000,16077.144,19247.985,62148.612,-0.978532,0.090608,-0.185109
220,289,14112,18528,12,block_,33.468,1.468,4.000,16184.016,19656.454,62032.630,-0.868111,0.482263,-0.117496
220,290,14112,18592,12,center,41.857,9.857,4.016,16217.367,19711.095,62016.500,-0.776477,0.519404,-0.356794
220,291,14112,18656,12,center,30.448,-1.552,5.969,16255.947,19762.459,62003.388,-0.777755,0.600673,-0.185174
220,292,14112,18720,12,center,19.174,-12.826,4.000,16300.367,19806.523,61992.365,-0.662542,0.749001,-0.005916
220,293,14112,18784,12,center,19.205,-12.795,4.000,16350.206,19844.489,61981.657,-0.583660,0.811605,-0.025259
220,294,14112,18848,12,block_,26.678,-5.322,4.000,16402.514,19879.501,61971.497,-0.554466,0.830521,-0.052935
220,304,14112,19488,12,block_,25.775,-6.225,4.000,16968.089,20154.716,61891.266,-0.383312,0.920708,-0.073268
220,305,14112,19552,12,center,24.020,-7.980,4.000,17027.120,20178.310,61885.021,-0.382220,0.914880,-0.130007
220,306,14112,19616,12,center,29.666,-2.334,4.000,17086.378,20202.197,61878.922,-0.331181,0.936599,-0.114458
220,307,14112,19680,12,center,32.042,0.042,4.000,17149.275,20215.683,61874.749,-0.148233,0.985344,-0.084407
220,308,14112,19744,12,center,35.904,3.904,4.000,17213.652,20223.940,61872.321,-0.097103,0.993211,-0.064052
220,309,14112,19808,12,center,39.155,7.155,4.000,17278.244,20227.447,61871.520,0.015379,0.991186,-0.131583
220,310,14112,19872,12,block_,38.847,6.847,3.992,17342.734,20226.241,61871.763,0.035859,0.985071,-0.168372
220,320,14112,20512,12,block_,31.752,-0.248,4.000,17966.336,20105.047,61911.206,0.495420,0.864492,-0.084931
220,321,14112,20576,12,center,34.078,2.078,3.984,18022.441,20074.843,61918.537,0.430415,0.899297,-0.077513
220,322,14112,20640,12,center,37.842,5.842,2.016,18077.636,20043.757,61926.009,0.561966,0.825311,-0.055275
220,323,14112,20704,12,center,30.698,-1.302,3.984,18131.353,20010.442,61933.672,0.499658,0.865113,-0.043829
220,324,14112,20768,12,block_,32.913,0.913,3.553,18185.801,19979.177,61941.574,0.499245,0.866427,0.007603
220,335,14112,21472,12,block_,33.115,1.115,6.000,18761.223,19610.230,62038.127,0.659124,0.748782,0.069866
220,336,14112,21536,12,center,30.536,-1.464,5.984,18805.946,19567.430,62047.993,0.693844,0.719465,0.030835
220,337,14112,21600,12,center,30.465,-1.535,4.000,18851.323,19525.417,62058.545,0.677554,0.734067,-0.045455
220,338,14112,21664,12,center,30.454,-1.546,4.000,18897.190,19483.939,62069.099,0.684608,0.721900,-0.100861
220,339,14112,21728,12,center,26.371,-5.629,4.000,18942.785,19442.381,62080.400,0.669340,0.742356,-0.029857
220,340,14112,21792,12,center,23.609,-8.391,4.016,18986.743,19399.471,62091.759,0.739070,0.671682,0.051175
220,341,14112,21856,12,block_,23.163,-8.837,5.453,19027.907,19353.887,62103.468,0.712694,0.695957,0.087817
220,353,14112,22624,12,center,27.144,-4.856,2.000,19424.756,18732.260,62259.214,0.924117,0.380894,0.030453
220,354,14112,22688,12,center,27.174,-4.826,2.000,19445.482,18674.169,62273.305,0.950355,0.310364,-0.022342
220,355,14112,22752,12,center,30.551,-1.449,2.031,19468.133,18616.515,62287.427,0.941251,0.320300,-0.107028
220,356,14112,22816,12,center,32.383,0.383,4.000,19485.656,18557.139,62302.360,0.969675,0.238948,-0.051316
220,357,14112,22880,12,block_,31.372,-0.628,4.000,19499.974,18496.918,62317.682,0.979304,0.201428,-0.019766
220,386,14112,24736,10,block_,35.270,3.270,3.996,18481.556,17392.665,62590.422,0.021643,-0.877962,0.478241
220,387,14112,24800,10,center,36.358,4.358,3.984,18417.850,17389.704,62590.665,0.070764,-0.902714,0.424382
220,388,14112,24864,10,center,27.991,-4.009,3.984,18353.967,17383.552,62591.969,0.090883,-0.956401,0.277556
220,389,14112,24928,10,center,36.435,4.435,4.000,18287.151,17382.873,62590.743,-0.131695,-0.990626,0.036285
220,390,14112,24992,10,center,36.501,4.501,4.000,18224.207,17403.925,62582.900,-0.497102,-0.865729,0.058332
220,402,14112,25760,10,block_,38.676,6.676,4.000,17530.644,17706.041,62492.479,-0.479030,-0.760241,0.438822
220,403,14112,25824,10,center,43.512,11.512,4.016,17475.148,17737.289,62484.205,-0.508098,-0.731723,0.454332
220,404,14112,25888,10,center,44.284,12.284,5.984,17423.701,17773.954,62474.526,-0.591236,-0.724330,0.354664
220,405,14112,25952,10,center,44.263,12.263,5.984,17371.993,17809.051,62465.440,-0.602182,-0.737797,0.305014
220,406,14112,26016,10,center,40.836,8.836,4.016,17322.114,17846.572,62455.555,-0.608885,-0.734821,0.298825
220,407,14112,26080,10,center,38.852,6.852,4.000,17275.314,17887.307,62444.525,-0.688779,-0.663749,0.291582
220,408,14112,26144,10,block_,36.807,4.807,4.000,17227.792,17927.255,62434.266,-0.600255,-0.695585,0.394785
220,411,14112,26336,10,block_,33.732,1.732,4.000,17076.830,18042.501,62406.552,-0.584930,-0.579654,0.567325
220,412,14112,26400,10,center,27.961,-4.039,4.000,17027.755,18083.298,62396.386,-0.593640,-0.591152,0.546014
220,413,14112,26464,10,center,28.122,-3.878,4.000,16978.630,18123.833,62386.603,-0.624040,-0.624387,0.469802
220,414,14112,26528,10,center,28.619,-3.381,4.000,16931.658,18166.400,62375.176,-0.688184,-0.604566,0.401126
220,415,14112,26592,10,block_,33.872,1.872,4.000,16886.179,18210.234,62363.251,-0.737264,-0.585724,0.336704
220,484,14112,31008,11,center,37.253,5.253,4.000,18562.610,19536.488,62125.126,0.660324,0.740314,-0.126125
220,485,14112,31072,11,center,30.633,-1.367,4.000,18608.968,19495.746,62137.441,0.665289,0.735338,-0.129109
220,486,14112,31136,11,center,29.832,-2.168,4.000,18656.835,19456.255,62149.464,0.650637,0.742065,-0.161281
220,487,14112,31200,11,center,31.526,-0.474,4.000,18706.067,19418.547,62161.374,0.622544,0.746746,-0.234114
220,488,14112,31264,11,block_,36.751,4.751,4.450,18754.181,19380.353,62173.569,0.645524,0.734811,-0.208209
220,489,14112,31328,11,block_,38.253,6.253,4.387,18801.763,19341.936,62185.626,0.647482,0.724388,-0.236705
220,493,14112,31584,11,block_,40.473,8.473,4.000,18977.889,19173.624,62237.790,0.724786,0.612595,-0.315296
220,494,14112,31648,11,center,39.986,7.986,4.000,19021.574,19129.858,62251.730,0.695467,0.653671,-0.298395
220,495,14112,31712,11,center,38.647,6.647,4.000,19068.538,19089.286,62263.954,0.653241,0.659249,-0.372380
220,496,14112,31776,11,center,30.630,-1.370,4.000,19115.732,19049.452,62276.154,0.621115,0.663914,-0.416455
220,497,14112,31840,11,block_,32.882,0.882,4.000,19164.123,19012.328,62287.701,0.632628,0.702024,-0.327023
220,500,14112,32032,11,block_,39.181,7.181,4.000,19283.043,18880.279,62327.785,0.891388,0.450455,-0.050182
220,501,14112,32096,11,center,38.723,6.723,4.000,19306.946,18826.302,62342.786,0.948524,0.315094,-0.031904
220,502,14112,32160,11,center,40.274,8.274,4.000,19325.020,18769.391,62358.217,0.959677,0.269109,-0.081249
220,503,14112,32224,11,center,40.261,8.261,4.000,19340.199,18710.995,62374.011,0.968548,0.220483,-0.115334
220,504,14112,32288,11,center,38.625,6.625,4.000,19356.479,18652.609,62390.388,0.958619,0.238588,-0.155324
220,505,14112,32352,11,center,31.527,-0.473,4.000,19373.309,18594.503,62406.959,0.959680,0.257505,-0.112716
220,506,14112,32416,11,center,24.757,-7.243,4.000,19387.357,18535.965,62423.775,0.984179,0.172316,-0.041211
220,507,14112,32480,11,center,38.600,6.600,4.000,19398.600,18476.899,62440.802,0.983062,0.167245,-0.074947
220,508,14112,32544,11,block_,38.152,6.152,4.000,19408.412,18417.573,62457.835,0.986296,0.123918,-0.108922
220,509,14112,32608,11,block_,40.076,8.076,4.000,19416.357,18357.967,62475.358,0.994324,0.069681,-0.080396
220,510,14112,32672,11,block_,38.710,6.710,4.000,19420.358,18297.864,62493.267,0.997214,0.010085,-0.073915
220,511,14112,32736,11,block_,38.762,6.762,3.609,19422.574,18237.437,62511.221,0.995033,0.036734,-0.092520
220,512,14112,32800,11,center,39.136,7.136,2.000,19428.433,18177.301,62528.996,0.994189,0.068561,-0.082993
220,513,14112,32864,11,center,42.271,10.271,2.031,19429.621,18117.247,62547.267,0.998702,0.049610,-0.011518
220,514,14112,32928,11,center,39.460,7.460,4.000,19431.586,18057.327,62565.084,0.997532,-0.057018,0.040982
220,515,14112,32992,11,center,38.710,6.710,4.000,19424.933,17997.531,62582.691,0.993421,-0.114508,0.001759
220,520,14112,33312,11,block_,41.559,9.559,4.000,19286.321,17733.032,62665.096,0.583342,-0.689811,0.428804
220,521,14112,33376,11,center,41.364,9.364,4.000,19232.227,17700.172,62674.122,0.444927,-0.845912,0.294061
220,522,14112,33440,11,center,38.695,6.695,4.000,19173.621,17675.200,62680.478,0.406779,-0.884959,0.226667
220,523,14112,33504,11,center,35.029,3.029,3.984,19115.627,17649.145,62687.571,0.441060,-0.874946,0.199837
220,524,14112,33568,11,center,30.507,-1.493,2.031,19058.464,17621.611,62695.924,0.454609,-0.863645,0.217825
220,525,14112,33632,11,center,30.498,-1.502,4.000,19001.318,17594.707,62704.296,0.408414,-0.873551,0.264778
220,526,14112,33696,11,center,30.702,-1.298,4.000,18942.882,17571.056,62711.444,0.352711,-0.875821,0.329444
220,527,14112,33760,11,block_,35.099,3.099,4.000,18882.824,17552.310,62717.090,0.292941,-0.891504,0.345551
220,533,14112,34144,11,block_,38.396,6.396,4.000,18507.028,17535.650,62724.322,-0.043362,-0.965397,0.257153
220,534,14112,34208,11,block_,38.304,6.304,4.000,18444.248,17538.286,62724.630,-0.059313,-0.958783,0.277878
220,535,14112,34272,11,center,38.710,6.710,4.000,18382.250,17546.027,62723.160,-0.184938,-0.941968,0.280170
220,536,14112,34336,11,center,38.710,6.710,4.000,18321.292,17559.779,62719.697,-0.234138,-0.946618,0.221571
220,537,14112,34400,11,center,38.708,6.708,4.000,18260.257,17574.139,62716.214,-0.251316,-0.949990,0.185361
220,538,14112,34464,11,center,38.413,6.413,4.000,18199.549,17590.451,62712.072,-0.281989,-0.942172,0.181091
220,539,14112,34528,11,center,38.710,6.710,4.000,18139.280,17608.721,62707.674,-0.306122,-0.935745,0.175130
220,540,14112,34592,11,center,38.710,6.710,4.000,18078.735,17626.557,62703.414,-0.313816,-0.942716,0.113166
220,541,14112,34656,11,block_,38.710,6.710,4.000,18018.742,17646.955,62698.484,-0.345082,-0.936598,0.060856
221,235,14176,15072,12,block_,30.563,-1.437,4.000,18208.891,17369.175,62689.103,-0.191592,-0.957733,0.214571
221,236,14176,15136,12,center,30.554,-1.446,4.016,18143.973,17377.496,62682.926,-0.120197,-0.967467,0.222623
221,237,14176,15200,12,center,22.237,-9.763,6.000,18080.763,17390.667,62674.696,-0.302497,-0.914119,0.269965
221,238,14176,15264,12,center,19.059,-12.941,5.984,18018.752,17406.541,62665.787,-0.304446,-0.889326,0.341191
221,239,14176,15328,12,block_,26.656,-5.344,4.474,17957.701,17424.685,62656.442,-0.276648,-0.900873,0.334506
221,251,14176,16096,12,block_,24.418,-7.582,4.859,17299.776,17793.210,62518.938,-0.576506,-0.807649,0.123869
221,252,14176,16160,12,center,21.577,-10.423,5.969,17249.122,17830.018,62506.546,-0.595263,-0.800462,0.070153
221,253,14176,16224,12,center,22.978,-9.022,4.000,17197.680,17865.945,62494.381,-0.593216,-0.803948,0.041973
221,254,14176,16288,12,center,24.183,-7.817,4.000,17146.402,17902.508,62482.566,-0.560037,-0.827425,0.041544
221,255,14176,16352,12,center,26.881,-5.119,4.000,17094.670,17937.949,62470.407,-0.607833,-0.784547,0.122577
221,256,14176,16416,12,center,30.537,-1.463,4.000,17044.445,17974.931,62457.848,-0.638695,-0.731965,0.237269
221,257,14176,16480,12,block_,31.219,-0.781,4.000,16997.695,18015.791,62444.727,-0.678239,-0.699139,0.226267
221,278,14176,17824,12,block_,30.539,-1.461,4.000,16122.654,18988.343,62155.462,-0.964023,-0.262866,-0.039519
221,279,14176,17888,12,center,30.523,-1.477,4.000,16103.615,19048.473,62138.985,-0.946189,-0.322410,0.027882
221,280,14176,17952,12,center,28.393,-3.607,4.000,16084.974,19107.563,62122.227,-0.964524,-0.262606,0.027041
221,281,14176,18016,12,center,29.528,-2.472,4.000,16080.532,19168.064,62105.194,-0.999530,0.030286,-0.004790
221,282,14176,18080,12,center,30.537,-1.463,4.000,16080.660,19229.845,62087.804,-0.992017,0.036418,0.120734
221,288,14176,18464,12,block_,30.537,-1.463,4.000,16135.976,19594.915,61985.410,-0.845132,0.505815,0.172926
221,289,14176,18528,12,center,30.537,-1.463,4.000,16169.044,19649.808,61970.272,-0.801507,0.579332,0.148195
221,290,14176,18592,12,center,30.537,-1.463,4.000,16207.322,19702.021,61955.496,-0.731669,0.647475,0.213158
221,291,14176,18656,12,center,30.537,-1.463,4.000,16248.436,19752.176,61941.184,-0.756847,0.650315,0.065363
221,292,14176,18720,12,center,30.479,-1.521,4.000,16292.932,19797.656,61929.718,-0.630856,0.754870,-0.179423
221,293,14176,18784,12,center,23.141,-8.859,4.000,16343.747,19835.487,61918.804,-0.621882,0.773802,-0.120387
221,294,14176,18848,12,block_,27.774,-4.226,4.000,16395.235,19872.324,61908.098,-0.569406,0.821438,-0.031875
221,305,14176,19552,12,block_,30.757,-1.243,4.000,17024.335,20168.574,61821.757,-0.319354,0.936675,-0.143713
221,306,14176,19616,12,center,31.472,-0.528,4.000,17085.704,20186.746,61816.572,-0.254554,0.925689,-0.279825
221,307,14176,19680,12,center,32.370,0.370,4.000,17148.131,20203.841,61811.150,-0.244174,0.909220,-0.337191
221,308,14176,19744,12,center,35.054,3.054,4.000,17212.915,20212.895,61808.449,-0.068075,0.944247,-0.322122
221,309,14176,19808,12,center,37.957,5.957,4.000,17278.270,20213.946,61808.263,0.004207,0.951326,-0.308159
221,310,14176,19872,12,block_,36.877,4.877,4.000,17343.017,20212.691,61808.769,0.015978,0.963276,-0.268039
221,320,14176,20512,12,block_,33.534,1.534,4.000,17968.160,20091.813,61848.465,0.387473,0.906393,-0.168275
221,321,14176,20576,12,center,38.695,6.695,3.984,18025.748,20065.481,61855.643,0.394555,0.915344,-0.080444
221,322,14176,20640,12,center,39.699,7.699,2.016,18082.822,20037.863,61862.943,0.477217,0.876728,0.060108
221,323,14176,20704,12,center,37.836,5.836,2.016,18137.531,20005.566,61870.752,0.503016,0.862859,0.049491
221,324,14176,20768,12,block_,34.050,2.050,3.484,18192.540,19974.829,61878.801,0.486174,0.873857,0.002859
221,334,14176,21408,12,block_,42.508,10.508,6.000,18723.319,19646.762,61966.277,0.640292,0.765610,0.062195
221,335,14176,21472,12,center,41.714,9.714,6.000,18770.454,19605.766,61976.122,0.646888,0.760546,0.055729
221,336,14176,21536,12,center,30.465,-1.535,5.969,18817.219,19564.586,61986.210,0.675433,0.733121,0.079522
221,337,14176,21600,12,center,27.701,-4.299,4.000,18861.582,19520.976,61996.673,0.681958,0.725287,0.094299
221,338,14176,21664,12,center,30.442,-1.558,4.000,18906.753,19478.255,62007.399,0.653302,0.748549,0.113454
221,339,14176,21728,12,center,24.713,-7.287,4.000,18953.520,19437.361,62018.692,0.627523,0.772574,0.096668
221,340,14176,21792,12,center,22.227,-9.773,4.016,18999.095,19395.597,62030.409,0.712495,0.696848,0.082179
221,341,14176,21856,12,center,22.264,-9.736,5.984,19041.503,19350.426,62042.216,0.710914,0.695418,0.104859
221,342,14176,21920,12,block_,28.397,-3.603,4.880,19082.798,19304.148,62054.344,0.743998,0.654409,0.134967
221,352,14176,22560,12,block_,27.890,-4.110,3.558,19410.999,18778.313,62183.544,0.932971,0.357462,0.042267
221,353,14176,22624,12,center,27.151,-4.849,2.016,19432.411,18720.081,62197.487,0.912355,0.408643,0.024902
221,354,14176,22688,12,center,27.719,-4.281,2.031,19455.094,18662.422,62211.626,0.944035,0.303984,0.128034
221,355,14176,22752,12,center,30.547,-1.453,4.000,19471.733,18602.249,62225.743,0.947047,0.293223,0.130852
221,356,14176,22816,12,center,30.537,-1.463,4.000,19488.825,18542.450,62240.548,0.948414,0.300935,0.099741
221,357,14176,22880,12,block_,30.914,-1.086,4.000,19504.078,18482.230,62255.914,0.959516,0.248333,0.132889
221,384,14176,24608,10,block_,27.689,-4.311,4.000,18611.599,17364.423,62536.916,0.042698,-0.903252,0.426981
221,385,14176,24672,10,block_,28.193,-3.807,3.996,18547.171,17360.698,62536.712,0.055200,-0.888066,0.456389
221,386,14176,24736,10,center,27.253,-4.747,3.969,18482.803,17360.175,62535.186,-0.056223,-0.876477,0.478149
221,387,14176,24800,10,center,26.662,-5.338,2.000,18418.889,17364.252,62532.435,-0.106399,-0.896780,0.429494
221,388,14176,24864,10,center,25.763,-6.237,2.031,18355.556,17370.087,62529.021,-0.087621,-0.970434,0.224899
221,389,14176,24928,10,center,28.020,-3.980,4.000,18293.178,17382.668,62525.456,-0.306930,-0.933927,0.183231
221,390,14176,24992,10,center,36.501,4.501,4.000,18230.136,17399.724,62519.324,-0.245694,-0.934058,0.259171
221,403,14176,25824,10,block_,39.528,7.528,4.063,17478.094,17725.635,62423.265,-0.527674,-0.848080,-0.048165
221,404,14176,25888,10,center,43.511,11.511,4.016,17424.016,17758.232,62413.983,-0.524098,-0.845368,0.103321
221,405,14176,25952,10,center,44.203,12.203,5.984,17371.404,17792.098,62404.574,-0.593277,-0.796038,0.119770
221,406,14176,26016,10,center,40.804,8.804,5.969,17322.121,17830.752,62394.640,-0.618104,-0.780984,0.089508
221,407,14176,26080,10,center,38.902,6.902,3.984,17271.232,17867.213,62384.995,-0.612024,-0.761807,0.212312
221,408,14176,26144,10,center,36.576,4.576,4.000,17222.892,17906.754,62375.253,-0.635967,-0.748918,0.186196
221,409,14176,26208,10,center,36.489,4.489,4.000,17172.855,17944.674,62366.116,-0.604487,-0.770557,0.202083
221,410,14176,26272,10,block_,34.970,2.970,4.000,17120.931,17981.334,62357.537,-0.553591,-0.821001,0.139624
221,411,14176,26336,10,center,31.944,-0.056,4.000,17068.630,18017.889,62348.400,-0.672344,-0.725553,0.146716
221,412,14176,26400,10,center,27.223,-4.777,4.000,17022.146,18061.589,62337.553,-0.668238,-0.721207,0.182534
221,413,14176,26464,10,center,27.211,-4.789,4.000,16977.098,18105.704,62326.010,-0.739592,-0.663332,0.113993
221,414,14176,26528,10,center,27.266,-4.734,4.000,16931.081,18148.917,62314.301,-0.723030,-0.684621,0.092312
221,415,14176,26592,10,block_,30.963,-1.037,4.000,16889.207,18196.050,62301.712,-0.738444,-0.674046,0.019047
221,484,14176,31008,11,center,38.710,6.710,4.000,18575.997,19534.231,62065.073,0.598842,0.742766,0.299479
221,485,14176,31072,11,center,38.647,6.647,4.000,18622.888,19493.732,62076.884,0.594131,0.762850,0.255086
221,486,14176,31136,11,center,30.651,-1.349,4.000,18669.150,19452.246,62088.729,0.585453,0.770027,0.253583
221,487,14176,31200,11,center,32.077,0.077,4.016,18716.825,19412.679,62101.149,0.593374,0.771276,0.230305
221,488,14176,31264,11,center,36.385,4.385,5.969,18763.470,19372.497,62113.234,0.617147,0.762529,0.194111
221,489,14176,31328,11,center,38.806,6.806,4.031,18809.761,19332.469,62125.807,0.628640,0.762014,0.155394
221,490,14176,31392,11,center,44.891,12.891,4.000,18855.337,19292.067,62138.436,0.662008,0.741408,0.109813
221,491,14176,31456,11,center,47.588,15.588,4.000,18898.102,19248.531,62151.143,0.696312,0.708847,0.112628
221,492,14176,31520,11,center,41.627,9.627,4.000,18941.248,19205.030,62163.949,0.682260,0.725846,0.087571
221,493,14176,31584,11,center,41.579,9.579,4.000,18984.125,19161.237,62177.618,0.681160,0.716725,0.149420
221,494,14176,31648,11,center,40.621,8.621,4.000,19027.460,19117.141,62190.862,0.674740,0.723913,0.143792
221,495,14176,31712,11,center,38.688,6.688,4.000,19072.954,19075.499,62204.256,0.652906,0.750951,0.098929
221,496,14176,31776,11,center,35.866,3.866,4.000,19118.955,19034.757,62217.185,0.657675,0.751318,0.054623
221,497,14176,31840,11,block_,37.608,5.608,4.000,19164.578,18994.429,62229.173,0.662528,0.746211,-0.065002
221,501,14176,32096,11,block_,38.902,6.902,4.000,19314.953,18813.105,62283.309,0.925036,0.364924,0.105544
221,502,14176,32160,11,center,38.710,6.710,4.000,19331.322,18755.212,62298.121,0.952129,0.247651,0.179220
221,503,14176,32224,11,center,38.680,6.680,4.000,19344.912,18695.799,62313.566,0.954958,0.264409,0.134698
221,504,14176,32288,11,center,34.808,2.808,4.000,19358.194,18636.123,62330.033,0.963570,0.242570,0.112662
221,505,14176,32352,11,center,27.102,-4.898,4.000,19373.296,18577.166,62346.677,0.952775,0.296700,0.064717
221,506,14176,32416,11,center,24.265,-7.735,4.000,19390.509,18519.154,62363.692,0.955380,0.294185,0.026540
221,507,14176,32480,11,center,24.575,-7.425,4.000,19403.359,18460.453,62380.807,0.983141,0.162039,0.084714
221,508,14176,32544,11,center,38.707,6.707,4.000,19409.422,18400.352,62397.676,0.991517,0.122582,0.043226
221,509,14176,32608,11,center,40.644,8.644,4.000,19415.443,18340.373,62415.165,0.994003,0.091325,0.060144
221,510,14176,32672,11,center,38.710,6.710,4.000,19419.550,18280.091,62432.876,0.994094,0.089838,0.060881
221,511,14176,32736,11,center,38.710,6.710,3.984,19423.848,18219.724,62450.779,0.992150,0.096514,0.079514
221,512,14176,32800,11,center,38.710,6.710,2.031,19428.876,18159.436,62468.711,0.992318,0.101934,0.070107
221,513,14176,32864,11,center,38.710,6.710,4.000,19433.992,18099.404,62487.054,0.990153,0.116201,0.078069
221,514,14176,32928,11,center,38.710,6.710,4.000,19432.659,18039.724,62504.925,0.989658,-0.125254,0.069912
221,515,14176,32992,11,center,38.711,6.711,4.000,19423.405,17979.941,62522.367,0.989223,-0.130045,0.067281
221,518,14176,33184,11,block_,40.176,8.176,3.885,19365.965,17807.858,62574.932,0.871496,-0.481805,0.091423
221,519,14176,33248,11,center,38.759,6.759,3.984,19333.989,17754.532,62591.730,0.818019,-0.574510,-0.027982
221,520,14176,33312,11,center,41.845,9.845,4.000,19293.308,17705.249,62607.192,0.666155,-0.726007,0.170741
221,521,14176,33376,11,center,41.810,9.810,4.000,19236.564,17674.995,62615.205,0.328425,-0.843864,0.424301
221,522,14176,33440,11,center,40.391,8.391,4.000,19174.196,17657.523,62618.741,0.313132,-0.892889,0.323572
221,523,14176,33504,11,center,35.639,3.639,4.000,19114.805,17632.930,62625.190,0.464730,-0.835495,0.293214
221,524,14176,33568,11,center,31.980,-0.020,4.000,19058.357,17603.032,62634.747,0.485123,-0.815421,0.315822
221,525,14176,33632,11,center,30.702,-1.298,4.000,19002.658,17573.222,62644.384,0.453384,-0.813954,0.363210
221,526,14176,33696,11,block_,31.313,-0.687,4.000,18944.522,17548.331,62652.258,0.381406,-0.835843,0.394836
221,535,14176,34272,11,block_,38.710,6.710,4.000,18380.844,17525.535,62664.186,-0.190064,-0.891312,0.411628
221,536,14176,34336,11,block_,38.710,6.710,4.000,18319.904,17539.794,62660.487,-0.273632,-0.855295,0.439996
221,537,14176,34400,11,center,38.708,6.708,4.000,18259.805,17557.356,62655.652,-0.315880,-0.892294,0.322538
221,538,14176,34464,11,center,38.413,6.413,4.000,18200.065,17576.958,62650.314,-0.297752,-0.925528,0.233970
221,539,14176,34528,11,center,38.698,6.698,4.000,18139.695,17595.471,62645.765,-0.318541,-0.921552,0.221977
221,540,14176,34592,11,center,38.695,6.695,4.000,18080.000,17615.863,62641.130,-0.363291,-0.900138,0.240358
221,541,14176,34656,11,center,38.709,6.709,4.000,18021.170,17638.727,62635.658,-0.375734,-0.900942,0.217087
221,542,14176,34720,11,block_,37.677,5.677,4.000,17962.443,17662.537,62629.922,-0.392927,-0.907248,0.150030
222,235,14240,15072,12,block_,40.154,8.154,4.000,18212.092,17351.558,62626.360,-0.204009,-0.937586,0.281626
222,236,14240,15136,12,center,41.105,9.105,4.016,18148.190,17361.665,62619.763,-0.184009,-0.943662,0.275031
222,237,14240,15200,12,center,35.860,3.860,6.000,18084.693,17372.739,62612.480,-0.203327,-0.937289,0.283103
222,238,14240,15264,12,center,31.768,-0.232,5.984,18021.705,17385.371,62604.941,-0.250386,-0.920520,0.299916
222,239,14240,15328,12,block_,30.725,-1.275,4.562,17959.518,17400.755,62596.590,-0.216808,-0.922011,0.320765
222,252,14240,16160,12,block_,28.608,-3.392,4.301,17254.742,17817.033,62444.269,-0.580943,-0.798391,0.158357
222,253,14240,16224,12,center,30.494,-1.506,4.000,17203.046,17852.716,62432.270,-0.584859,-0.783217,0.210975
222,254,14240,16288,12,center,25.128,-6.872,4.000,17149.376,17885.771,62421.095,-0.539144,-0.804265,0.249965
222,255,14240,16352,12,center,25.473,-6.527,4.000,17095.559,17918.647,62409.625,-0.522356,-0.829459,0.197842
222,256,14240,16416,12,center,30.635,-1.365,4.000,17044.666,17955.065,62397.300,-0.704174,-0.701334,0.110768
222,257,14240,16480,12,center,39.265,7.265,4.000,17000.248,17999.048,62383.556,-0.698729,-0.708290,0.100515
222,258,14240,16544,12,block_,39.265,7.265,4.000,16954.056,18040.542,62370.260,-0.674439,-0.732763,0.090502
222,278,14240,17824,12,block_,30.807,-1.193,4.000,16116.190,18968.721,62095.001,-0.821445,-0.307267,0.480432
222,279,14240,17888,12,center,30.868,-1.132,4.000,16091.066,19027.836,62080.101,-0.904272,-0.212191,0.370497
222,280,14240,17952,12,center,30.520,-1.480,4.000,16078.598,19088.799,62061.960,-0.976791,-0.062757,0.204795
222,281,14240,18016,12,center,28.364,-3.636,4.000,16073.095,19150.340,62044.124,-0.990457,-0.023048,0.135879
222,282,14240,18080,12,center,30.537,-1.463,4.000,16071.149,19212.313,62026.388,-0.990955,0.032295,0.130252
222,288,14240,18464,12,center,30.537,-1.463,4.000,16127.401,19581.705,61922.367,-0.863661,0.452009,-0.223107
222,289,14240,18528,12,center,30.537,-1.463,4.000,16160.642,19637.523,61905.747,-0.806253,0.536464,-0.249323
222,290,14240,18592,12,center,30.538,-1.462,4.000,16202.396,19688.015,61892.242,-0.734712,0.571904,-0.364861
222,291,14240,18656,12,center,30.716,-1.284,4.000,16249.207,19733.521,61880.166,-0.689704,0.614347,-0.383257
222,292,14240,18720,12,center,30.625,-1.375,4.000,16297.870,19775.451,61869.168,-0.649877,0.657401,-0.381424
222,293,14240,18784,12,center,30.541,-1.459,4.000,16339.297,19822.778,61855.707,-0.769023,0.623697,-0.140021
222,294,14240,18848,12,block_,30.528,-1.472,4.000,16386.458,19866.477,61843.624,-0.586026,0.804745,-0.094647
222,305,14240,19552,12,block_,31.361,-0.639,4.000,17024.280,20149.254,61761.534,-0.237314,0.876685,-0.418457
222,306,14240,19616,12,center,31.686,-0.314,4.000,17086.829,20162.548,61757.381,-0.196353,0.862046,-0.467249
222,307,14240,19680,12,center,33.598,1.598,4.000,17150.108,20174.103,61753.681,-0.163940,0.837220,-0.521716
222,308,14240,19744,12,center,36.440,4.440,4.000,17214.028,20182.357,61751.078,-0.080799,0.823141,-0.562059
222,309,14240,19808,12,center,38.300,6.300,3.984,17278.807,20185.438,61750.616,-0.029780,0.842687,-0.537580
222,310,14240,19872,12,block_,36.459,4.459,4.000,17343.154,20187.180,61750.093,-0.016293,0.866939,-0.498147
222,321,14240,20576,12,center,37.827,5.827,4.000,18028.910,20054.646,61792.869,0.373015,0.905231,-0.203508
222,322,14240,20640,12,center,37.859,5.859,3.984,18087.813,20030.395,61799.884,0.437714,0.872332,-0.217816
222,323,14240,20704,12,center,36.249,4.249,2.016,18144.639,20001.800,61807.589,0.487898,0.863907,-0.124983
222,324,14240,20768,12,center,31.853,-0.147,4.000,18200.012,19971.356,61815.836,0.493058,0.867114,-0.070758
222,325,14240,20832,12,block_,31.651,-0.349,4.000,18253.973,19939.061,61824.295,0.524130,0.851231,-0.026357
222,333,14240,21344,12,block_,41.272,9.272,6.954,18684.230,19682.635,61894.336,0.585254,0.809163,-0.052272
222,334,14240,21408,12,center,42.856,10.856,6.000,18735.268,19645.827,61903.913,0.631611,0.773935,0.045751
222,335,14240,21472,12,center,41.638,9.638,5.969,18781.712,19603.524,61913.763,0.661717,0.746430,0.070516
222,336,14240,21536,12,center,30.537,-1.463,4.000,18827.554,19560.701,61923.908,0.687099,0.723032,0.071547
222,337,14240,21600,12,center,30.537,-1.463,4.000,18872.810,19517.429,61934.334,0.668559,0.735798,0.107844
222,338,14240,21664,12,center,30.537,-1.463,4.000,18918.314,19474.518,61945.245,0.680706,0.729781,0.063711
222,339,14240,21728,12,center,30.505,-1.495,4.000,18963.253,19431.269,61956.558,0.688885,0.724539,-0.021940
222,340,14240,21792,12,center,26.410,-5.590,4.016,19007.857,19387.729,61968.310,0.715459,0.697680,-0.036879
222,341,14240,21856,12,center,22.877,-9.123,6.000,19052.185,19344.013,61980.274,0.712311,0.701081,-0.033141
222,342,14240,21920,12,center,30.550,-1.450,5.969,19094.819,19298.551,61992.466,0.746482,0.665196,-0.016683
222,343,14240,21984,12,center,30.559,-1.441,3.984,19134.305,19250.093,62004.455,0.808465,0.585732,0.057468
222,344,14240,22048,12,block_,31.898,-0.102,3.172,19168.866,19197.751,62016.501,0.825487,0.561287,0.059388
222,351,14240,22496,12,block_,32.304,0.304,4.000,19385.881,18820.202,62108.313,0.917345,0.376449,-0.129476
222,352,14240,22560,12,center,30.564,-1.436,4.000,19412.737,18764.198,62121.646,0.907228,0.401200,-0.126393
222,353,14240,22624,12,center,27.552,-4.448,4.000,19436.527,18706.737,62135.372,0.923018,0.378822,-0.067312
222,354,14240,22688,12,center,30.610,-1.390,4.000,19461.132,18649.373,62149.386,0.945934,0.296283,-0.132004
222,355,14240,22752,12,center,31.922,-0.078,4.000,19479.944,18589.525,62163.900,0.955329,0.280903,-0.091865
222,356,14240,22816,12,block_,30.859,-1.141,4.000,19496.657,18529.294,62179.091,0.969322,0.222828,-0.103741
222,383,14240,24544,10,block_,25.051,-6.949,4.000,18677.951,17347.180,62476.547,0.097622,-0.869978,0.483330
222,384,14240,24608,10,center,24.391,-7.609,4.000,18613.440,17339.660,62477.337,0.087194,-0.901334,0.424256
222,385,14240,24672,10,center,25.979,-6.021,3.984,18548.766,17336.271,62477.066,-0.025158,-0.912845,0.407530
222,386,14240,24736,10,center,25.927,-6.073,2.016,18483.958,17335.742,62475.600,-0.010361,-0.915778,0.401552
222,387,14240,24800,10,center,22.483,-9.517,2.031,18419.299,17337.075,62474.082,-0.087294,-0.915159,0.393527
222,388,14240,24864,10,center,22.880,-9.120,4.000,18356.269,17349.050,62468.704,-0.195574,-0.863487,0.464910
222,389,14240,24928,10,center,29.618,-2.382,4.000,18292.662,17360.304,62464.465,-0.218758,-0.878350,0.425024
222,390,14240,24992,10,center,36.501,4.501,4.000,18229.366,17374.064,62459.655,-0.256309,-0.860657,0.439971
222,404,14240,25888,10,block_,38.485,6.485,4.064,17428.817,17748.418,62351.637,-0.547706,-0.826443,0.130422
222,405,14240,25952,10,center,36.502,4.502,4.000,17375.890,17782.021,62342.269,-0.550828,-0.822579,0.141254
222,406,14240,26016,10,center,36.562,4.562,3.984,17323.830,17816.877,62332.792,-0.580506,-0.784778,0.217109
222,407,14240,26080,10,center,37.997,5.997,2.031,17272.362,17852.772,62323.420,-0.596095,-0.786128,0.163321
222,408,14240,26144,10,center,37.996,5.996,4.000,17222.647,17891.176,62313.748,-0.640963,-0.741682,0.197672
222,409,14240,26208,10,center,36.500,4.500,4.000,17172.716,17929.608,62303.960,-0.589838,-0.779243,0.211828
222,410,14240,26272,10,center,34.883,2.883,4.000,17120.842,17966.026,62295.174,-0.603553,-0.765551,0.222834
222,411,14240,26336,10,center,31.962,-0.038,4.000,17069.555,18003.596,62285.769,-0.593948,-0.766944,0.242946
222,412,14240,26400,10,center,28.743,-3.257,4.000,17019.647,18042.988,62275.910,-0.677576,-0.698891,0.229002
222,413,14240,26464,10,center,27.239,-4.761,4.000,16976.347,18088.827,62264.038,-0.767359,-0.610269,0.196802
222,414,14240,26528,10,center,28.728,-3.272,4.000,16933.440,18134.747,62251.721,-0.747491,-0.645095,0.158459
222,484,14240,31008,11,block_,38.710,6.710,4.000,18598.404,19543.243,62006.684,0.589039,0.737954,0.329329
222,485,14240,31072,11,center,38.710,6.710,4.000,18644.443,19501.215,62018.011,0.589555,0.740615,0.322359
222,486,14240,31136,11,center,38.692,6.692,4.000,18690.338,19459.083,62029.425,0.611269,0.732743,0.299063
222,487,14240,31200,11,center,36.384,4.384,4.000,18736.481,19417.467,62041.307,0.576097,0.778472,0.249186
222,488,14240,31264,11,center,38.758,6.758,4.031,18784.606,19378.706,62054.504,0.583487,0.767715,0.264871
222,489,14240,31328,11,center,44.869,12.869,7.953,18830.544,19337.518,62067.128,0.625205,0.718783,0.304090
222,490,14240,31392,11,center,50.208,18.208,4.016,18872.189,19291.862,62078.298,0.681718,0.689014,0.246011
222,491,14240,31456,11,center,50.157,18.157,4.016,18915.264,19247.868,62090.978,0.636371,0.741245,0.213512
222,492,14240,31520,11,center,45.740,13.740,4.000,18960.868,19206.761,62104.647,0.624369,0.749459,0.220172
222,493,14240,31584,11,center,40.631,8.631,4.000,19005.036,19163.897,62118.170,0.667652,0.702727,0.245796
222,494,14240,31648,11,center,39.986,7.986,4.000,19046.503,19118.145,62130.813,0.684195,0.701784,0.198436
222,495,14240,31712,11,center,38.720,6.720,4.000,19089.023,19073.957,62143.564,0.675775,0.717852,0.167383
222,496,14240,31776,11,center,38.710,6.710,4.000,19132.569,19031.061,62156.365,0.683764,0.719877,0.119346
222,497,14240,31840,11,block_,38.443,6.443,4.000,19175.243,18987.889,62168.772,0.686580,0.723379,0.073009
222,502,14240,32160,11,block_,38.710,6.710,4.000,19347.868,18743.660,62238.897,0.904058,0.426802,-0.022793
222,503,14240,32224,11,block_,38.675,6.675,4.000,19363.696,18683.944,62254.238,0.948066,0.222582,0.227220
222,504,14240,32288,11,center,38.670,6.670,4.000,19374.472,18623.287,62270.213,0.946542,0.227612,0.228584
222,505,14240,32352,11,center,33.499,1.499,4.000,19388.121,18563.878,62286.759,0.945056,0.284374,0.161248
222,506,14240,32416,11,center,26.998,-5.002,4.000,19402.550,18504.716,62303.746,0.939483,0.294552,0.174957
222,507,14240,32480,11,center,27.053,-4.947,4.000,19415.826,18445.421,62321.198,0.949508,0.202026,0.240041
222,508,14240,32544,11,center,36.354,4.354,4.000,19421.105,18384.574,62337.943,0.962431,0.132416,0.237049
222,509,14240,32608,11,center,38.710,6.710,4.000,19425.877,18323.913,62355.437,0.970475,0.143912,0.193567
222,510,14240,32672,11,center,38.710,6.710,4.000,19430.586,18263.440,62373.196,0.970637,0.126790,0.204422
222,511,14240,32736,11,center,38.710,6.710,4.000,19434.641,18202.830,62390.750,0.972497,0.133150,0.191103
222,512,14240,32800,11,center,38.710,6.710,4.000,19439.175,18142.274,62408.880,0.977078,0.122177,0.174333
222,513,14240,32864,11,center,38.710,6.710,4.000,19447.214,18082.168,62427.818,0.952677,0.180404,0.244666
222,514,14240,32928,11,center,38.710,6.710,4.000,19441.843,18021.397,62445.130,0.935090,-0.072085,0.347001
222,515,14240,32992,11,block_,38.710,6.710,4.000,19430.305,17960.970,62462.669,0.941061,-0.117625,0.317124
222,516,14240,33056,11,block_,39.414,7.414,4.000,19414.445,17901.823,62479.752,0.945027,-0.254767,0.204983
222,517,14240,33120,11,center,40.565,8.565,4.000,19392.230,17844.436,62496.701,0.926387,-0.346338,0.147841
222,518,14240,33184,11,center,43.137,11.137,3.984,19365.097,17789.048,62513.937,0.890068,-0.432541,0.143832
222,519,14240,33248,11,center,41.821,9.821,2.031,19329.267,17738.637,62529.699,0.787704,-0.554527,0.268369
222,520,14240,33312,11,center,41.797,9.797,4.000,19288.796,17690.538,62544.243,0.714252,-0.661150,0.229619
222,521,14240,33376,11,center,38.710,6.710,4.000,19238.968,17653.160,62554.793,0.477561,-0.809729,0.340990
222,522,14240,33440,11,center,38.711,6.711,4.000,19179.878,17628.503,62561.549,0.367748,-0.774515,0.514673
222,523,14240,33504,11,center,38.683,6.683,4.000,19120.644,17603.301,62568.475,0.401545,-0.740582,0.538796
222,524,14240,33568,11,center,35.118,3.118,4.000,19062.303,17576.717,62576.437,0.433376,-0.790782,0.432260
222,525,14240,33632,11,center,38.710,6.710,4.000,19005.003,17549.219,62585.082,0.465267,-0.815954,0.343141
222,526,14240,33696,11,block_,35.175,3.175,4.000,18947.732,17521.744,62594.102,0.368108,-0.857124,0.360327
222,537,14240,34400,11,block_,38.624,6.624,4.000,18256.745,17532.345,62597.729,-0.441549,-0.804848,0.396553
222,538,14240,34464,11,center,38.404,6.404,4.000,18198.308,17556.556,62590.432,-0.362815,-0.840086,0.403262
222,539,14240,34528,11,center,37.178,5.178,4.000,18138.249,17576.974,62585.324,-0.260751,-0.881542,0.393563
222,540,14240,34592,11,center,36.765,4.765,4.000,18077.162,17594.272,62581.981,-0.306098,-0.876618,0.371275
222,541,14240,34656,11,center,38.505,6.505,4.000,18017.517,17615.890,62576.941,-0.382245,-0.834153,0.397590
222,542,14240,34720,11,block_,35.734,3.734,4.000,17959.596,17641.917,62570.272,-0.450647,-0.803782,0.388396
223,235,14304,15072,12,block_,41.084,9.084,4.000,18216.347,17337.368,62562.987,-0.165447,-0.978282,0.124866
223,236,14304,15136,12,center,42.507,10.507,4.016,18152.154,17344.967,62557.248,-0.105810,-0.969593,0.220665
223,237,14304,15200,12,center,35.844,3.844,5.984,18087.914,17351.473,62551.428,-0.174568,-0.920673,0.349124
223,238,14304,15264,12,center,35.566,3.566,5.969,18024.356,17362.853,62544.363,-0.175117,-0.912291,0.370215
223,239,14304,15328,12,block_,31.619,-0.381,4.484,17960.682,17375.069,62537.144,-0.286601,-0.875658,0.388694
223,253,14304,16224,12,block_,30.432,-1.568,4.000,17205.313,17835.575,62370.823,-0.587018,-0.776722,0.228281
223,254,14304,16288,12,center,30.537,-1.463,4.000,17152.846,17870.216,62359.297,-0.576306,-0.784748,0.228129
223,255,14304,16352,12,center,30.567,-1.433,4.000,17101.935,17906.516,62347.260,-0.598589,-0.785103,0.159072
223,256,14304,16416,12,center,34.425,2.425,4.000,17053.550,17945.575,62334.704,-0.685818,-0.723398,0.079673
223,257,14304,16480,12,center,39.200,7.200,4.000,17006.983,17986.707,62321.505,-0.674282,-0.728737,0.119526
223,258,14304,16544,12,center,39.144,7.144,4.000,16960.409,18027.734,62308.352,-0.689164,-0.713919,0.123987
223,259,14304,16608,12,block_,31.993,-0.007,4.000,16916.564,18071.619,62294.582,-0.730396,-0.670530,0.130042
223,260,14304,16672,12,block_,30.793,-1.207,4.000,16872.930,18115.912,62280.785,-0.749152,-0.651735,0.118381
223,264,14304,16928,12,block_,31.528,-0.472,4.000,16707.891,18306.218,62222.408,-0.700859,-0.710782,0.059873
223,265,14304,16992,12,block_,33.030,1.030,3.907,16660.606,18348.995,62208.034,-0.682219,-0.726724,0.080311
223,266,14304,17056,12,center,34.932,2.932,3.984,16613.534,18392.080,62194.183,-0.688349,-0.722292,0.066851
223,267,14304,17120,12,block_,34.001,2.001,3.968,16566.411,18435.245,62180.621,-0.687700,-0.717653,0.109745
223,278,14304,17824,12,center,30.543,-1.457,4.000,16096.231,18943.596,62037.434,-0.928721,-0.359884,0.089227
223,279,14304,17888,12,center,30.941,-1.059,4.016,16079.485,19006.611,62018.725,-0.984800,-0.170853,0.031290
223,280,14304,17952,12,center,30.502,-1.498,4.016,16071.802,19069.886,62000.360,-0.996932,-0.074967,0.022511
223,281,14304,18016,12,center,25.829,-6.171,4.016,16066.204,19132.338,61982.383,-0.995398,-0.066151,0.069334
223,282,14304,18080,12,center,30.537,-1.463,4.000,16060.984,19194.630,61964.839,-0.992302,-0.024472,0.121399
223,288,14304,18464,12,center,30.537,-1.463,4.000,16137.786,19558.248,61860.864,-0.836275,0.451209,-0.311536
223,289,14304,18528,12,center,30.538,-1.462,4.000,16174.282,19611.316,61846.367,-0.782692,0.485887,-0.388983
223,290,14304,18592,12,center,30.892,-1.108,4.000,16215.707,19660.522,61833.606,-0.728397,0.548372,-0.410762
223,291,14304,18656,12,center,53.462,21.462,4.000,16259.510,19707.169,61821.349,-0.721429,0.578347,-0.380862
223,292,14304,18720,12,center,41.925,9.925,4.000,16304.187,19752.318,61809.206,-0.740362,0.627160,-0.241937
223,293,14304,18784,12,center,31.109,-0.891,4.000,16343.191,19801.710,61794.459,-0.782539,0.538943,-0.311727
223,294,14304,18848,12,block_,30.699,-1.301,4.000,16388.846,19846.307,61781.213,-0.612033,0.687704,-0.390485
223,305,14304,19552,12,center,30.546,-1.454,4.000,17026.640,20121.638,61704.020,-0.188036,0.896760,-0.400580
223,306,14304,19616,12,center,31.675,-0.325,4.000,17089.256,20132.509,61701.154,-0.159907,0.900262,-0.404918
223,307,14304,19680,12,center,33.581,1.581,4.000,17152.374,20140.901,61699.001,-0.121935,0.898656,-0.421365
223,308,14304,19744,12,center,36.407,4.407,3.984,17215.883,20147.630,61697.090,-0.074457,0.883073,-0.463290
223,309,14304,19808,12,block_,37.414,5.414,2.924,17279.715,20150.475,61696.826,-0.088555,0.886825,-0.453541
223,321,14304,20576,12,block_,34.542,2.542,4.000,18027.060,20032.813,61733.372,0.345136,0.840344,-0.417974
223,322,14304,20640,12,center,36.185,4.185,3.984,18085.979,20009.414,61739.558,0.384940,0.814769,-0.433559
223,323,14304,20704,12,center,33.316,1.316,2.031,18144.316,19984.033,61746.510,0.426178,0.811504,-0.399793
223,324,14304,20768,12,center,33.318,1.318,4.000,18201.440,19956.696,61754.319,0.475374,0.811049,-0.340910
223,325,14304,20832,12,center,32.241,0.241,3.984,18257.018,19927.209,61762.800,0.464629,0.840978,-0.277265
223,332,14304,21280,12,block_,34.391,2.391,6.000,18636.028,19707.065,61822.558,0.541148,0.804960,-0.243308
223,333,14304,21344,12,center,36.161,4.161,6.000,18688.400,19672.157,61831.730,0.582939,0.797074,-0.157655
223,334,14304,21408,12,center,41.642,9.642,5.969,18740.664,19636.804,61841.000,0.598390,0.792677,-0.116583
223,335,14304,21472,12,center,32.034,0.034,4.000,18790.160,19597.788,61850.907,0.641321,0.765767,-0.048031
223,336,14304,21536,12,center,30.537,-1.463,4.000,18838.372,19557.240,61861.260,0.648637,0.761059,0.007689
223,337,14304,21600,12,block_,30.537,-1.463,4.000,18886.541,19516.464,61872.024,0.651526,0.757509,0.041152
223,338,14304,21664,12,block_,30.537,-1.463,4.000,18930.265,19470.752,61882.751,0.748093,0.656795,0.094753
223,339,14304,21728,12,center,30.537,-1.463,4.000,18970.845,19422.424,61893.937,0.740789,0.669372,0.056322
223,340,14304,21792,12,center,30.534,-1.466,4.016,19012.227,19375.276,61906.241,0.762160,0.645437,-0.050229
223,341,14304,21856,12,center,30.255,-1.745,5.969,19055.410,19330.591,61918.588,0.714408,0.687163,-0.132017
223,342,14304,21920,12,center,32.249,0.249,3.969,19099.799,19286.973,61930.150,0.711362,0.683922,-0.161908
223,343,14304,21984,12,center,33.336,1.336,2.000,19142.100,19240.869,61941.881,0.777523,0.626722,-0.051747
223,344,14304,22048,12,center,34.025,2.025,2.016,19180.202,19190.849,61953.730,0.779706,0.611026,0.136770
223,345,14304,22112,12,block_,31.019,-0.981,3.766,19213.358,19136.592,61965.877,0.831291,0.538475,0.137837
223,346,14304,22176,12,block_,30.555,-1.445,4.000,19243.872,19081.014,61979.250,0.887491,0.425457,0.177048
223,350,14304,22432,12,block_,35.856,3.856,4.000,19357.756,18860.462,62033.090,0.916225,0.364797,-0.165697
223,351,14304,22496,12,center,35.709,3.709,4.000,19383.341,18804.205,62046.888,0.913791,0.377273,-0.150502
223,352,14304,22560,12,center,36.993,4.993,4.000,19405.170,18746.449,62061.186,0.918905,0.306467,-0.248378
223,353,14304,22624,12,center,30.645,-1.355,4.000,19430.860,18689.658,62074.616,0.879946,0.380924,-0.283888
223,354,14304,22688,12,center,38.552,6.552,4.000,19449.578,18630.834,62089.222,0.957348,0.220713,-0.186471
223,355,14304,22752,12,center,38.490,6.490,4.000,19469.324,18571.416,62103.543,0.937690,0.229257,-0.261111
223,356,14304,22816,12,block_,33.104,1.104,4.000,19488.287,18511.936,62117.971,0.951340,0.230026,-0.205037
223,383,14304,24544,10,block_,22.576,-9.424,4.000,18681.542,17307.495,62424.959,0.100318,-0.852575,0.512886
223,384,14304,24608,10,center,18.165,-13.835,4.000,18615.766,17304.078,62423.195,0.000013,-0.825832,0.563916
223,385,14304,24672,10,center,18.124,-13.876,4.000,18550.398,17302.624,62421.593,0.067047,-0.843582,0.532799
223,386,14304,24736,10,center,14.983,-17.017,4.000,18484.965,17300.704,62420.952,-0.041322,-0.844975,0.533207
223,387,14304,24800,10,center,19.229,-12.771,4.000,18419.093,17303.996,62418.393,-0.089350,-0.840729,0.534033
223,388,14304,24864,10,center,22.617,-9.383,4.000,18353.865,17312.971,62414.767,-0.217830,-0.842268,0.493086
223,389,14304,24928,10,center,36.501,4.501,4.000,18289.806,17326.153,62409.244,-0.130303,-0.839112,0.528121
223,390,14304,24992,10,center,36.501,4.501,4.000,18225.383,17339.516,62404.558,-0.271386,-0.809429,0.520744
223,405,14304,25952,10,block_,36.155,4.155,4.000,17377.772,17768.107,62280.405,-0.571171,-0.805510,0.157852
223,406,14304,26016,10,center,34.674,2.674,4.000,17325.821,17803.343,62270.790,-0.566182,-0.815594,0.119345
223,407,14304,26080,10,center,36.513,4.513,4.000,17274.557,17839.730,62261.200,-0.610018,-0.781647,0.130026
223,408,14304,26144,10,center,37.951,5.951,4.000,17224.459,17877.902,62251.270,-0.607887,-0.787121,0.104475
223,409,14304,26208,10,center,37.984,5.984,4.000,17173.550,17915.270,62241.781,-0.603800,-0.791197,0.097127
223,410,14304,26272,10,center,34.902,2.902,4.000,17122.060,17952.225,62232.649,-0.577463,-0.812507,0.079803
223,411,14304,26336,10,center,32.775,0.775,4.000,17070.420,17989.123,62223.313,-0.611528,-0.786066,0.090181
223,412,14304,26400,10,center,30.215,-1.785,4.000,17021.427,18029.099,62213.283,-0.671983,-0.728887,0.131004
223,413,14304,26464,10,center,28.700,-3.300,4.000,16976.598,18072.935,62202.001,-0.743878,-0.649785,0.156284
223,414,14304,26528,10,block_,29.959,-2.041,4.000,16933.599,18118.562,62189.903,-0.744802,-0.643785,0.175532
223,486,14304,31136,11,block_,38.455,6.455,4.000,18712.146,19466.391,61970.192,0.590725,0.738918,0.324105
223,487,14304,31200,11,center,38.710,6.710,4.000,18757.457,19423.339,61981.895,0.600113,0.716667,0.355321
223,488,14304,31264,11,center,38.757,6.757,4.016,18803.324,19381.179,61994.345,0.590703,0.753266,0.289240
223,489,14304,31328,11,center,44.728,12.728,5.984,18850.256,19340.753,62007.438,0.594847,0.765835,0.244241
223,490,14304,31392,11,center,47.929,15.929,5.984,18894.165,19297.059,62019.428,0.646130,0.677504,0.351431
223,491,14304,31456,11,center,45.725,13.725,5.984,18936.582,19251.696,62031.657,0.643096,0.700301,0.309850
223,492,14304,31520,11,center,38.720,6.720,4.000,18979.274,19206.837,62044.418,0.665077,0.707912,0.237766
223,493,14304,31584,11,center,39.927,7.927,4.000,19021.861,19162.213,62057.679,0.696552,0.691960,0.189755
223,494,14304,31648,11,center,40.621,8.621,4.000,19062.409,19115.838,62070.258,0.726028,0.669051,0.158913
223,495,14304,31712,11,center,39.912,7.912,4.000,19102.814,19069.693,62082.781,0.735808,0.670524,0.094786
223,496,14304,31776,11,block_,38.938,6.938,4.000,19143.785,19024.558,62095.764,0.734188,0.677757,0.040161
223,504,14304,32288,11,block_,37.111,5.111,4.000,19387.115,18609.468,62210.048,0.971565,0.219496,0.088783
223,505,14304,32352,11,block_,34.881,2.881,4.000,19399.255,18549.598,62226.444,0.961037,0.259912,0.094089
223,506,14304,32416,11,center,33.553,1.553,4.000,19418.525,18491.549,62243.637,0.920216,0.359322,0.155208
223,507,14304,32480,11,center,31.298,-0.702,4.000,19430.954,18430.941,62260.710,0.979159,0.136718,0.150183
223,508,14304,32544,11,center,38.492,6.492,4.000,19436.626,18369.011,62277.989,0.971810,0.142175,0.188073
223,509,14304,32608,11,center,38.710,6.710,4.000,19440.222,18307.762,62295.828,0.988046,0.085784,0.128086
223,510,14304,32672,11,center,38.710,6.710,4.000,19440.803,18246.773,62313.186,0.992467,-0.044935,0.113977
223,511,14304,32736,11,center,38.710,6.710,4.000,19440.499,18185.773,62330.497,0.996687,0.071992,-0.037845
223,512,14304,32800,11,center,38.710,6.710,4.000,19445.594,18124.653,62348.839,0.996864,0.065738,-0.044048
223,513,14304,32864,11,center,38.711,6.711,4.000,19453.812,18063.571,62368.031,0.988748,0.132137,-0.070125
223,514,14304,32928,11,center,38.711,6.711,4.000,19458.229,18001.290,62387.509,0.999972,0.007112,0.002166
223,515,14304,32992,11,center,38.135,6.135,4.000,19453.814,17938.482,62407.151,0.960707,-0.141875,0.238567
223,516,14304,33056,11,center,38.725,6.725,4.000,19432.830,17878.282,62423.628,0.833410,-0.246444,0.494665
223,517,14304,33120,11,center,40.531,8.531,4.000,19403.588,17821.234,62438.871,0.797322,-0.304404,0.521168
223,518,14304,33184,11,center,40.516,8.516,4.000,19369.250,17767.825,62454.089,0.826410,-0.400173,0.396116
223,519,14304,33248,11,center,38.710,6.710,4.000,19331.655,17718.209,62468.671,0.760482,-0.591252,0.268493
223,520,14304,33312,11,center,38.710,6.710,4.000,19289.501,17671.472,62482.830,0.733690,-0.640456,0.226971
223,521,14304,33376,11,center,38.710,6.710,4.000,19241.041,17630.817,62494.989,0.573320,-0.800572,0.174322
223,522,14304,33440,11,center,38.711,6.711,4.000,19184.335,17601.125,62503.418,0.378977,-0.895218,0.234438
223,523,14304,33504,11,center,38.834,6.834,4.000,19126.299,17573.825,62511.549,0.456170,-0.835638,0.305971
223,524,14304,33568,11,center,38.833,6.833,4.000,19066.804,17549.393,62518.436,0.418351,-0.826598,0.376455
223,525,14304,33632,11,block_,38.485,6.485,4.000,19008.675,17522.792,62526.572,0.415638,-0.832629,0.366024
223,538,14304,34464,11,block_,38.276,6.276,4.000,18193.378,17527.898,62533.547,-0.372483,-0.823048,0.428776
223,539,14304,34528,11,center,38.142,6.142,4.000,18133.632,17549.502,62527.963,-0.314042,-0.852189,0.418511
223,540,14304,34592,11,center,36.752,4.752,4.000,18073.563,17570.172,62523.099,-0.353245,-0.865903,0.354160
223,541,14304,34656,11,center,35.038,3.038,4.000,18014.685,17593.958,62517.036,-0.405746,-0.873095,0.270323
223,542,14304,34720,11,block_,34.905,2.905,4.000,17956.831,17620.430,62510.150,-0.481113,-0.837319,0.259668
224,235,14368,15072,12,block_,32.771,0.771,4.000,18221.156,17325.315,62499.962,-0.040247,-0.905705,0.421993
224,236,14368,15136,12,center,36.145,4.145,4.000,18156.037,17328.742,62494.973,-0.078971,-0.927582,0.365179
224,237,14368,15200,12,center,29.920,-2.080,4.000,18091.941,17336.535,62488.723,-0.164036,-0.966299,0.198387
224,238,14368,15264,12,center,29.878,-2.122,4.000,18028.112,17344.759,62482.648,-0.260870,-0.944013,0.201954
224,239,14368,15328,12,block_,30.326,-1.674,4.000,17965.900,17361.704,62474.628,-0.298488,-0.932599,0.202888
224,254,14368,16288,12,center,30.537,-1.463,4.000,17149.296,17846.115,62300.553,-0.623962,-0.726152,0.288745
224,255,14368,16352,12,center,30.537,-1.463,4.000,17100.926,17885.954,62287.385,-0.665046,-0.691221,0.282715
224,256,14368,16416,12,center,30.541,-1.459,4.000,17054.129,17926.980,62274.096,-0.696200,-0.681807,0.224601
224,257,14368,16480,12,center,31.033,-0.967,4.000,17008.663,17969.141,62260.680,-0.690801,-0.698162,0.188054
224,258,14368,16544,12,center,32.049,0.049,4.000,16963.455,18011.466,62247.145,-0.701306,-0.693101,0.166676
224,259,14368,16608,12,center,31.609,-0.391,4.000,16917.613,18053.384,62233.452,-0.728082,-0.676857,0.108449
224,260,14368,16672,12,center,30.549,-1.451,4.000,16877.656,18100.934,62219.065,-0.788172,-0.615148,0.019429
224,261,14368,16736,12,center,30.628,-1.372,4.031,16839.181,18150.017,62204.189,-0.773894,-0.631783,0.044038
224,262,14368,16800,12,center,30.628,-1.372,4.031,16798.042,18197.107,62189.822,-0.744439,-0.631266,0.217520
224,263,14368,16864,12,center,30.571,-1.429,4.016,16753.694,18241.972,62175.618,-0.706580,-0.645501,0.289954
224,264,14368,16928,12,center,30.571,-1.429,4.016,16708.967,18286.704,62160.594,-0.735540,-0.599848,0.314902
224,265,14368,16992,12,center,34.904,2.904,4.000,16663.485,18331.471,62145.087,-0.696551,-0.626594,0.349566
224,266,14368,17056,12,center,38.206,6.206,2.047,16613.579,18372.756,62132.016,-0.609227,-0.653979,0.448502
224,267,14368,17120,12,center,37.679,5.679,4.000,16563.453,18413.507,62120.819,-0.609754,-0.583753,0.536127
224,268,14368,17184,12,block_,33.904,1.904,4.000,16514.695,18455.350,62109.059,-0.539134,-0.581177,0.609564
224,276,14368,17696,12,block_,30.537,-1.463,4.000,16157.438,18813.144,62004.795,-0.870769,-0.460547,0.172212
224,277,14368,17760,12,block_,30.568,-1.432,4.000,16129.781,18870.016,61989.407,-0.922986,-0.384025,-0.024953
224,278,14368,17824,12,center,30.941,-1.059,4.016,16110.186,18930.644,61973.062,-0.933145,-0.320247,-0.163347
224,279,14368,17888,12,center,40.107,8.107,6.000,16092.445,18991.696,61955.583,-0.941776,-0.292726,-0.165439
224,280,14368,17952,12,center,30.903,-1.097,6.000,16077.868,19052.988,61937.877,-0.980875,-0.192597,-0.028128
224,281,14368,18016,12,center,30.537,-1.463,5.984,16065.874,19114.624,61919.520,-0.988629,-0.130412,0.074873
224,282,14368,18080,12,block_,30.537,-1.463,4.393,16058.050,19176.960,61902.412,-0.990370,-0.046159,0.130524
224,288,14368,18464,12,center,30.537,-1.463,4.000,16151.624,19533.297,61801.928,-0.803580,0.452448,-0.386717
224,289,14368,18528,12,center,30.713,-1.287,4.000,16188.774,19585.033,61788.329,-0.769119,0.475346,-0.427202
224,290,14368,18592,12,center,53.102,21.102,4.000,16228.602,19634.493,61775.502,-0.764264,0.519403,-0.382258
224,291,14368,18656,12,center,53.496,21.496,4.000,16269.200,19682.681,61762.613,-0.768869,0.560500,-0.307702
224,292,14368,18720,12,center,46.989,14.989,4.000,16308.867,19731.009,61748.919,-0.758410,0.584018,-0.289374
224,293,14368,18784,12,center,36.718,4.718,4.000,16351.888,19776.191,61735.916,-0.711583,0.626213,-0.318603
224,294,14368,18848,12,block_,32.518,0.518,4.000,16399.439,19816.925,61724.560,-0.602467,0.695036,-0.392377
224,305,14368,19552,12,center,30.532,-1.468,4.000,17028.133,20098.101,61645.025,-0.166450,0.905542,-0.390240
224,306,14368,19616,12,center,30.224,-1.776,4.000,17090.416,20109.541,61641.896,-0.189870,0.911510,-0.364828
224,307,14368,19680,12,center,31.364,-0.636,4.000,17153.216,20118.309,61639.583,-0.127431,0.916717,-0.378671
224,308,14368,19744,12,center,32.646,0.646,4.000,17216.384,20125.988,61637.361,-0.056315,0.940838,-0.334144
224,309,14368,19808,12,block_,32.726,0.726,3.807,17280.038,20126.811,61637.698,-0.037089,0.921729,-0.386056
224,322,14368,20640,12,block_,32.107,0.107,3.791,18082.103,19984.386,61682.005,0.449737,0.876009,-0.174198
224,323,14368,20704,12,center,30.547,-1.453,4.000,18139.675,19957.658,61689.477,0.431999,0.872856,-0.226933
224,324,14368,20768,12,center,31.844,-0.156,3.984,18197.366,19931.847,61696.486,0.414226,0.869044,-0.270518
224,325,14368,20832,12,center,32.201,0.201,2.016,18254.806,19906.551,61703.213,0.429805,0.855421,-0.289003
224,326,14368,20896,12,center,34.822,2.822,2.016,18309.983,19877.373,61711.218,0.511009,0.811854,-0.282423
224,327,14368,20960,12,block_,31.650,-0.350,3.484,18363.830,19845.943,61719.959,0.511017,0.807730,-0.293995
224,331,14368,21216,12,block_,30.643,-1.357,4.401,18577.001,19715.725,61755.255,0.471137,0.768233,-0.433414
224,332,14368,21280,12,center,34.331,2.331,5.984,18632.074,19684.677,61763.186,0.492763,0.774558,-0.396540
224,333,14368,21344,12,center,29.352,-2.648,5.969,18687.523,19654.694,61770.795,0.487621,0.818849,-0.302840
224,334,14368,21408,12,center,30.992,-1.008,4.000,18742.022,19622.701,61778.705,0.603627,0.746627,-0.279611
224,335,14368,21472,12,center,30.537,-1.463,4.000,18791.411,19583.469,61789.030,0.626324,0.729939,-0.273692
224,336,14368,21536,12,block_,30.715,-1.285,4.000,18840.502,19543.889,61799.143,0.629365,0.716003,-0.302058
224,340,14368,21792,12,block_,30.639,-1.361,4.042,19022.471,19367.037,61843.808,0.821193,0.560772,-0.105715
224,341,14368,21856,12,center,31.382,-0.618,3.984,19057.688,19315.846,61857.331,0.823000,0.540584,-0.174474
224,342,14368,21920,12,center,32.237,0.237,2.000,19095.866,19267.583,61870.098,0.717431,0.646492,-0.259499
224,343,14368,21984,12,center,33.506,1.506,2.000,19140.159,19223.658,61881.048,0.708275,0.639715,-0.298515
224,344,14368,22048,12,center,35.169,3.169,2.016,19185.510,19179.348,61891.635,0.715924,0.628934,-0.303142
224,345,14368,22112,12,center,30.738,-1.262,4.000,19227.817,19130.025,61902.543,0.830156,0.514301,-0.215259
224,346,14368,22176,12,center,30.537,-1.463,4.000,19258.063,19072.662,61916.363,0.915209,0.391514,-0.095440
224,347,14368,22240,12,center,30.537,-1.463,4.000,19281.037,19013.877,61930.568,0.945424,0.324814,0.025865
224,348,14368,22304,12,center,30.640,-1.360,4.000,19302.794,18956.079,61944.965,0.906846,0.410668,-0.094776
224,349,14368,22368,12,center,37.155,5.155,4.000,19329.488,18900.514,61958.375,0.918415,0.372893,-0.132156
224,350,14368,22432,12,center,37.037,5.037,4.000,19351.899,18843.007,61972.346,0.935942,0.336228,-0.104702
224,351,14368,22496,12,center,35.696,3.696,4.000,19379.633,18787.735,61985.689,0.901723,0.408157,-0.142494
224,352,14368,22560,12,center,36.416,4.416,4.000,19400.888,18729.844,62000.028,0.945792,0.316823,-0.071425
224,353,14368,22624,12,center,36.433,4.433,4.000,19424.241,18672.204,62013.833,0.910608,0.390483,-0.135337
224,354,14368,22688,12,center,38.502,6.502,4.000,19448.170,18614.821,62027.521,0.943107,0.303176,-0.136506
224,355,14368,22752,12,center,38.428,6.428,4.000,19466.030,18555.375,62042.143,0.963277,0.264005,-0.048986
224,383,14368,24544,10,block_,25.688,-6.312,4.000,18683.629,17284.302,62363.684,0.100912,-0.957337,0.270780
224,384,14368,24608,10,center,19.646,-12.354,4.000,18617.939,17277.858,62363.674,0.062761,-0.955126,0.289475
224,385,14368,24672,10,center,17.524,-14.476,4.000,18552.104,17276.178,62362.044,-0.007119,-0.946435,0.322816
224,386,14368,24736,10,center,15.007,-16.993,4.000,18486.165,17277.499,62360.198,-0.046545,-0.972880,0.226578
224,387,14368,24800,10,center,17.592,-14.408,4.000,18420.196,17282.648,62357.163,-0.122334,-0.980527,0.153626
224,388,14368,24864,10,center,22.829,-9.171,4.000,18354.812,17292.287,62352.916,-0.172797,-0.969162,0.175690
224,389,14368,24928,10,center,36.501,4.501,4.000,18289.707,17303.014,62348.386,-0.178538,-0.954867,0.237388
224,390,14368,24992,10,block_,36.501,4.501,4.000,18224.831,17316.284,62343.454,-0.243925,-0.933918,0.261338
224,407,14368,26080,10,block_,36.597,4.597,4.000,17278.915,17829.223,62198.508,-0.619901,-0.779973,0.085815
224,408,14368,26144,10,center,36.513,4.513,4.000,17228.930,17867.695,62188.451,-0.637654,-0.765273,0.088061
224,409,14368,26208,10,center,37.985,5.985,4.000,17180.523,17908.621,62178.529,-0.638118,-0.768820,0.041481
224,410,14368,26272,10,center,36.489,4.489,4.000,17129.591,17947.012,62168.839,-0.552504,-0.829420,0.082479
224,411,14368,26336,10,center,34.920,2.920,4.000,17074.655,17979.360,62160.207,-0.540580,-0.836802,0.086804
224,412,14368,26400,10,center,32.807,0.807,4.000,17023.148,18015.612,62151.162,-0.612122,-0.775703,0.153595
224,413,14368,26464,10,center,32.836,0.836,4.000,16975.324,18055.702,62140.711,-0.718467,-0.652842,0.240005
224,414,14368,26528,10,block_,32.295,0.295,4.000,16931.591,18100.330,62128.990,-0.685749,-0.653669,0.320102
224,488,14368,31264,11,block_,39.683,7.683,4.322,18825.992,19388.564,61935.461,0.638765,0.716934,0.279258
224,489,14368,31328,11,block_,40.878,8.878,4.672,18871.691,19346.044,61947.822,0.594773,0.754824,0.276562
224,490,14368,31392,11,center,38.710,6.710,4.016,18917.456,19303.427,61960.735,0.638747,0.719257,0.273262
224,491,14368,31456,11,center,38.710,6.710,5.969,18960.059,19257.564,61973.093,0.691875,0.656419,0.300704
224,492,14368,31520,11,center,38.710,6.710,4.000,19000.547,19209.718,61984.865,0.671763,0.680458,0.292766
224,493,14368,31584,11,center,38.710,6.710,4.000,19041.297,19162.849,61997.555,0.715009,0.658354,0.235228
224,494,14368,31648,11,block_,39.270,7.270,4.000,19081.027,19115.470,62010.096,0.731593,0.642462,0.228065
224,495,14368,31712,11,block_,39.352,7.352,4.000,19117.786,19065.891,62022.261,0.758706,0.623854,0.187539
224,507,14368,32480,11,block_,36.152,4.152,4.000,19441.235,18415.312,62199.057,0.976876,0.129919,-0.169807
224,508,14368,32544,11,block_,38.617,6.617,4.000,19446.089,18352.154,62217.180,0.985235,-0.112631,-0.128940
224,509,14368,32608,11,block_,38.710,6.710,4.000,19442.452,18290.509,62235.342,0.995178,0.004526,-0.097978
224,510,14368,32672,11,block_,38.710,6.710,4.000,19445.702,18229.416,62252.645,0.995726,0.080879,-0.044583
224,511,14368,32736,11,block_,38.710,6.710,4.000,19446.747,18168.116,62269.921,0.990153,0.005557,0.139882
224,512,14368,32800,11,block_,38.710,6.710,4.000,19451.287,18106.986,62287.835,0.979758,0.167601,0.109472
224,513,14368,32864,11,block_,38.710,6.710,4.000,19462.199,18045.580,62306.669,0.984556,0.165766,0.056322
224,514,14368,32928,11,block_,38.911,6.911,4.000,19462.924,17981.935,62325.149,0.991836,-0.021047,0.125769
224,515,14368,32992,11,center,38.710,6.710,4.000,19455.650,17918.124,62344.431,0.992271,-0.119980,0.031676
224,516,14368,33056,11,center,38.710,6.710,4.000,19445.190,17854.941,62363.917,0.975756,-0.199563,0.089858
224,517,14368,33120,11,center,38.710,6.710,4.000,19424.043,17793.381,62382.780,0.900001,-0.363245,0.240940
224,518,14368,33184,11,center,38.710,6.710,4.000,19388.046,17738.192,62398.399,0.747724,-0.523994,0.407847
224,519,14368,33248,11,center,38.710,6.710,4.000,19345.585,17688.180,62412.559,0.707105,-0.558403,0.433806
224,520,14368,33312,11,center,38.710,6.710,4.000,19294.234,17648.779,62422.902,0.607820,-0.717797,0.339593
224,521,14368,33376,11,center,38.710,6.710,4.000,19242.234,17611.927,62433.625,0.521399,-0.796815,0.305334
224,522,14368,33440,11,block_,38.710,6.710,4.000,19185.313,17581.690,62442.051,0.490826,-0.806679,0.329178
224,523,14368,33504,11,block_,38.751,6.751,4.000,19129.429,17549.368,62451.765,0.458239,-0.831050,0.315234
224,524,14368,33568,11,block_,38.766,6.766,4.000,19069.303,17526.232,62458.533,0.368283,-0.881320,0.296045
224,540,14368,34592,11,block_,37.653,5.653,4.000,18071.019,17548.399,62463.309,-0.341525,-0.870839,0.353554
224,541,14368,34656,11,block_,37.266,5.266,4.000,18012.461,17573.134,62456.819,-0.422238,-0.790681,0.443327
225,235,14432,15072,12,center,31.199,-0.801,3.984,18222.229,17287.544,62445.484,-0.119572,-0.829288,0.545879
225,236,14432,15136,12,center,30.527,-1.473,3.984,18156.905,17295.201,62439.593,-0.222557,-0.841837,0.491710
225,237,14432,15200,12,center,29.236,-2.764,4.000,18093.697,17309.690,62430.349,-0.232378,-0.854560,0.464465
225,238,14432,15264,12,center,23.230,-8.770,4.000,18030.157,17321.832,62422.641,-0.218012,-0.872549,0.437184
225,239,14432,15328,12,block_,27.659,-4.341,4.000,17966.267,17333.897,62416.559,-0.225222,-0.888138,0.400608
225,254,14432,16288,12,block_,30.537,-1.463,4.000,17152.753,17830.622,62238.775,-0.582399,-0.811084,0.054360
225,255,14432,16352,12,center,30.537,-1.463,4.000,17102.418,17868.163,62226.323,-0.646949,-0.755732,0.101619
225,256,14432,16416,12,center,30.537,-1.463,4.000,17055.610,17909.215,62213.127,-0.693182,-0.699339,0.174422
225,257,14432,16480,12,center,30.537,-1.463,4.000,17010.231,17951.494,62199.780,-0.702786,-0.686314,0.187258
225,258,14432,16544,12,center,30.541,-1.459,4.000,16965.859,17994.576,62186.092,-0.734296,-0.657775,0.167756
225,259,14432,16608,12,center,31.033,-0.967,4.000,16924.233,18040.063,62171.734,-0.766135,-0.627094,0.140678
225,260,14432,16672,12,center,32.144,0.144,4.031,16883.505,18086.542,62157.081,-0.781201,-0.605420,0.152286
225,261,14432,16736,12,center,42.292,10.292,8.000,16842.069,18133.101,62143.129,-0.689696,-0.627939,0.360572
225,262,14432,16800,12,center,42.234,10.234,7.984,16795.894,18175.762,62129.362,-0.664250,-0.616667,0.422485
225,263,14432,16864,12,center,34.934,2.934,6.000,16748.095,18216.849,62116.905,-0.614183,-0.609280,0.501555
225,264,14432,16928,12,center,30.537,-1.463,6.000,16698.292,18256.011,62105.121,-0.564837,-0.531112,0.631569
225,265,14432,16992,12,center,30.542,-1.458,5.984,16646.815,18295.215,62093.664,-0.504984,-0.516479,0.691549
225,266,14432,17056,12,center,31.267,-0.733,5.969,16593.700,18333.711,62084.997,-0.529251,-0.525669,0.666007
225,267,14432,17120,12,center,32.878,0.878,4.000,16541.642,18373.423,62074.785,-0.573010,-0.551304,0.606402
225,268,14432,17184,12,block_,32.598,0.598,4.000,16493.291,18416.187,62062.169,-0.719861,-0.548965,0.424780
225,275,14432,17632,12,block_,30.537,-1.463,4.000,16187.963,18739.290,61958.177,-0.848466,-0.483151,0.216035
225,276,14432,17696,12,center,30.537,-1.463,4.000,16156.326,18794.642,61942.073,-0.931251,-0.364323,-0.006393
225,277,14432,17760,12,center,30.528,-1.472,4.000,16140.112,18856.337,61926.279,-0.957740,-0.221100,-0.183982
225,278,14432,17824,12,center,30.585,-1.415,4.016,16122.658,18916.950,61910.591,-0.914459,-0.404341,0.016539
225,279,14432,17888,12,center,40.012,8.012,5.984,16097.815,18974.803,61893.501,-0.916152,-0.358926,0.178432
225,280,14432,17952,12,center,35.253,3.253,5.984,16070.430,19032.138,61877.017,-0.918319,-0.282996,0.276772
225,281,14432,18016,12,center,30.537,-1.463,5.969,16049.300,19093.482,61859.521,-0.925283,-0.092211,0.367897
225,282,14432,18080,12,block_,30.537,-1.463,4.530,16043.934,19158.882,61840.316,-0.974764,0.060689,0.214829
225,288,14432,18464,12,block_,30.537,-1.463,4.000,16163.880,19509.540,61743.183,-0.788796,0.493765,-0.366056
225,289,14432,18528,12,center,30.691,-1.309,4.000,16202.169,19559.741,61730.581,-0.812877,0.543512,-0.209345
225,290,14432,18592,12,center,50.264,18.264,4.000,16238.168,19611.137,61716.393,-0.834697,0.530471,-0.147920
225,291,14432,18656,12,center,52.745,20.745,4.000,16272.357,19663.373,61701.919,-0.832574,0.540769,-0.119955
225,292,14432,18720,12,center,46.912,14.912,4.000,16310.912,19712.107,61688.314,-0.761230,0.633936,-0.136579
225,293,14432,18784,12,center,38.184,6.184,4.000,16354.556,19756.350,61675.811,-0.683887,0.698598,-0.210380
225,294,14432,18848,12,block_,32.888,0.888,4.000,16403.123,19795.654,61664.649,-0.612416,0.750611,-0.248053
225,303,14432,19424,12,block_,30.537,-1.463,4.000,16906.490,20046.476,61594.031,-0.230111,0.920584,-0.315553
225,304,14432,19488,12,block_,30.466,-1.534,4.000,16968.013,20060.669,61590.336,-0.218724,0.937313,-0.271299
225,305,14432,19552,12,center,30.217,-1.783,4.000,17029.760,20073.537,61586.812,-0.200821,0.931969,-0.301837
225,306,14432,19616,12,center,26.249,-5.751,4.000,17091.696,20085.407,61583.256,-0.166026,0.912338,-0.374267
225,307,14432,19680,12,center,26.407,-5.593,4.000,17154.479,20092.255,61581.901,-0.100357,0.935455,-0.338898
225,308,14432,19744,12,center,30.522,-1.478,4.000,17217.369,20098.214,61580.433,-0.053950,0.919585,-0.389169
225,309,14432,19808,12,block_,31.085,-0.915,4.000,17280.567,20099.923,61580.380,-0.029016,0.931533,-0.362497
225,323,14432,20704,12,block_,30.587,-1.413,4.000,18143.459,19948.055,61626.483,0.471247,0.877776,-0.086231
225,324,14432,20768,12,center,30.549,-1.451,4.000,18199.102,19918.508,61634.642,0.472198,0.871394,-0.133050
225,325,14432,20832,12,center,32.164,0.164,3.984,18254.214,19888.896,61642.770,0.487987,0.846767,-0.211791
225,326,14432,20896,12,center,34.753,2.753,2.016,18308.835,19858.752,61651.108,0.513265,0.822683,-0.244442
225,327,14432,20960,12,center,30.503,-1.497,4.000,18362.606,19827.292,61659.858,0.521730,0.821224,-0.231059
225,328,14432,21024,12,center,30.509,-1.491,4.000,18416.123,19795.474,61668.634,0.525800,0.812949,-0.250296
225,329,14432,21088,12,center,30.509,-1.491,4.000,18468.926,19762.557,61677.702,0.554474,0.805087,-0.210696
225,330,14432,21152,12,center,30.539,-1.461,4.000,18521.411,19729.001,61686.909,0.552503,0.816611,-0.166994
225,331,14432,21216,12,center,30.451,-1.549,4.000,18573.964,19695.114,61696.065,0.544193,0.827226,-0.139824
225,332,14432,21280,12,center,24.701,-7.299,4.000,18628.575,19663.692,61703.800,0.450505,0.874266,-0.180846
225,333,14432,21344,12,center,24.738,-7.262,4.000,18684.252,19634.587,61710.725,0.538781,0.798583,-0.268292
225,334,14432,21408,12,center,29.394,-2.606,4.000,18736.587,19599.782,61719.498,0.617871,0.746069,-0.248228
225,335,14432,21472,12,block_,30.339,-1.661,4.000,18784.944,19560.119,61730.160,0.667790,0.651124,-0.360686
225,341,14432,21856,12,block_,30.945,-1.055,3.359,19052.360,19296.370,61797.684,0.774588,0.600798,-0.197626
225,342,14432,21920,12,center,30.569,-1.431,2.016,19092.485,19249.282,61809.874,0.762849,0.605546,-0.226662
225,343,14432,21984,12,center,34.673,2.673,2.016,19133.095,19202.655,61821.709,0.742799,0.591048,-0.314502
225,344,14432,22048,12,center,36.186,4.186,2.031,19173.547,19155.320,61833.384,0.780048,0.505304,-0.369043
225,345,14432,22112,12,center,37.865,5.865,4.000,19208.701,19103.388,61847.191,0.837055,0.424400,-0.345289
225,346,14432,22176,12,center,30.588,-1.412,4.000,19242.572,19049.716,61859.747,0.797942,0.452153,-0.398556
225,347,14432,22240,12,center,30.619,-1.381,4.016,19275.199,18996.069,61871.066,0.839626,0.436038,-0.323881
225,348,14432,22304,12,center,37.135,5.135,4.000,19302.602,18941.101,61883.891,0.909738,0.392525,-0.135281
225,349,14432,22368,12,center,37.790,5.790,4.000,19328.928,18885.560,61897.230,0.922362,0.376796,-0.085275
225,350,14432,22432,12,center,37.005,5.005,4.000,19356.182,18830.178,61910.611,0.900563,0.427754,-0.077541
225,351,14432,22496,12,center,34.558,2.558,4.000,19379.796,18773.057,61924.206,0.928579,0.357849,-0.098416
225,352,14432,22560,12,center,34.341,2.341,4.000,19403.418,18715.862,61938.011,0.929863,0.360627,-0.072815
225,353,14432,22624,12,center,34.323,2.323,4.000,19426.138,18658.032,61951.997,0.948003,0.312643,-0.059533
225,354,14432,22688,12,center,32.035,0.035,4.000,19445.721,18599.055,61966.165,0.938906,0.328727,-0.101954
225,355,14432,22752,12,block_,34.502,2.502,4.000,19466.796,18540.621,61980.094,0.969754,0.232569,-0.074093
225,384,14432,24608,10,block_,26.841,-5.159,4.000,18619.889,17260.367,62300.007,0.080598,-0.966269,0.244596
225,385,14432,24672,10,center,19.863,-12.137,4.000,18553.857,17258.348,62298.601,-0.019665,-0.978675,0.204471
225,386,14432,24736,10,center,19.781,-12.219,4.000,18488.120,17263.776,62295.616,-0.143554,-0.971179,0.190273
225,387,14432,24800,10,center,20.653,-11.347,4.000,18422.704,17272.644,62291.798,-0.150772,-0.972970,0.174920
225,388,14432,24864,10,block_,22.821,-9.179,4.000,18357.378,17281.447,62287.818,-0.136057,-0.982058,0.130580
225,389,14432,24928,10,block_,30.748,-1.252,4.000,18291.832,17289.105,62283.798,-0.070996,-0.990497,0.117796
225,409,14432,26208,10,block_,36.922,4.922,4.000,17180.179,17892.294,62116.692,-0.584861,-0.725928,0.361894
225,410,14432,26272,10,block_,36.448,4.448,4.000,17127.171,17927.879,62107.959,-0.520484,-0.739327,0.427191
225,411,14432,26336,10,block_,35.996,3.996,4.000,17072.819,17961.515,62099.992,-0.518281,-0.729115,0.446964
225,412,14432,26400,10,block_,35.198,3.198,4.000,17020.814,17997.013,62090.838,-0.617412,-0.694715,0.369017
225,515,14432,32992,11,block_,38.710,6.710,4.000,19449.908,17900.508,62281.111,0.980735,-0.116845,-0.156543
225,516,14432,33056,11,block_,38.710,6.710,4.000,19441.248,17836.568,62299.180,0.960100,-0.253512,-0.118069
225,517,14432,33120,11,block_,38.710,6.710,4.000,19420.995,17774.886,62317.689,0.915521,-0.398633,-0.053967
225,518,14432,33184,11,block_,38.710,6.710,4.000,19390.526,17717.623,62335.034,0.815710,-0.572516,0.082716
225,519,14432,33248,11,block_,38.710,6.710,4.000,19346.476,17669.635,62349.632,0.716253,-0.681015,0.152319
225,520,14432,33312,11,block_,38.710,6.710,4.000,19296.985,17628.725,62361.425,0.583506,-0.784063,0.211581
226,234,14496,15008,12,block_,31.445,-0.555,3.484,18290.345,17254.192,62392.527,-0.072670,-0.974583,0.211913
226,235,14496,15072,12,center,31.438,-0.562,2.000,18225.018,17259.863,62386.180,-0.171312,-0.958911,0.226147
226,236,14496,15136,12,center,30.459,-1.541,2.016,18160.384,17272.034,62378.255,-0.220774,-0.951912,0.212419
226,237,14496,15200,12,center,20.603,-11.397,3.984,18096.454,17285.630,62370.156,-0.237353,-0.946499,0.218638
226,238,14496,15264,12,center,19.371,-12.629,3.984,18032.723,17299.438,62362.054,-0.224920,-0.955523,0.190755
226,239,14496,15328,12,block_,21.506,-10.494,3.983,17968.943,17313.635,62354.181,-0.285529,-0.936367,0.204182
226,256,14496,16416,12,block_,30.537,-1.463,4.000,17057.895,17892.386,62151.862,-0.669475,-0.724548,0.163808
226,257,14496,16480,12,block_,30.537,-1.463,4.000,17011.289,17933.553,62138.845,-0.685013,-0.696606,0.213302
226,258,14496,16544,12,center,30.537,-1.463,4.000,16965.741,17975.559,62125.777,-0.710727,-0.661072,0.240523
226,259,14496,16608,12,center,30.549,-1.451,4.000,16922.014,18019.139,62112.138,-0.717568,-0.608997,0.337963
226,260,14496,16672,12,center,32.176,0.176,4.031,16878.258,18063.011,62098.812,-0.682565,-0.605808,0.408782
226,261,14496,16736,12,center,47.907,15.907,7.969,16830.819,18103.866,62087.306,-0.616338,-0.667202,0.418293
226,262,14496,16800,12,center,47.868,15.868,7.953,16781.712,18143.457,62076.532,-0.713505,-0.620506,0.325397
226,263,14496,16864,12,center,42.065,10.065,5.984,16734.656,18184.695,62064.195,-0.570055,-0.754105,0.326133
226,264,14496,16928,12,center,30.537,-1.463,5.969,16685.503,18224.435,62053.364,-0.671736,-0.712316,0.203415
226,265,14496,16992,12,center,30.537,-1.463,4.000,16632.935,18261.839,62042.275,-0.604423,-0.782909,0.147399
226,266,14496,17056,12,center,30.537,-1.463,4.000,16583.197,18304.071,62028.678,-0.708198,-0.697120,0.111711
226,267,14496,17120,12,block_,31.273,-0.727,4.173,16538.500,18350.879,62014.828,-0.723196,-0.689047,0.046927
226,274,14496,17568,12,block_,30.537,-1.463,4.000,16229.655,18671.186,61911.770,-0.775608,-0.628942,-0.053514
226,275,14496,17632,12,center,30.537,-1.463,4.000,16194.566,18723.874,61895.655,-0.871190,-0.474680,-0.125323
226,276,14496,17696,12,center,30.514,-1.486,4.000,16171.586,18782.739,61879.653,-0.937688,-0.324398,-0.124527
226,277,14496,17760,12,center,29.353,-2.647,4.000,16151.854,18842.931,61863.656,-0.938033,-0.342432,-0.053234
226,278,14496,17824,12,center,27.148,-4.852,4.000,16124.667,18899.758,61847.648,-0.887529,-0.455878,0.066835
226,279,14496,17888,12,center,23.526,-8.474,4.000,16096.467,18956.115,61831.351,-0.886349,-0.459119,0.059966
226,280,14496,17952,12,center,30.476,-1.524,4.000,16067.212,19012.661,61814.046,-0.896086,-0.442013,-0.040663
226,281,14496,18016,12,center,30.537,-1.463,4.000,16045.318,19073.907,61795.546,-0.935507,-0.215357,-0.280087
226,282,14496,18080,12,block_,30.537,-1.463,4.252,16046.234,19140.776,61778.485,-0.907524,0.011249,-0.419849
226,290,14496,18592,12,block_,40.753,8.753,4.000,16229.875,19599.548,61653.711,-0.808998,0.587719,-0.010380
226,291,14496,18656,12,block_,42.915,10.915,4.000,16267.501,19649.812,61639.744,-0.802207,0.587370,-0.107047
226,292,14496,18720,12,center,35.519,3.519,4.000,16307.537,19697.928,61626.388,-0.745501,0.644356,-0.170393
226,293,14496,18784,12,block_,33.404,1.404,4.000,16351.813,19742.129,61614.170,-0.701058,0.706761,-0.094903
226,302,14496,19360,12,block_,30.537,-1.463,4.000,16844.887,20014.622,61536.665,-0.284668,0.948248,-0.140680
226,303,14496,19424,12,center,30.537,-1.463,4.000,16905.758,20033.112,61532.238,-0.311489,0.947508,-0.072138
226,304,14496,19488,12,center,30.537,-1.463,4.000,16966.873,20049.343,61528.231,-0.199751,0.968087,-0.151354
226,305,14496,19552,12,center,30.504,-1.496,4.000,17029.029,20060.463,61525.133,-0.173079,0.974951,-0.139691
226,306,14496,19616,12,center,26.282,-5.718,4.000,17091.652,20069.659,61522.432,-0.145067,0.985480,-0.088227
226,307,14496,19680,12,center,26.411,-5.589,4.000,17154.465,20077.719,61520.306,-0.064709,0.992773,-0.101068
226,308,14496,19744,12,center,28.693,-3.307,4.000,17217.696,20082.472,61519.609,-0.066458,0.991483,-0.112003
226,324,14496,20768,12,block_,30.117,-1.883,4.000,18199.406,19902.739,61573.706,0.523194,0.789486,-0.320904
226,325,14496,20832,12,center,27.496,-4.504,3.984,18253.840,19871.679,61582.149,0.501789,0.820579,-0.273600
226,326,14496,20896,12,center,25.988,-6.012,2.031,18308.720,19841.777,61590.486,0.483906,0.839650,-0.246623
226,327,14496,20960,12,center,26.258,-5.742,4.000,18363.493,19811.997,61598.845,0.500140,0.848313,-0.173851
226,328,14496,21024,12,center,27.003,-4.997,4.000,18417.675,19781.297,61607.418,0.518181,0.842419,-0.147709
226,329,14496,21088,12,center,27.033,-4.967,4.000,18470.962,19749.139,61616.290,0.522750,0.840255,-0.143888
226,330,14496,21152,12,center,30.849,-1.151,4.000,18524.570,19717.440,61625.055,0.555915,0.818956,-0.142373
226,331,14496,21216,12,center,25.373,-6.627,4.000,18576.475,19683.051,61634.055,0.563007,0.806998,-0.178262
226,332,14496,21280,12,center,24.184,-7.816,4.000,18627.901,19648.263,61642.856,0.547322,0.787517,-0.283295
226,333,14496,21344,12,block_,24.398,-7.602,4.000,18681.663,19615.964,61650.165,0.533007,0.749938,-0.391787
226,334,14496,21408,12,block_,28.154,-3.846,4.000,18733.391,19579.812,61659.204,0.595547,0.686185,-0.417702
226,343,14496,21984,12,block_,33.094,1.094,3.266,19126.338,19182.278,61762.610,0.842605,0.492796,-0.217182
226,344,14496,22048,12,center,37.865,5.865,4.000,19162.984,19132.649,61775.023,0.783056,0.544974,-0.299713
226,345,14496,22112,12,center,38.165,6.165,4.000,19201.216,19083.401,61786.806,0.799911,0.523698,-0.293058
226,346,14496,22176,12,center,37.134,5.134,4.016,19235.825,19031.709,61798.988,0.858523,0.479190,-0.182525
226,347,14496,22240,12,center,34.499,2.499,5.969,19267.941,18978.524,61811.101,0.867280,0.471123,-0.160837
226,348,14496,22304,12,center,34.490,2.490,4.000,19297.701,18924.441,61823.562,0.884745,0.434725,-0.168049
226,349,14496,22368,12,center,36.839,4.839,4.000,19325.751,18869.582,61836.407,0.899532,0.400135,-0.175313
226,350,14496,22432,12,center,34.040,2.040,4.000,19353.007,18814.178,61849.432,0.903580,0.388659,-0.180242
226,351,14496,22496,12,center,31.815,-0.185,4.000,19375.638,18756.828,61863.280,0.934821,0.308204,-0.176406
226,352,14496,22560,12,center,30.537,-1.463,4.000,19398.853,18699.530,61877.006,0.928521,0.315060,-0.196433
226,353,14496,22624,12,block_,31.825,-0.175,4.000,19419.344,18641.142,61891.179,0.946639,0.247638,-0.206277
226,385,14496,24672,10,block_,25.849,-6.151,4.000,18555.926,17247.995,62233.494,-0.050314,-0.992957,0.107262
226,386,14496,24736,10,block_,22.134,-9.866,4.000,18490.290,17253.196,62230.439,-0.118579,-0.985622,0.120369
226,387,14496,24800,10,block_,21.991,-10.009,4.000,18425.227,17263.120,62226.690,-0.183549,-0.979386,0.084336
227,233,14560,14944,12,center,31.058,-0.942,4.000,18360.590,17239.356,62333.845,-0.130276,-0.988322,0.079047
227,234,14560,15008,12,center,31.469,-0.531,3.984,18296.078,17247.477,62327.514,-0.127347,-0.989900,0.062295
227,235,14560,15072,12,center,31.438,-0.562,2.000,18231.113,17253.836,62320.854,-0.108840,-0.994000,-0.010873
227,236,14560,15136,12,center,30.426,-1.574,2.016,18166.428,17263.573,62313.387,-0.186827,-0.982219,-0.018462
227,237,14560,15200,12,center,20.654,-11.346,2.000,18102.771,17277.899,62305.581,-0.185617,-0.982618,-0.002876
227,238,14560,15264,12,center,22.825,-9.175,2.016,18038.610,17289.246,62297.677,-0.193507,-0.980939,0.017743
227,239,14560,15328,12,center,30.116,-1.884,4.000,17974.897,17303.373,62289.297,-0.266916,-0.963096,0.034672
227,260,14560,16672,12,block_,36.065,4.065,4.519,16872.830,18039.882,62040.422,-0.729819,-0.650963,0.208834
227,261,14560,16736,12,block_,46.993,14.993,5.219,16828.082,18083.164,62027.503,-0.709100,-0.688666,0.151379
227,262,14560,16800,12,block_,47.261,15.261,5.249,16783.031,18126.641,62014.721,-0.691240,-0.700752,0.176450
227,263,14560,16864,12,block_,35.535,3.535,4.797,16735.849,18168.235,62002.433,-0.658351,-0.729271,0.186381
227,264,14560,16928,12,block_,31.370,-0.630,4.797,16687.601,18209.185,61990.658,-0.661152,-0.722568,0.201925
227,265,14560,16992,12,block_,30.537,-1.463,4.461,16638.597,18250.094,61978.669,-0.664074,-0.710941,0.231451
227,274,14560,17568,12,block_,30.537,-1.463,4.000,16241.717,18660.469,61848.622,-0.777643,-0.628693,0.004140
227,275,14560,17632,12,center,30.523,-1.477,4.000,16206.811,18712.479,61832.740,-0.862432,-0.505756,-0.020533
227,276,14560,17696,12,center,28.762,-3.238,4.000,16179.843,18768.904,61816.605,-0.936786,-0.349700,-0.011916
227,277,14560,17760,12,center,28.592,-3.408,4.000,16156.905,18827.398,61800.786,-0.904905,-0.385991,0.179325
227,278,14560,17824,12,center,23.512,-8.488,4.000,16128.370,18883.849,61784.706,-0.893604,-0.419949,0.158477
227,279,14560,17888,12,center,20.657,-11.343,4.000,16101.364,18940.402,61768.802,-0.942190,-0.327460,0.071051
227,280,14560,17952,12,center,22.820,-9.180,4.000,16080.963,18999.460,61752.489,-0.953254,-0.301676,0.017262
227,281,14560,18016,12,center,30.537,-1.463,4.000,16068.934,19060.806,61736.112,-0.986037,-0.145172,-0.081585
227,302,14560,19360,12,block_,30.537,-1.463,4.000,16841.956,20008.361,61473.328,-0.260598,0.938519,-0.226431
227,303,14560,19424,12,center,30.537,-1.463,4.000,16904.100,20023.225,61469.835,-0.213974,0.934149,-0.285623
227,304,14560,19488,12,center,30.537,-1.463,4.000,16965.988,20037.255,61466.189,-0.246461,0.935042,-0.254858
227,305,14560,19552,12,center,30.537,-1.463,4.000,17027.910,20049.738,61462.904,-0.209674,0.953483,-0.216581
227,306,14560,19616,12,center,30.522,-1.478,4.000,17089.602,20066.325,61458.798,-0.293280,0.940551,-0.171320
227,307,14560,19680,12,center,28.693,-3.307,4.000,17153.161,20077.805,61456.332,-0.060611,0.979388,-0.192681
227,308,14560,19744,12,block_,29.582,-2.418,4.000,17217.359,20077.376,61456.697,0.007994,0.981147,-0.193098
227,325,14560,20832,12,block_,27.020,-4.980,3.765,18252.866,19853.282,61521.648,0.487243,0.849662,-0.201665
227,326,14560,20896,12,block_,26.092,-5.908,3.609,18308.767,19824.877,61529.805,0.453991,0.875995,-0.162864
227,327,14560,20960,12,center,26.291,-5.709,4.000,18365.289,19798.071,61537.508,0.435724,0.880091,-0.188636
227,328,14560,21024,12,center,27.030,-4.970,4.000,18420.316,19768.791,61545.824,0.520032,0.840414,-0.152545
227,329,14560,21088,12,center,27.058,-4.942,4.000,18473.447,19736.385,61554.767,0.543620,0.827129,-0.142600
227,330,14560,21152,12,center,30.537,-1.463,4.000,18525.792,19702.947,61563.921,0.565390,0.809369,-0.158922
227,331,14560,21216,12,center,30.537,-1.463,4.000,18576.662,19667.637,61573.302,0.599622,0.779127,-0.182797
227,332,14560,21280,12,block_,28.133,-3.867,4.000,18624.609,19628.596,61583.458,0.666897,0.713790,-0.213897
227,344,14560,22048,12,block_,35.698,3.698,4.000,19160.069,19115.691,61714.670,0.823876,0.554752,-0.116097
227,345,14560,22112,12,block_,37.310,5.310,4.000,19194.736,19064.681,61726.902,0.829644,0.534744,-0.160438
227,346,14560,22176,12,block_,36.714,4.714,4.004,19230.746,19014.370,61738.403,0.815595,0.538265,-0.212312
227,347,14560,22240,12,center,34.026,2.026,4.000,19265.399,18963.112,61750.032,0.857960,0.484915,-0.169595
227,348,14560,22304,12,center,30.547,-1.453,4.000,19295.827,18909.374,61762.403,0.903734,0.402865,-0.144791
227,349,14560,22368,12,center,31.815,-0.185,4.000,19321.532,18853.355,61775.615,0.908263,0.385610,-0.162370
227,350,14560,22432,12,center,30.537,-1.463,4.000,19347.215,18797.314,61788.832,0.915527,0.354188,-0.190688
227,351,14560,22496,12,block_,31.238,-0.762,4.000,19370.238,18740.169,61802.512,0.936142,0.313510,-0.159217
228,232,14624,14880,12,block_,30.775,-1.225,4.000,18430.224,17223.525,62275.754,-0.135429,-0.982049,0.131297
228,233,14624,14944,12,center,31.102,-0.898,4.000,18366.130,17232.796,62269.294,-0.147693,-0.982585,0.112758
228,234,14624,15008,12,center,34.582,2.582,3.984,18302.032,17242.139,62262.568,-0.163528,-0.983887,0.072278
228,235,14624,15072,12,center,31.424,-0.576,2.016,18238.072,17252.714,62255.628,-0.183615,-0.982025,0.043736
228,236,14624,15136,12,center,26.211,-5.789,3.969,18174.373,17265.179,62248.315,-0.201716,-0.979065,0.027249
228,237,14624,15200,12,center,23.926,-8.074,2.000,18110.534,17276.980,62240.688,-0.158149,-0.986563,0.041028
228,238,14624,15264,12,center,29.968,-2.032,2.016,18046.917,17289.508,62232.797,-0.209687,-0.977049,0.037511
228,239,14624,15328,12,center,30.537,-1.463,4.000,17983.493,17302.554,62224.398,-0.233189,-0.972361,0.011740
228,274,14624,17568,12,block_,30.537,-1.463,4.000,16247.529,18645.669,61785.872,-0.796133,-0.584525,0.156531
228,275,14624,17632,12,center,30.537,-1.463,4.000,16211.674,18697.081,61770.314,-0.851069,-0.503064,0.150359
228,276,14624,17696,12,center,30.537,-1.463,4.000,16178.498,18750.523,61754.958,-0.868421,-0.424029,0.256992
228,277,14624,17760,12,center,30.523,-1.477,4.000,16147.974,18805.912,61739.596,-0.880434,-0.385692,0.275823
228,278,14624,17824,12,center,28.700,-3.300,4.000,16120.057,18862.901,61723.691,-0.915833,-0.337796,0.217125
228,279,14624,17888,12,center,20.734,-11.266,4.000,16097.559,18921.766,61706.967,-0.955529,-0.264262,0.130885
228,280,14624,17952,12,center,22.880,-9.120,4.000,16080.152,18982.190,61690.097,-0.968028,-0.240101,0.072617
228,281,14624,18016,12,block_,27.438,-4.562,4.000,16069.050,19044.049,61673.501,-0.988162,-0.113408,0.103318
228,303,14624,19424,12,block_,30.537,-1.463,4.000,16906.239,20000.104,61410.594,-0.258351,0.877339,-0.404390
228,304,14624,19488,12,block_,30.537,-1.463,4.000,16967.089,20017.381,61406.064,-0.287298,0.899638,-0.328802
228,305,14624,19552,12,block_,30.537,-1.463,4.000,17028.111,20033.534,61401.852,-0.227472,0.934807,-0.272750
228,306,14624,19616,12,block_,30.537,-1.463,4.000,17090.977,20043.039,61400.043,-0.160893,0.945969,-0.281525
228,307,14624,19680,12,block_,29.874,-2.126,4.000,17154.312,20053.478,61397.698,-0.161488,0.956380,-0.243431
228,328,14624,21024,12,block_,28.797,-3.203,4.000,18423.992,19757.920,61484.044,0.505758,0.862135,-0.030535
228,329,14624,21088,12,block_,28.804,-3.196,4.000,18477.699,19726.202,61492.956,0.513361,0.858133,-0.008313
228,330,14624,21152,12,block_,30.156,-1.844,4.000,18530.635,19693.434,61502.366,0.529047,0.848217,0.025243
229,232,14688,14880,12,block_,30.784,-1.216,4.000,18434.825,17211.291,62211.770,-0.171639,-0.965427,0.196189
229,233,14688,14944,12,center,31.078,-0.922,4.000,18371.098,17222.495,62205.120,-0.200736,-0.962928,0.180207
229,234,14688,15008,12,center,34.561,2.561,3.984,18307.316,17233.089,62198.410,-0.185625,-0.965725,0.181432
229,235,14688,15072,12,center,33.941,1.941,2.016,18243.751,17244.462,62191.456,-0.190905,-0.965859,0.175134
229,236,14688,15136,12,center,30.202,-1.798,2.016,18179.988,17255.124,62184.490,-0.181477,-0.966136,0.183431
229,237,14688,15200,12,center,29.967,-2.033,2.016,18116.798,17268.612,62176.533,-0.238967,-0.961518,0.135565
229,238,14688,15264,12,center,30.393,-1.607,2.031,18053.396,17280.722,62168.618,-0.208842,-0.964547,0.161353
229,239,14688,15328,12,block_,30.478,-1.522,3.391,17990.494,17294.990,62160.071,-0.246624,-0.956318,0.156946
229,274,14688,17568,12,block_,30.537,-1.463,4.000,16244.197,18624.617,61724.391,-0.798178,-0.532595,0.281520
229,275,14688,17632,12,center,30.537,-1.463,4.000,16207.376,18676.314,61708.982,-0.838955,-0.475153,0.265300
229,276,14688,17696,12,center,30.537,-1.463,4.000,16172.413,18729.460,61693.538,-0.854520,-0.463235,0.234966
229,277,14688,17760,12,center,30.537,-1.463,4.000,16141.499,18785.192,61677.619,-0.892740,-0.390774,0.224299
229,278,14688,17824,12,center,30.537,-1.463,4.000,16113.908,18842.920,61661.651,-0.914808,-0.316551,0.250841
229,279,14688,17888,12,center,30.537,-1.463,4.000,16092.952,18902.929,61644.701,-0.950881,-0.225685,0.211876
229,280,14688,17952,12,block_,27.528,-4.472,4.000,16074.550,18963.885,61627.836,-0.940002,-0.224728,0.256699
230,234,14752,15008,12,block_,33.626,1.626,3.865,18312.148,17221.570,62134.845,-0.188887,-0.978192,0.086386
230,235,14752,15072,12,block_,31.707,-0.293,3.422,18248.704,17232.597,62127.937,-0.201824,-0.973629,0.106360
230,236,14752,15136,12,block_,30.452,-1.548,3.328,18185.744,17245.630,62120.466,-0.199118,-0.974724,0.101316
230,237,14752,15200,12,block_,30.293,-1.707,3.297,18122.582,17257.729,62112.689,-0.208793,-0.965426,0.156071
230,238,14752,15264,12,block_,30.413,-1.587,3.172,18059.280,17269.318,62104.859,-0.179235,-0.976862,0.116685
250,480,16032,30752,13,block_,36.143,4.143,4.456,18550.486,19341.927,60271.338,0.424807,0.896395,-0.126547
250,481,16032,30816,13,center,41.142,9.142,4.000,18609.251,19315.209,60280.291,0.541743,0.840466,-0.011456
250,482,16032,30880,13,center,40.623,8.623,4.016,18657.356,19275.408,60286.735,0.486187,0.855398,0.178652
250,483,16032,30944,13,block_,35.890,3.890,4.252,18711.712,19247.222,60297.508,0.519654,0.830534,0.200435
251,479,16096,30688,13,block_,34.767,2.767,4.635,18493.507,19347.198,60200.674,0.358944,0.885112,-0.296201
251,480,16096,30752,13,center,38.536,6.536,5.969,18552.064,19323.561,60209.789,0.385447,0.906147,-0.174152
251,481,16096,30816,13,center,41.082,9.082,4.016,18611.664,19302.653,60217.852,0.350371,0.933776,-0.072823
251,482,16096,30880,13,center,40.563,8.563,5.984,18667.479,19274.603,60226.141,0.534233,0.832819,0.144936
251,483,16096,30944,13,center,32.916,0.916,4.000,18719.951,19239.668,60236.164,0.465746,0.883263,0.054103
252,479,16160,30688,13,block_,33.169,1.169,4.003,18497.099,19333.276,60139.134,0.295548,0.945692,-0.135344
252,480,16160,30752,13,center,33.429,1.429,4.000,18558.005,19316.511,60146.808,0.325695,0.929969,-0.170532
252,481,16160,30816,13,center,33.425,1.425,4.031,18617.871,19294.959,60154.862,0.354884,0.925545,-0.131996
252,482,16160,30880,13,center,32.916,0.916,5.984,18677.961,19272.644,60164.122,0.405610,0.895095,-0.185163
252,483,16160,30944,13,center,32.916,0.916,4.000,18733.481,19240.644,60174.506,0.582208,0.811941,-0.042247
252,494,16160,31648,13,block_,38.177,6.177,4.252,19228.462,18761.178,60314.045,0.740100,0.629133,0.237580
252,495,16160,31712,13,block_,44.341,12.341,4.446,19263.727,18708.993,60327.955,0.824959,0.489891,0.281867
252,496,16160,31776,13,center,44.221,12.221,4.016,19293.626,18653.158,60341.222,0.817395,0.529152,0.227736
252,497,16160,31840,13,block_,38.273,6.273,4.119,19323.324,18597.878,60355.357,0.854837,0.469945,0.220013
253,479,16224,30688,13,block_,33.161,1.161,4.000,18498.495,19312.994,60080.212,0.298937,0.848570,-0.436537
253,480,16224,30752,13,center,33.443,1.443,4.016,18558.580,19294.861,60087.257,0.297059,0.851726,-0.431646
253,481,16224,30816,13,center,33.447,1.447,6.000,18619.237,19276.094,60094.099,0.336413,0.839842,-0.426020
253,482,16224,30880,13,center,33.000,1.000,5.984,18679.225,19253.158,60101.959,0.450658,0.778891,-0.436160
253,483,16224,30944,13,center,32.916,0.916,4.000,18734.957,19221.711,60113.088,0.530110,0.758200,-0.379625
253,494,16224,31648,13,center,37.283,5.283,4.016,19239.148,18752.884,60252.681,0.889347,0.423034,-0.173505
253,495,16224,31712,13,center,45.290,13.290,5.984,19275.509,18700.622,60264.980,0.901945,0.414515,-0.121130
253,496,16224,31776,13,center,45.278,13.278,5.969,19303.223,18643.221,60279.648,0.880414,0.442049,-0.171648
253,497,16224,31840,13,center,42.943,10.943,4.000,19332.660,18587.317,60293.512,0.896524,0.373756,-0.237806
254,479,16288,30688,13,block_,33.805,1.805,4.000,18498.098,19287.820,60023.025,0.368063,0.879480,-0.301736
254,480,16288,30752,13,center,35.253,3.253,4.016,18555.115,19263.853,60032.468,0.349844,0.864891,-0.359963
254,481,16288,30816,13,center,36.240,4.240,6.000,18614.456,19243.862,60039.421,0.406782,0.775503,-0.482829
254,482,16288,30880,13,center,43.718,11.718,5.969,18670.182,19215.808,60050.588,0.424090,0.765673,-0.483625
254,483,16288,30944,13,center,33.061,1.061,4.000,18727.690,19190.132,60057.927,0.476789,0.693722,-0.539835
254,494,16288,31648,13,center,33.946,1.946,4.000,19226.593,18729.676,60195.460,0.796900,0.487665,-0.356556
254,495,16288,31712,13,center,41.354,9.354,4.000,19257.546,18675.662,60209.929,0.815197,0.380527,-0.436639
254,496,16288,31776,13,center,41.984,9.984,4.000,19288.099,18621.584,60222.271,0.860241,0.266118,-0.434933
254,497,16288,31840,13,center,32.916,0.916,4.000,19311.882,18564.385,60237.239,0.849023,0.260457,-0.459698
255,479,16352,30688,13,block_,34.149,2.149,4.000,18500.648,19270.575,59963.169,0.359869,0.903097,-0.234328
255,480,16352,30752,13,center,36.188,4.188,4.016,18557.908,19247.268,59972.349,0.439131,0.863851,-0.246829
255,481,16352,30816,13,center,43.833,11.833,5.969,18613.750,19220.971,59981.950,0.431624,0.866590,-0.250443
255,482,16352,30880,13,center,51.568,19.568,3.984,18669.002,19193.353,59991.667,0.508387,0.825499,-0.245140
255,483,16352,30944,13,block_,50.871,18.871,4.006,18722.292,19161.859,60002.743,0.538114,0.805715,-0.247501
255,493,16352,31584,13,block_,31.786,-0.214,4.000,19188.211,18762.450,60121.838,0.816036,0.534441,-0.220132
255,494,16352,31648,13,center,32.924,0.924,4.000,19222.482,18711.039,60135.504,0.856150,0.481742,-0.186900
255,495,16352,31712,13,center,33.941,1.941,4.000,19253.235,18657.777,60149.754,0.896179,0.412601,-0.163170
255,496,16352,31776,13,center,40.568,8.568,4.000,19276.339,18601.267,60164.527,0.941650,0.312616,-0.124763
255,497,16352,31840,13,center,32.916,0.916,4.000,19295.600,18543.447,60179.895,0.948595,0.239323,-0.207104
256,479,16416,30688,13,block_,34.416,2.416,4.000,18501.766,19250.323,59904.250,0.369856,0.900307,-0.229464
256,480,16416,30752,13,center,37.095,5.095,4.000,18559.377,19228.172,59912.997,0.362348,0.914260,-0.181200
256,481,16416,30816,13,center,47.771,15.771,3.969,18614.908,19202.275,59922.551,0.522788,0.842392,-0.130645
256,482,16416,30880,13,center,50.076,18.076,2.000,18669.926,19174.205,59931.932,0.444292,0.865897,-0.229843
256,483,16416,30944,13,center,49.852,17.852,2.000,18723.710,19143.463,59942.488,0.553619,0.806257,-0.208460
256,484,16416,31008,13,center,32.888,0.888,2.000,18776.409,19110.455,59953.922,0.544981,0.812247,-0.207969
256,485,16416,31072,13,block_,31.936,-0.064,2.011,18830.064,19078.843,59964.881,0.521613,0.835179,-0.174346
256,486,16416,31136,13,center,32.916,0.916,3.984,18883.269,19047.539,59976.271,0.528063,0.848125,-0.042815
256,487,16416,31200,13,center,35.832,3.832,3.984,18933.571,19012.685,59987.803,0.608423,0.792739,0.037247
256,488,16416,31264,13,center,35.873,3.873,4.000,18981.498,18974.459,59999.413,0.652737,0.757567,-0.005200
256,489,16416,31328,13,center,41.072,9.072,4.000,19025.118,18931.524,60011.456,0.720705,0.693122,0.012882
256,490,16416,31392,13,center,41.075,9.075,4.000,19066.916,18886.603,60023.756,0.743482,0.668590,-0.014928
256,491,16416,31456,13,center,41.028,9.028,3.984,19106.019,18839.305,60036.560,0.805548,0.589722,-0.057629
256,492,16416,31520,13,center,32.961,0.961,3.985,19143.920,18790.614,60049.722,0.784711,0.610571,-0.106921
256,493,16416,31584,13,center,28.167,-3.833,4.016,19181.140,18741.479,60062.932,0.830448,0.544768,-0.116552
256,494,16416,31648,13,center,32.916,0.916,4.016,19216.474,18691.476,60076.421,0.836165,0.536107,-0.115833
256,495,16416,31712,13,center,32.953,0.953,4.016,19248.272,18639.591,60089.967,0.877994,0.450837,-0.160850
256,496,16416,31776,13,center,35.669,3.669,4.000,19274.344,18584.785,60104.080,0.937317,0.311583,-0.156055
256,497,16416,31840,13,center,32.913,0.913,4.000,19291.384,18526.429,60119.368,0.960781,0.264365,-0.083737
257,479,16480,30688,13,block_,34.179,2.179,3.972,18507.259,19240.355,59842.856,0.297680,0.944145,-0.141338
257,480,16480,30752,13,center,37.808,5.808,3.969,18566.722,19222.170,59851.421,0.347220,0.931988,-0.104100
257,481,16480,30816,13,center,45.291,13.291,2.000,18624.739,19199.899,59861.370,0.373167,0.927563,-0.019330
257,482,16480,30880,13,center,47.851,15.851,2.000,18678.963,19169.698,59871.213,0.527615,0.840377,0.124053
257,483,16480,30944,13,center,36.214,4.214,2.000,18733.167,19139.011,59881.829,0.447143,0.877929,0.171183
257,484,16480,31008,13,center,29.436,-2.564,2.000,18786.033,19105.693,59892.264,0.504217,0.844332,0.181298
257,485,16480,31072,13,center,29.440,-2.560,2.000,18840.268,19074.744,59903.452,0.442103,0.878200,0.182508
257,486,16480,31136,13,center,29.979,-2.021,2.000,18894.306,19044.051,59914.831,0.478168,0.855324,0.199442
257,487,16480,31200,13,center,35.808,3.808,2.016,18946.635,19010.531,59926.392,0.573232,0.811214,0.115487
257,488,16480,31264,13,center,35.850,3.850,4.000,18992.610,18969.271,59937.984,0.669657,0.729542,0.139022
257,489,16480,31328,13,center,41.012,9.012,4.000,19037.052,18926.266,59949.995,0.701476,0.708996,0.072502
257,490,16480,31392,13,center,41.406,9.406,3.984,19077.958,18879.743,59962.206,0.744432,0.666787,0.034875
257,491,16480,31456,13,center,43.447,11.447,2.000,19118.151,18832.651,59975.051,0.778434,0.622281,0.082498
257,492,16480,31520,13,center,43.301,11.301,2.031,19155.479,18782.845,59987.995,0.792100,0.601013,0.106590
257,493,16480,31584,13,center,28.228,-3.772,5.969,19191.810,18732.607,60001.479,0.801537,0.596322,0.044020
257,494,16480,31648,13,center,32.953,0.953,6.000,19226.139,18681.399,60015.397,0.864991,0.500857,0.030557
257,495,16480,31712,13,center,34.898,2.898,5.984,19253.216,18626.467,60029.610,0.901430,0.425706,0.078730
257,496,16480,31776,13,center,35.609,3.609,4.016,19276.628,18570.314,60044.086,0.917993,0.376879,0.123494
257,497,16480,31840,13,center,32.916,0.916,4.000,19296.214,18512.572,60058.542,0.936023,0.330211,0.121742
258,479,16544,30688,13,center,32.910,0.910,3.984,18511.228,19225.702,59781.942,0.332921,0.907615,-0.255731
258,480,16544,30752,13,center,32.124,0.124,2.000,18569.761,19203.899,59791.403,0.347071,0.906396,-0.240808
258,481,16544,30816,13,center,37.770,5.770,2.000,18630.218,19187.646,59799.804,0.291068,0.944901,-0.149805
258,482,16544,30880,13,center,36.241,4.241,2.000,18689.852,19168.082,59809.313,0.350878,0.936337,-0.012560
258,483,16544,30944,13,center,30.853,-1.147,2.016,18746.556,19141.425,59819.665,0.477267,0.876533,0.062502
258,484,16544,31008,13,center,26.021,-5.979,2.000,18799.768,19107.819,59830.371,0.533130,0.845337,0.034301
258,485,16544,31072,13,center,26.048,-5.952,2.000,18854.958,19077.582,59841.765,0.441898,0.897061,0.002910
258,486,16544,31136,13,center,29.491,-2.509,2.000,18912.500,19050.726,59854.268,0.416962,0.907980,0.041415
258,487,16544,31200,13,center,32.698,0.698,2.031,18964.464,19014.666,59865.419,0.619679,0.729318,0.289987
258,488,16544,31264,13,center,32.916,0.916,4.000,19011.185,18971.628,59877.288,0.633852,0.734420,0.242609
258,489,16544,31328,13,center,32.916,0.916,4.000,19054.112,18925.609,59889.493,0.699384,0.662822,0.267450
258,490,16544,31392,13,center,32.979,0.979,3.984,19092.080,18875.588,59900.862,0.755177,0.597656,0.269285
258,491,16544,31456,13,center,40.982,8.982,2.016,19128.142,18824.336,59912.766,0.815547,0.558567,0.151282
258,492,16544,31520,13,center,37.556,5.556,2.016,19163.535,18772.450,59925.841,0.805623,0.591330,0.036076
258,493,16544,31584,13,center,35.892,3.892,2.047,19197.422,18720.021,59939.670,0.861703,0.507111,-0.017489
258,494,16544,31648,13,center,35.645,3.645,5.984,19230.043,18667.235,59953.855,0.873244,0.475222,-0.107747
258,495,16544,31712,13,center,34.861,2.861,5.984,19260.088,18613.449,59968.762,0.878585,0.475059,-0.049075
258,496,16544,31776,13,center,32.916,0.916,5.969,19289.625,18559.832,59983.728,0.889626,0.453634,0.052747
258,497,16544,31840,13,center,32.913,0.913,4.000,19311.852,18502.866,59998.330,0.921415,0.350157,0.168479
259,479,16608,30688,13,center,32.910,0.910,3.984,18515.604,19211.886,59720.615,0.352928,0.928730,-0.113587
259,480,16608,30752,13,center,32.119,0.119,2.016,18575.093,19192.316,59729.503,0.270537,0.950492,-0.152890
259,481,16608,30816,13,center,36.271,4.271,2.016,18635.400,19174.651,59738.110,0.348225,0.909969,-0.225156
259,482,16608,30880,13,center,32.916,0.916,2.031,18695.380,19154.694,59747.546,0.300342,0.913242,-0.275287
259,483,16608,30944,13,center,32.873,0.873,3.984,18755.348,19135.309,59756.556,0.447417,0.889211,-0.095508
259,484,16608,31008,13,block_,27.236,-4.764,2.056,18810.426,19104.319,59767.334,0.495426,0.868422,0.019882
259,485,16608,31072,13,block_,27.128,-4.872,2.000,18864.788,19071.109,59778.440,0.467955,0.875119,0.123228
259,486,16608,31136,13,block_,29.604,-2.396,2.000,18923.092,19044.351,59790.248,0.425838,0.904715,0.012406
259,487,16608,31200,13,block_,32.815,0.815,3.237,18979.971,19014.081,59802.490,0.532391,0.846395,-0.013224
259,488,16608,31264,13,block_,32.916,0.916,4.000,19029.463,18973.093,59814.932,0.690317,0.715240,0.109062
259,489,16608,31328,13,block_,32.916,0.916,4.000,19072.253,18925.536,59827.564,0.718466,0.680232,0.145231
259,490,16608,31392,13,block_,32.978,0.978,3.985,19114.580,18877.969,59840.444,0.730812,0.643166,0.228584
259,491,16608,31456,13,block_,35.356,3.356,3.433,19151.713,18825.665,59852.667,0.755915,0.563218,0.333732
259,492,16608,31520,13,block_,36.356,4.356,3.266,19183.341,18769.442,59864.638,0.819535,0.472956,0.323534
259,493,16608,31584,13,center,35.875,3.875,4.000,19210.079,18711.008,59877.499,0.859433,0.460002,0.223100
259,494,16608,31648,13,center,35.615,3.615,4.000,19237.786,18654.495,59892.189,0.860199,0.489338,0.143549
259,495,16608,31712,13,center,32.916,0.916,4.000,19267.029,18600.164,59907.567,0.863380,0.501000,0.059785
259,496,16608,31776,13,center,32.916,0.916,4.000,19298.786,18547.794,59922.535,0.864301,0.502975,0.000424
259,497,16608,31840,13,center,32.916,0.916,4.000,19325.208,18492.338,59937.256,0.922445,0.380479,0.065816
260,479,16672,30688,13,center,32.916,0.916,4.000,18518.860,19194.291,59660.768,0.277842,0.862893,-0.422161
260,480,16672,30752,13,center,32.930,0.930,4.000,18578.618,19176.090,59668.701,0.301479,0.910941,-0.281599
260,481,16672,30816,13,center,34.710,2.710,4.000,18640.174,19160.760,59675.912,0.261928,0.954461,-0.142822
260,482,16672,30880,13,center,32.916,0.916,4.000,18700.141,19139.737,59685.521,0.360703,0.926196,-0.109789
260,493,16672,31584,13,center,33.696,1.696,4.000,19231.794,18705.708,59815.509,0.940853,0.334796,-0.052034
260,494,16672,31648,13,center,33.690,1.690,4.000,19253.511,18645.634,59830.856,0.924857,0.372162,-0.078326
260,495,16672,31712,13,center,32.916,0.916,4.000,19274.399,18587.894,59847.518,0.934271,0.290111,-0.207299
260,496,16672,31776,13,center,32.916,0.916,4.000,19297.303,18531.287,59862.487,0.881262,0.367851,-0.296753
260,497,16672,31840,13,center,32.916,0.916,4.000,19325.688,18476.452,59876.401,0.867470,0.372547,-0.329704
261,35,16736,2272,0,block_,40.160,8.160,4.000,19683.325,18369.313,60562.317,0.816864,0.238009,0.525437
261,36,16736,2336,0,center,44.286,12.286,4.000,19692.292,18303.919,60572.457,0.773342,0.123206,0.621902
261,37,16736,2400,0,center,48.458,16.458,4.000,19700.334,18237.397,60581.953,0.751675,0.290290,0.592214
261,38,16736,2464,0,block_,45.046,13.046,4.000,19711.802,18171.475,60595.112,0.745210,0.242996,0.620979
261,479,16736,30688,13,center,32.916,0.916,4.000,18516.474,19159.930,59609.447,0.267142,0.697685,-0.664734
261,480,16736,30752,13,center,32.930,0.930,4.000,18577.754,19148.496,59613.988,0.180405,0.643441,-0.743934
261,481,16736,30816,13,center,34.657,2.657,4.016,18639.026,19132.803,59622.240,0.300728,0.564285,-0.768859
261,482,16736,30880,13,center,32.896,0.896,4.000,18699.969,19113.864,59630.985,0.292877,0.594601,-0.748781
261,493,16736,31584,13,center,32.916,0.916,4.000,19205.243,18680.113,59763.931,0.802455,0.268919,-0.532681
261,494,16736,31648,13,center,32.916,0.916,4.000,19232.322,18622.909,59777.032,0.808811,0.269927,-0.522459
261,495,16736,31712,13,center,32.898,0.898,4.000,19257.390,18566.144,59790.865,0.871992,0.236039,-0.428854
261,496,16736,31776,13,center,32.916,0.916,4.000,19282.016,18509.688,59805.385,0.882547,0.303405,-0.359243
261,497,16736,31840,13,center,32.922,0.922,4.016,19306.936,18453.214,59820.261,0.865448,0.342953,-0.365215
261,498,16736,31904,0,block_,33.056,1.056,4.167,19337.641,18398.659,59832.502,0.839377,0.392421,-0.376101
262,35,16800,2272,14,center,42.160,10.160,4.000,19716.137,18364.161,60505.070,0.922008,0.299004,0.245962
262,36,16800,2336,14,center,49.474,17.474,4.000,19730.843,18300.329,60518.934,0.922567,0.274167,0.271483
262,37,16800,2400,14,center,50.170,18.170,4.000,19746.487,18235.927,60532.670,0.831221,0.310414,0.461210
262,38,16800,2464,14,center,44.316,12.316,4.000,19757.275,18169.285,60544.187,0.797494,0.218399,0.562410
262,39,16800,2528,14,block_,40.912,8.912,4.000,19768.339,18102.857,60557.473,0.798187,0.195034,0.569964
262,479,16800,30688,13,center,32.916,0.916,4.000,18510.946,19115.324,59566.877,0.256914,0.614422,-0.745977
262,480,16800,30752,13,center,32.817,0.817,4.016,18569.963,19098.664,59577.122,0.326705,0.597180,-0.732557
262,481,16800,30816,13,center,27.973,-4.027,5.969,18629.958,19083.118,59583.948,0.182083,0.619244,-0.763795
262,482,16800,30880,13,center,30.294,-1.706,4.000,18690.449,19067.335,59589.222,0.252774,0.648377,-0.718132
262,493,16800,31584,13,block_,32.916,0.916,4.000,19188.263,18657.648,59706.410,0.909216,0.304379,-0.284043
262,494,16800,31648,13,center,32.901,0.901,4.000,19212.179,18600.292,59720.898,0.872293,0.295798,-0.389368
262,495,16800,31712,13,center,30.949,-1.051,4.000,19237.463,18543.398,59734.962,0.864691,0.300183,-0.402739
262,496,16800,31776,13,center,32.886,0.886,4.016,19265.376,18487.685,59748.229,0.868689,0.324667,-0.374128
262,497,16800,31840,13,center,33.569,1.569,5.969,19290.336,18431.085,59763.073,0.855180,0.316514,-0.410471
262,498,16800,31904,0,block_,33.263,1.263,4.546,19319.710,18376.180,59775.849,0.827407,0.356362,-0.434054
263,35,16864,2272,14,center,42.352,10.352,4.000,19710.344,18347.857,60442.715,0.914085,0.140405,-0.380441
263,36,16864,2336,14,center,49.318,17.318,4.000,19726.667,18284.158,60458.366,0.902162,0.208188,-0.377837
263,37,16864,2400,14,center,42.292,10.292,4.000,19752.747,18222.639,60469.947,0.890042,0.291771,-0.350280
263,38,16864,2464,14,center,41.338,9.338,4.000,19774.347,18159.441,60483.121,0.954553,0.270250,-0.125674
263,39,16864,2528,14,block_,38.735,6.735,4.000,19793.668,18095.048,60496.280,0.970192,0.242223,0.007505
263,479,16864,30688,13,center,32.855,0.855,4.000,18505.092,19069.038,59527.013,0.240540,0.663675,-0.708291
263,480,16864,30752,13,center,25.098,-6.902,4.000,18563.690,19053.994,59535.119,0.265493,0.719432,-0.641819
263,481,16864,30816,13,center,25.145,-6.855,4.000,18622.938,19039.437,59541.443,0.280328,0.790862,-0.544017
263,482,16864,30880,13,center,29.808,-2.192,4.000,18682.616,19024.065,59545.497,0.140039,0.770254,-0.622172
263,493,16864,31584,13,block_,32.916,0.916,4.000,19179.440,18638.185,59646.771,0.972314,0.211592,-0.099165
263,494,16864,31648,13,center,32.906,0.906,4.000,19197.298,18579.261,59662.542,0.935626,0.280885,-0.213795
263,495,16864,31712,13,center,30.934,-1.066,4.000,19220.642,18521.471,59677.249,0.895307,0.338558,-0.289488
263,496,16864,31776,13,center,28.353,-3.647,4.000,19248.056,18465.166,59691.010,0.871855,0.358713,-0.333459
263,497,16864,31840,13,center,25.821,-6.179,4.000,19277.163,18410.121,59704.596,0.872145,0.419896,-0.251100
263,498,16864,31904,0,block_,30.996,-1.004,4.000,19305.590,18355.335,59718.341,0.914298,0.348071,-0.207136
264,35,16928,2272,14,block_,37.595,5.595,4.000,19695.488,18329.304,60380.738,0.941657,0.284989,-0.179064
264,36,16928,2336,14,center,37.341,5.341,4.000,19717.135,18267.115,60393.966,0.947478,0.287067,-0.140990
264,37,16928,2400,14,center,37.611,5.611,4.000,19738.987,18204.379,60406.759,0.922386,0.369104,-0.113871
264,38,16928,2464,14,center,37.348,5.348,4.000,19765.378,18143.258,60418.574,0.924877,0.368724,-0.092977
264,39,16928,2528,14,block_,37.351,5.351,4.000,19791.327,18082.116,60430.259,0.941661,0.336239,0.014780
264,479,16928,30688,13,center,32.831,0.831,4.000,18501.989,19031.313,59480.204,0.121245,0.844236,-0.522078
264,480,16928,30752,13,center,25.682,-6.318,4.000,18561.596,19023.035,59483.565,0.145616,0.876871,-0.458141
264,481,16928,30816,13,center,25.695,-6.305,4.000,18620.955,19012.598,59487.111,0.258526,0.831683,-0.491393
264,482,16928,30880,13,center,27.323,-4.677,4.000,18678.568,18995.121,59492.467,0.292535,0.856864,-0.424509
264,493,16928,31584,13,block_,33.091,1.091,4.000,19177.699,18620.793,59586.732,0.924487,0.294394,-0.242191
264,494,16928,31648,13,center,33.534,1.534,4.000,19197.389,18563.338,59601.611,0.944098,0.329355,0.014258
264,495,16928,31712,13,center,33.508,1.508,4.000,19220.334,18506.141,59616.550,0.891824,0.452266,0.010276
264,496,16928,31776,13,center,28.392,-3.608,4.000,19250.726,18451.822,59630.172,0.863005,0.493198,0.109449
264,497,16928,31840,13,center,26.655,-5.345,3.984,19279.218,18396.128,59643.642,0.854689,0.504966,0.120488
264,498,16928,31904,0,center,32.434,0.434,3.984,19308.615,18341.672,59657.701,0.885578,0.450876,0.111632
265,35,16992,2272,14,block_,36.958,4.958,4.000,19688.407,18312.934,60317.281,0.851404,0.400942,-0.338168
265,36,16992,2336,14,center,36.232,4.232,4.000,19715.800,18253.637,60327.998,0.940500,0.338464,-0.030038
265,37,16992,2400,14,center,37.316,5.316,4.000,19741.100,18192.087,60339.952,0.886969,0.460712,0.032115
265,38,16992,2464,14,center,37.348,5.348,4.000,19767.648,18131.317,60352.235,0.937779,0.347217,0.003140
265,39,16992,2528,14,block_,37.348,5.348,4.000,19795.328,18071.129,60364.152,0.892697,0.436352,-0.112643
265,479,16992,30688,13,center,29.179,-2.821,4.000,18501.429,19004.610,59426.071,0.100587,0.907372,-0.408116
265,480,16992,30752,13,center,25.670,-6.330,4.000,18561.059,18998.523,59429.027,0.128285,0.933575,-0.334636
265,481,16992,30816,13,center,25.689,-6.311,4.000,18618.597,18985.440,59433.830,0.303144,0.899299,-0.315221
265,482,16992,30880,13,center,25.746,-6.254,4.016,18675.030,18968.425,59439.359,0.342037,0.860923,-0.376593
265,494,16992,31648,13,center,32.930,0.930,4.000,19196.906,18547.429,59541.139,0.899386,0.415878,-0.134721
265,495,16992,31712,13,center,34.686,2.686,4.000,19221.163,18490.770,59555.074,0.928350,0.366421,-0.062463
265,496,16992,31776,13,center,32.542,0.542,3.969,19252.783,18436.621,59568.623,0.819252,0.526575,-0.227035
265,497,16992,31840,13,center,28.299,-3.701,2.000,19287.836,18384.874,59582.421,0.844829,0.527767,-0.087897
265,498,16992,31904,0,center,28.423,-3.577,2.016,19319.661,18331.779,59596.225,0.909286,0.414410,-0.038253
266,35,17056,2272,14,block_,35.376,3.376,4.000,19669.375,18290.994,60257.904,0.786011,0.447278,-0.426766
266,36,17056,2336,14,center,33.080,1.080,4.000,19705.934,18236.198,60266.466,0.777324,0.387699,-0.495436
266,37,17056,2400,14,center,33.316,1.316,4.000,19735.669,18177.247,60278.362,0.769787,0.317495,-0.553737
266,38,17056,2464,14,center,37.327,5.327,4.000,19764.387,18117.152,60288.511,0.878745,0.279083,-0.387195
266,39,17056,2528,14,center,37.348,5.348,4.000,19789.887,18057.503,60299.424,0.892147,0.389031,-0.229625
266,479,17056,30688,13,center,29.126,-2.874,4.000,18502.966,18987.804,59368.481,0.056267,0.993524,-0.098712
266,480,17056,30752,13,center,24.143,-7.857,4.000,18562.663,18984.270,59371.697,0.133526,0.976866,-0.167043
266,481,17056,30816,13,center,25.683,-6.317,4.016,18620.231,18972.477,59376.898,0.231755,0.972703,0.011778
266,482,17056,30880,13,center,25.737,-6.263,5.984,18677.386,18958.518,59382.217,0.258139,0.965180,0.042337
266,483,17056,30944,13,block_,28.773,-3.227,4.734,18732.701,18938.371,59387.391,0.345211,0.926913,0.147180
266,494,17056,31648,13,block_,33.019,1.019,4.000,19205.810,18537.673,59480.701,0.828533,0.494356,0.262955
266,495,17056,31712,13,center,32.914,0.914,3.984,19234.799,18483.009,59494.186,0.803008,0.486033,0.344891
266,496,17056,31776,13,center,32.564,0.564,2.016,19265.488,18428.167,59508.401,0.754685,0.552397,0.353988
266,497,17056,31840,13,center,30.699,-1.301,2.000,19298.180,18374.966,59522.023,0.774742,0.557905,0.297518
266,498,17056,31904,0,center,30.958,-1.042,2.031,19326.497,18319.966,59536.026,0.821116,0.473138,0.319231
267,35,17120,2272,14,center,33.282,1.282,4.000,19650.689,18268.849,60198.010,0.780964,0.486330,-0.391891
267,36,17120,2336,14,center,31.250,-0.750,4.000,19687.559,18214.820,60207.759,0.817595,0.520521,-0.246163
267,37,17120,2400,14,center,31.541,-0.459,4.000,19721.253,18159.176,60218.426,0.875969,0.478681,-0.059514
267,38,17120,2464,14,center,34.637,2.637,4.000,19752.197,18101.483,60228.028,0.867204,0.495719,0.047121
267,39,17120,2528,14,center,37.347,5.347,4.000,19784.027,18045.530,60236.703,0.897058,0.441285,-0.023571
267,479,17120,30688,13,center,23.964,-8.036,4.000,18507.342,18993.953,59309.113,0.091134,0.935802,0.340541
267,480,17120,30752,13,center,23.978,-8.022,4.000,18567.241,18986.048,59312.957,0.121705,0.968924,0.215347
267,481,17120,30816,13,center,25.720,-6.280,4.016,18626.625,18977.548,59318.055,0.111071,0.979614,0.167389
267,482,17120,30880,13,center,28.071,-3.929,5.984,18685.495,18968.263,59324.256,0.130740,0.954469,0.268133
267,483,17120,30944,13,block_,31.749,-0.251,4.516,18743.461,18954.245,59330.662,0.246521,0.880055,0.405871
267,495,17120,31712,13,block_,32.903,0.903,3.921,19265.571,18486.297,59438.138,0.738926,0.493349,0.458906
267,496,17120,31776,13,center,32.904,0.904,3.984,19295.566,18430.890,59451.255,0.735464,0.531742,0.419931
267,497,17120,31840,13,center,31.371,-0.629,2.031,19326.399,18376.092,59465.279,0.792328,0.504235,0.343459
267,498,17120,31904,0,block_,31.773,-0.227,3.006,19354.200,18319.578,59478.726,0.841403,0.443228,0.309176
268,35,17184,2272,14,center,33.313,1.313,4.000,19641.200,18251.724,60135.275,0.785266,0.618824,0.020356
268,36,17184,2336,14,center,31.256,-0.744,4.000,19681.806,18199.530,60144.422,0.786908,0.612015,-0.078823
268,37,17184,2400,14,center,31.739,-0.261,4.000,19724.666,18149.931,60153.046,0.771975,0.635587,-0.009105
268,38,17184,2464,14,center,33.124,1.124,4.000,19764.880,18097.142,60162.889,0.810294,0.583505,0.054276
268,39,17184,2528,14,center,37.203,5.203,4.000,19794.673,18039.569,60173.783,0.935733,0.316899,0.154853
268,478,17184,30624,13,block_,28.684,-3.316,4.000,18453.014,19026.837,59249.337,0.097463,0.866701,0.489215
268,479,17184,30688,13,center,23.642,-8.358,4.000,18514.303,19017.929,59253.278,0.155637,0.891208,0.426058
268,480,17184,30752,13,center,23.638,-8.362,4.016,18574.327,19004.058,59255.558,0.190616,0.908750,0.371267
268,481,17184,30816,13,center,27.373,-4.627,4.031,18634.510,18992.493,59259.765,0.133751,0.945730,0.296152
268,482,17184,30880,13,center,35.630,3.630,5.984,18694.695,18982.034,59265.858,0.148079,0.964503,0.218647
268,483,17184,30944,13,center,32.916,0.916,4.000,18754.732,18969.669,59273.147,0.214901,0.966075,0.143234
269,34,17248,2208,14,block_,37.446,5.446,4.234,19607.058,18298.778,60059.719,0.811650,0.564859,-0.148858
269,35,17248,2272,14,center,37.311,5.311,4.016,19646.544,18244.229,60069.295,0.822827,0.529704,-0.205840
269,36,17248,2336,14,center,31.779,-0.221,4.000,19681.621,18188.097,60079.592,0.852976,0.488321,-0.184324
269,37,17248,2400,14,center,33.438,1.438,4.000,19714.973,18131.802,60091.597,0.868399,0.354033,-0.347195
269,38,17248,2464,14,center,34.698,2.698,4.000,19753.906,18077.299,60103.290,0.735263,0.526290,-0.427091
269,39,17248,2528,14,block_,36.900,4.900,4.000,19795.653,18026.928,60112.617,0.794899,0.552427,-0.250917
269,479,17248,30688,13,center,27.806,-4.194,4.016,18522.921,19047.050,59198.992,0.180833,0.829473,0.528464
269,480,17248,30752,13,center,23.675,-8.325,6.000,18583.715,19032.023,59201.226,0.179432,0.819344,0.544500
269,481,17248,30816,13,center,27.870,-4.130,5.984,18644.235,19015.485,59203.682,0.201845,0.798348,0.567362
269,482,17248,30880,13,center,35.609,3.609,5.969,18704.626,18998.394,59206.845,0.220488,0.878498,0.423823
269,483,17248,30944,13,center,32.916,0.916,4.000,18765.246,18982.647,59213.697,0.202839,0.906882,0.369353
270,34,17312,2208,14,center,37.355,5.355,4.016,19615.342,18291.355,59993.813,0.878919,0.434425,0.196918
270,35,17312,2272,14,center,38.210,6.210,5.984,19645.826,18231.268,60003.513,0.853569,0.515412,0.075958
270,36,17312,2336,14,center,38.232,6.232,4.000,19682.949,18175.847,60014.481,0.814478,0.579908,0.018215
270,37,17312,2400,14,center,40.991,8.991,4.000,19720.191,18120.538,60026.811,0.798502,0.585604,0.139508
270,38,17312,2464,14,center,40.961,8.961,3.984,19765.822,18073.360,60041.450,0.631572,0.745536,0.212820
270,39,17312,2528,14,block_,38.070,6.070,4.000,19803.996,18021.413,60052.178,0.790431,0.492921,0.363657
270,479,17312,30688,13,block_,29.134,-2.866,4.766,18531.461,19073.675,59143.125,0.229817,0.928457,0.291807
270,480,17312,30752,13,center,27.849,-4.151,5.969,18592.895,19057.993,59145.730,0.185108,0.942464,0.278383
270,481,17312,30816,13,center,29.121,-2.879,4.000,18654.945,19043.770,59149.346,0.270129,0.940690,0.205261
270,482,17312,30880,13,center,32.916,0.916,4.000,18717.134,19026.176,59152.134,0.263483,0.927318,0.265816
270,483,17312,30944,13,block_,33.173,1.173,4.188,18776.795,19001.453,59154.446,0.373934,0.882378,0.285626
271,33,17376,2144,14,block_,35.492,3.492,4.000,19608.581,18352.572,59919.975,0.859393,0.356715,0.366330
271,34,17376,2208,14,center,37.311,5.311,4.016,19634.243,18290.125,59928.411,0.841953,0.445566,0.304279
271,35,17376,2272,14,center,40.887,8.887,5.984,19663.786,18229.592,59938.127,0.815271,0.490256,0.308193
271,36,17376,2336,14,center,40.962,8.962,4.000,19698.029,18171.963,59948.812,0.767940,0.599294,0.226083
271,37,17376,2400,14,center,43.376,11.376,3.984,19739.658,18120.078,59961.896,0.712446,0.678005,0.180915
271,38,17376,2464,14,center,43.196,11.196,2.031,19784.674,18071.505,59976.108,0.700781,0.702668,0.123142
271,39,17376,2528,14,block_,39.316,7.316,3.586,19828.361,18020.609,59990.183,0.805556,0.570203,0.161082
272,33,17440,2144,14,block_,34.231,2.231,4.000,19635.729,18355.219,59858.081,0.888342,0.331831,0.317389
272,34,17440,2208,14,center,29.101,-2.899,4.016,19659.377,18292.206,59865.579,0.864190,0.419424,0.277955
272,35,17440,2272,14,center,37.348,5.348,5.969,19688.253,18231.816,59874.915,0.817494,0.490732,0.301471
272,36,17440,2336,14,center,37.395,5.395,4.000,19722.592,18175.057,59886.117,0.729315,0.608803,0.312183
272,37,17440,2400,14,center,43.345,11.345,4.000,19762.064,18121.451,59898.488,0.721584,0.596975,0.350625
272,38,17440,2464,14,center,41.922,9.922,4.000,19800.776,18067.266,59910.810,0.749292,0.598414,0.283658
272,39,17440,2528,14,block_,38.534,6.534,3.999,19836.994,18011.954,59923.458,0.880751,0.466716,0.080338
273,33,17504,2144,14,center,30.204,-1.796,4.000,19659.710,18356.661,59794.598,0.843558,0.335790,0.419112
273,34,17504,2208,14,center,29.135,-2.865,4.000,19683.456,18293.498,59802.433,0.842076,0.359550,0.402035
273,35,17504,2272,14,center,37.333,5.333,4.000,19707.896,18230.722,59810.294,0.857591,0.429347,0.283193
273,36,17504,2336,14,center,37.374,5.374,4.000,19739.430,18171.825,59821.216,0.827948,0.534604,0.169412
273,37,17504,2400,14,center,40.697,8.697,4.000,19775.740,18115.868,59833.752,0.778426,0.627728,0.003252
273,38,17504,2464,14,center,37.348,5.348,4.000,19818.059,18063.780,59846.846,0.808072,0.584219,-0.075550
273,39,17504,2528,14,block_,37.372,5.372,4.000,19849.003,18005.806,59858.301,0.972089,0.224359,0.068604
274,33,17568,2144,14,center,37.317,5.317,4.000,19692.725,18361.548,59735.339,0.778775,0.313848,0.543148
274,34,17568,2208,14,center,33.370,1.370,3.984,19714.985,18297.959,59742.614,0.801402,0.295560,0.519999
274,35,17568,2272,14,center,35.408,3.408,3.984,19736.721,18234.048,59749.311,0.761807,0.392448,0.515397
274,36,17568,2336,14,center,37.342,5.342,4.000,19764.806,18173.130,59758.880,0.745333,0.468887,0.473944
274,37,17568,2400,14,center,37.375,5.375,4.000,19795.626,18113.160,59769.893,0.731695,0.498453,0.464938
274,38,17568,2464,14,center,37.375,5.375,4.000,19827.462,18054.757,59781.570,0.833754,0.494532,0.245546
274,39,17568,2528,14,block_,37.348,5.348,4.000,19855.176,17995.969,59792.388,0.950254,0.305200,0.062213
275,33,17632,2144,14,block_,36.598,4.598,3.518,19725.220,18366.175,59676.251,0.882248,0.288661,0.371906
275,34,17632,2208,14,center,34.901,2.901,2.016,19745.102,18301.761,59682.494,0.890496,0.302207,0.340129
275,35,17632,2272,14,center,34.898,2.898,2.031,19767.124,18238.465,59689.549,0.865111,0.404363,0.296772
275,36,17632,2336,14,center,36.543,4.543,4.000,19796.765,18178.921,59700.019,0.808747,0.516235,0.281832
275,37,17632,2400,14,center,40.820,8.820,4.000,19830.312,18119.955,59712.129,0.819482,0.514257,0.252961
275,38,17632,2464,14,center,40.804,8.804,4.000,19856.475,18057.111,59721.355,0.892857,0.255412,0.370907
275,39,17632,2528,14,block_,40.790,8.790,4.000,19871.663,17990.562,59728.518,0.906972,0.252513,0.337105
276,34,17696,2208,14,block_,36.506,4.506,3.496,19764.281,18301.351,59617.714,0.913364,0.353073,0.202745
276,35,17696,2272,14,center,35.427,3.427,4.000,19787.151,18237.925,59624.911,0.875703,0.378059,0.300358
276,36,17696,2336,14,center,37.396,5.396,4.000,19814.596,18176.343,59634.138,0.872533,0.432507,0.227210
276,37,17696,2400,14,center,43.491,11.491,4.000,19844.391,18115.170,59644.193,0.860902,0.487833,0.144455
276,38,17696,2464,14,center,41.444,9.444,4.000,19873.724,18053.400,59654.211,0.952590,0.286483,0.102472
276,39,17696,2528,14,block_,40.971,8.971,4.000,19886.920,17985.677,59662.413,0.974896,0.213497,0.063219
277,36,17760,2336,14,block_,39.128,7.128,4.000,19831.147,18173.964,59567.681,0.899430,0.392298,0.192683
277,37,17760,2400,14,block_,42.703,10.703,4.000,19856.291,18110.451,59576.516,0.924916,0.355703,0.134187
277,38,17760,2464,14,block_,41.915,9.915,4.000,19876.825,18045.224,59585.272,0.964091,0.255804,0.071367
289,98,18528,6304,15,block_,43.594,11.594,4.000,17026.714,17102.468,58878.840,-0.630317,-0.515218,0.580734
289,99,18528,6368,15,center,29.348,-2.652,4.000,16985.507,17153.118,58869.336,-0.735735,-0.456069,0.500695
289,100,18528,6432,15,block_,29.519,-2.481,4.000,16946.264,17204.808,58858.926,-0.733308,-0.488371,0.473026
290,70,18592,4512,15,block_,29.210,-2.790,4.000,18623.926,16498.530,58860.399,0.377274,-0.925751,-0.025483
290,71,18592,4576,15,block_,29.117,-2.883,4.000,18561.209,16473.457,58863.707,0.372579,-0.927385,0.033791
290,72,18592,4640,15,block_,29.003,-2.997,4.000,18497.410,16452.627,58865.926,0.260598,-0.961051,0.092031
290,97,18592,6240,15,block_,37.176,5.176,4.000,17049.632,17026.479,58829.933,-0.650726,-0.498732,0.572558
290,98,18592,6304,15,center,47.742,15.742,4.000,17006.391,17075.525,58822.076,-0.713419,-0.510378,0.480154
290,99,18592,6368,15,center,38.544,6.544,3.984,16965.962,17126.741,58812.226,-0.761030,-0.470474,0.446640
290,100,18592,6432,15,center,29.275,-2.725,3.984,16927.790,17179.325,58801.144,-0.749053,-0.467798,0.469132
290,101,18592,6496,15,block_,29.023,-2.977,3.987,16887.646,17230.711,58791.366,-0.757064,-0.488683,0.433640
291,69,18656,4448,15,block_,29.276,-2.724,4.000,18687.507,16512.339,58791.283,0.371681,-0.848775,0.376078
291,70,18656,4512,15,center,29.272,-2.728,4.000,18622.729,16490.388,58796.030,0.258830,-0.893507,0.366950
291,71,18656,4576,15,center,28.801,-3.199,4.000,18557.581,16473.754,58797.758,0.254384,-0.961840,0.100758
291,72,18656,4640,15,center,28.681,-3.319,4.000,18494.940,16451.442,58799.074,0.341243,-0.937158,-0.072718
291,73,18656,4704,15,center,29.279,-2.721,4.000,18430.185,16434.466,58801.456,0.208000,-0.978122,-0.003552
291,74,18656,4768,15,center,29.279,-2.721,4.016,18364.801,16418.595,58804.253,0.248718,-0.964355,-0.090322
291,75,18656,4832,15,block_,29.290,-2.710,4.071,18299.688,16401.906,58807.136,0.212786,-0.974437,-0.072072
291,97,18656,6240,15,block_,33.675,1.675,4.000,17029.753,16999.429,58773.552,-0.739536,-0.548663,0.389943
291,98,18656,6304,15,center,38.615,6.615,3.984,16987.754,17049.572,58764.287,-0.750310,-0.521944,0.405721
291,99,18656,6368,15,center,31.992,-0.008,2.000,16948.166,17101.518,58753.807,-0.767278,-0.505607,0.394519
291,100,18656,6432,15,center,29.259,-2.741,2.016,16908.365,17153.286,58743.770,-0.761814,-0.510627,0.398622
291,101,18656,6496,15,center,27.628,-4.372,4.000,16868.768,17205.150,58733.603,-0.742446,-0.502478,0.443046
291,102,18656,6560,15,block_,28.751,-3.249,4.000,16828.159,17256.607,58724.187,-0.777236,-0.487295,0.398055
292,69,18720,4448,15,block_,29.276,-2.724,4.000,18691.296,16499.734,58730.449,0.216269,-0.930328,-0.296170
292,70,18720,4512,15,center,29.276,-2.724,4.000,18623.629,16486.445,58731.821,0.183721,-0.956070,-0.228422
292,71,18720,4576,15,center,29.285,-2.715,4.000,18556.955,16471.106,58731.706,0.191381,-0.962049,-0.194515
292,72,18720,4640,15,center,29.279,-2.721,4.000,18491.240,16456.746,58732.658,0.255721,-0.947736,-0.190797
292,73,18720,4704,15,center,29.682,-2.318,4.031,18426.204,16439.084,58734.860,0.247111,-0.940501,-0.233225
292,74,18720,4768,15,center,29.686,-2.314,5.984,18361.394,16420.221,58737.272,0.267312,-0.955507,-0.124701
292,75,18720,4832,15,center,29.298,-2.702,4.016,18296.157,16403.836,58740.164,0.210133,-0.973503,-0.090197
292,76,18720,4896,15,center,29.293,-2.707,4.016,18230.286,16391.798,58743.563,0.142651,-0.988436,-0.051439
292,77,18720,4960,15,center,29.293,-2.707,4.016,18164.294,16385.031,58747.092,0.032777,-0.997440,0.063557
292,78,18720,5024,15,center,29.293,-2.707,4.016,18098.494,16384.812,58750.949,0.006357,-0.987047,0.160304
292,79,18720,5088,15,block_,29.526,-2.474,4.828,18033.631,16385.751,58755.975,0.014639,-0.962433,0.271125
292,97,18720,6240,15,block_,33.519,1.519,4.000,17015.062,16976.143,58713.493,-0.743458,-0.536340,0.399512
292,98,18720,6304,15,center,38.197,6.197,3.984,16975.621,17028.048,58703.078,-0.784714,-0.494805,0.373352
292,99,18720,6368,15,center,31.967,-0.033,2.016,16935.629,17079.869,58692.723,-0.753424,-0.508026,0.417447
292,100,18720,6432,15,center,28.864,-3.136,2.031,16893.747,17130.450,58683.651,-0.713159,-0.521734,0.468185
292,101,18720,6496,15,center,27.662,-4.338,4.016,16853.407,17181.832,58673.771,-0.763206,-0.485535,0.426347
292,102,18720,6560,15,center,28.879,-3.121,4.000,16814.932,17234.654,58662.972,-0.785736,-0.484413,0.384660
292,103,18720,6624,15,block_,30.267,-1.733,4.000,16777.475,17288.350,58651.703,-0.824305,-0.447622,0.346636
293,70,18784,4512,15,center,29.285,-2.715,4.000,18620.104,16500.110,58664.550,0.227871,-0.965155,-0.128649
293,71,18784,4576,15,center,30.472,-1.528,4.000,18553.367,16484.312,58665.148,0.233508,-0.968265,-0.089085
293,72,18784,4640,15,center,29.271,-2.729,4.016,18487.355,16466.578,58666.383,0.276744,-0.960846,-0.013715
293,73,18784,4704,15,center,28.684,-3.316,5.984,18421.933,16446.799,58668.195,0.289891,-0.957040,0.006171
293,74,18784,4768,15,center,29.706,-2.294,6.000,18356.927,16426.627,58670.345,0.281788,-0.958628,-0.040346
293,75,18784,4832,15,center,32.171,0.171,6.000,18291.574,16409.684,58673.258,0.221955,-0.971906,-0.078327
293,76,18784,4896,15,center,31.457,-0.543,5.984,18225.816,16396.153,58676.858,0.181589,-0.978827,-0.094465
293,77,18784,4960,15,center,31.468,-0.532,5.984,18159.879,16385.050,58680.803,0.145544,-0.986567,-0.074175
293,78,18784,5024,15,center,31.450,-0.550,6.000,18093.613,16379.000,58685.396,0.021903,-0.999746,-0.005358
293,79,18784,5088,15,center,29.275,-2.725,5.984,18027.053,16379.765,58691.019,-0.063929,-0.997814,0.016750
293,80,18784,5152,15,block_,27.518,-4.482,4.172,17959.672,16386.142,58697.628,-0.105143,-0.993924,0.032570
293,81,18784,5216,15,block_,25.207,-6.793,4.000,17889.935,16393.908,58703.847,-0.106507,-0.993885,-0.029148
293,84,18784,5408,15,block_,30.662,-1.338,4.000,17683.788,16435.756,58705.790,-0.342359,-0.924621,0.166929
293,85,18784,5472,15,block_,30.695,-1.305,4.000,17621.550,16461.093,58704.670,-0.430214,-0.875213,0.221173
293,86,18784,5536,15,block_,32.702,0.702,4.000,17561.948,16491.221,58702.872,-0.431863,-0.845350,0.314448
293,87,18784,5600,15,block_,31.209,-0.791,4.000,17503.350,16523.170,58700.950,-0.479933,-0.793659,0.373859
293,98,18784,6304,15,block_,31.646,-0.354,3.782,16959.837,17004.024,58643.509,-0.700375,-0.560231,0.442285
293,99,18784,6368,15,center,29.300,-2.700,4.000,16914.882,17052.387,58635.942,-0.684322,-0.530604,0.500163
293,100,18784,6432,15,center,32.370,0.370,4.016,16872.329,17102.884,58627.332,-0.710362,-0.487593,0.507580
293,101,18784,6496,15,center,32.416,0.416,5.969,16831.870,17154.527,58617.746,-0.750596,-0.460534,0.473828
293,102,18784,6560,15,center,32.740,0.740,4.000,16794.448,17208.257,58605.531,-0.776712,-0.421024,0.468462
293,103,18784,6624,15,center,32.669,0.669,4.000,16757.653,17263.181,58593.886,-0.759381,-0.375576,0.531304
293,104,18784,6688,15,block_,31.946,-0.054,4.000,16723.257,17319.256,58581.345,-0.782833,-0.379470,0.493127
294,70,18848,4512,15,center,29.284,-2.716,4.000,18619.078,16502.212,58595.813,0.230778,-0.972458,0.032679
294,71,18848,4576,15,center,30.396,-1.604,3.984,18552.411,16484.255,58596.553,0.260013,-0.964433,0.047559
294,72,18848,4640,15,center,29.245,-2.755,4.000,18485.652,16466.924,58597.712,0.249902,-0.967969,-0.024194
294,73,18848,4704,15,center,29.250,-2.750,4.016,18419.011,16449.376,58599.761,0.258035,-0.962896,-0.079047
294,74,18848,4768,15,center,29.276,-2.724,5.984,18352.961,16430.687,58602.546,0.272642,-0.956151,-0.106963
294,75,18848,4832,15,center,29.280,-2.720,5.969,18287.095,16413.761,58605.938,0.183065,-0.977625,-0.103622
294,76,18848,4896,15,center,29.867,-2.133,4.000,18220.568,16403.319,58610.276,0.128264,-0.982052,-0.138282
294,77,18848,4960,15,center,31.186,-0.814,4.016,18154.474,16392.504,58614.564,0.141697,-0.974108,-0.176169
294,78,18848,5024,15,center,31.171,-0.829,5.984,18088.156,16385.865,58619.289,-0.002555,-0.986487,-0.163817
294,79,18848,5088,15,center,29.216,-2.784,5.984,18021.365,16385.859,58624.685,-0.031540,-0.988395,-0.148598
294,80,18848,5152,15,center,21.602,-10.398,4.000,17953.693,16386.687,58629.953,-0.035787,-0.987975,-0.150415
294,81,18848,5216,15,center,18.889,-13.111,4.016,17885.315,16392.155,58634.501,-0.085891,-0.988321,-0.125875
294,82,18848,5280,15,block_,24.614,-7.386,4.322,17816.651,16401.297,58637.239,-0.187395,-0.978323,-0.088136
294,84,18848,5408,15,block_,32.249,0.249,4.203,17682.816,16432.470,58638.866,-0.262917,-0.953419,-0.147872
294,85,18848,5472,15,center,32.717,0.717,4.016,17618.224,16452.980,58638.947,-0.324489,-0.941167,-0.094402
294,86,18848,5536,15,center,33.588,1.588,4.016,17555.335,16476.966,58639.206,-0.374030,-0.927030,-0.026778
294,87,18848,5600,15,block_,30.468,-1.532,4.009,17490.832,16497.915,58639.988,-0.289152,-0.944154,0.158002
294,99,18848,6368,15,block_,30.363,-1.637,4.000,16892.061,17022.946,58580.017,-0.693171,-0.470747,0.545812
294,100,18848,6432,15,center,32.389,0.389,4.000,16849.422,17075.150,58570.904,-0.753760,-0.444641,0.483881
294,101,18848,6496,15,center,37.920,5.920,4.016,16814.147,17128.989,58559.711,-0.758677,-0.504610,0.412041
294,102,18848,6560,15,center,43.567,11.567,4.000,16771.565,17180.023,58548.476,-0.710008,-0.425640,0.560998
294,103,18848,6624,15,center,37.786,5.786,4.000,16734.231,17235.914,58536.819,-0.793482,-0.344982,0.501372
294,104,18848,6688,15,block_,31.912,-0.088,4.000,16700.067,17292.429,58524.691,-0.770843,-0.414453,0.483767
295,70,18912,4512,15,center,29.173,-2.827,3.984,18618.593,16502.643,58526.824,0.219786,-0.967691,-0.123563
295,71,18912,4576,15,center,20.679,-11.321,2.016,18550.941,16487.087,58527.454,0.224798,-0.964128,-0.141148
295,72,18912,4640,15,center,25.310,-6.690,4.000,18483.523,16469.370,58528.019,0.247053,-0.967359,-0.056408
295,73,18912,4704,15,center,26.015,-5.985,4.000,18415.447,16452.138,58530.366,0.254973,-0.965080,-0.060075
295,74,18912,4768,15,center,29.249,-2.751,4.000,18348.200,16434.930,58534.035,0.238992,-0.968478,-0.070243
295,75,18912,4832,15,center,29.249,-2.751,4.000,18281.498,16420.325,58538.643,0.131278,-0.985099,-0.111116
295,76,18912,4896,15,center,29.280,-2.720,4.000,18214.717,16411.472,58543.755,0.124717,-0.984292,-0.124964
295,77,18912,4960,15,center,29.858,-2.142,4.000,18148.673,16402.097,58548.705,0.132688,-0.981827,-0.135686
295,78,18912,5024,15,center,29.852,-2.148,4.016,18082.785,16392.924,58553.104,0.089604,-0.992400,-0.084340
295,79,18912,5088,15,center,29.216,-2.784,5.969,18016.223,16389.273,58558.099,0.077125,-0.996209,-0.040250
295,80,18912,5152,15,center,21.662,-10.338,4.016,17949.191,16390.704,58562.725,-0.063586,-0.997072,0.042484
295,81,18912,5216,15,center,18.970,-13.030,5.969,17881.755,16393.017,58567.083,-0.097102,-0.987155,0.126873
295,82,18912,5280,15,block_,25.832,-6.168,4.555,17814.986,16404.440,58569.754,-0.237628,-0.959280,0.152695
295,84,18912,5408,15,center,32.705,0.705,6.000,17683.766,16438.114,58572.498,-0.276506,-0.950989,0.138435
295,85,18912,5472,15,center,39.122,7.122,6.016,17619.739,16459.130,58573.270,-0.346545,-0.927385,0.140940
295,86,18912,5536,15,center,34.172,2.172,5.984,17557.048,16483.992,58573.465,-0.347728,-0.936827,0.037961
295,87,18912,5600,15,center,29.276,-2.724,4.016,17493.503,16507.648,58574.307,-0.312188,-0.949371,-0.035133
295,100,18912,6432,15,block_,31.955,-0.045,4.406,16851.141,17063.275,58509.702,-0.791194,-0.586919,-0.171866
295,101,18912,6496,15,center,39.246,7.246,5.969,16812.178,17114.913,58498.066,-0.741382,-0.660252,-0.120084
295,102,18912,6560,15,center,43.455,11.455,4.000,16769.198,17165.674,58488.722,-0.764706,-0.591224,-0.256279
295,103,18912,6624,15,center,36.405,4.405,4.000,16729.563,17220.397,58476.264,-0.763758,-0.621595,-0.174050
295,104,18912,6688,15,center,29.276,-2.724,4.000,16693.355,17274.808,58463.031,-0.849528,-0.525970,-0.040714
296,70,18976,4512,15,center,24.750,-7.250,3.984,18612.878,16526.060,58466.019,0.255009,-0.680950,-0.686497
296,71,18976,4576,15,center,20.655,-11.345,2.031,18544.522,16510.341,58465.553,0.161248,-0.708280,-0.687269
296,72,18976,4640,15,center,20.666,-11.334,4.000,18476.531,16489.825,58467.395,0.152471,-0.592777,-0.790802
296,73,18976,4704,15,center,23.656,-8.344,4.000,18407.671,16470.872,58469.002,0.164264,-0.644432,-0.746809
296,74,18976,4768,15,center,25.889,-6.111,4.000,18340.091,16451.578,58470.603,0.157346,-0.750741,-0.641584
296,75,18976,4832,15,center,25.929,-6.071,4.000,18273.021,16439.173,58476.259,0.129880,-0.818854,-0.559115
296,76,18976,4896,15,center,29.276,-2.724,4.000,18207.370,16425.456,58479.790,0.130595,-0.894000,-0.428613
296,77,18976,4960,15,center,29.276,-2.724,4.000,18142.381,16413.174,58483.679,0.138530,-0.960588,-0.240997
296,78,18976,5024,15,center,29.276,-2.724,4.000,18077.111,16403.800,58487.839,0.113959,-0.972173,-0.204678
296,79,18976,5088,15,center,29.276,-2.724,4.000,18011.177,16396.901,58491.959,0.087774,-0.990575,-0.105151
296,80,18976,5152,15,center,29.276,-2.724,4.000,17944.638,16391.418,58495.759,0.061840,-0.997677,-0.028588
296,81,18976,5216,15,center,29.276,-2.724,4.000,17877.521,16389.612,58499.690,-0.012246,-0.999882,0.009327
296,82,18976,5280,15,block_,27.513,-4.487,4.337,17810.354,16394.260,58503.084,-0.155009,-0.982056,0.107415
296,84,18976,5408,15,block_,35.648,3.648,6.429,17679.352,16426.775,58506.197,-0.286948,-0.944905,0.157529
296,85,18976,5472,15,center,42.824,10.824,7.969,17615.212,16448.283,58507.071,-0.351858,-0.931942,0.087632
296,86,18976,5536,15,center,38.863,6.863,6.000,17552.711,16474.334,58507.138,-0.388166,-0.912339,0.130246
296,87,18976,5600,15,center,29.314,-2.686,5.969,17490.908,16501.579,58507.120,-0.412185,-0.900675,0.137436
296,88,18976,5664,15,block_,29.834,-2.166,4.544,17429.428,16529.021,58506.709,-0.383179,-0.919385,0.088909
296,100,18976,6432,15,block_,31.424,-0.576,4.359,16856.953,17054.372,58444.604,-0.833027,-0.528922,0.162196
296,101,18976,6496,15,center,30.617,-1.383,4.016,16820.901,17108.899,58433.410,-0.833903,-0.542243,0.102851
296,102,18976,6560,15,center,30.606,-1.394,4.016,16782.620,17162.520,58422.573,-0.793069,-0.605025,0.070614
296,103,18976,6624,15,center,29.276,-2.724,4.000,16741.212,17213.620,58410.996,-0.799985,-0.598287,0.045581
296,104,18976,6688,15,center,29.276,-2.724,4.000,16706.185,17268.299,58398.316,-0.835586,-0.545870,-0.061823
297,70,19040,4512,15,center,25.294,-6.706,4.000,18603.687,16554.836,58409.564,0.056133,-0.992741,-0.106367
297,71,19040,4576,15,center,22.279,-9.721,4.000,18533.854,16545.855,58414.045,0.191778,-0.979678,-0.058751
297,72,19040,4640,15,center,20.654,-11.346,4.000,18464.124,16530.174,58415.054,0.273703,-0.925687,-0.261131
297,73,19040,4704,15,center,20.630,-11.370,4.000,18395.753,16509.104,58416.280,0.286495,-0.924260,-0.252316
297,74,19040,4768,15,center,23.890,-8.110,4.000,18329.253,16487.284,58416.798,0.337971,-0.929319,-0.148800
297,75,19040,4832,15,center,25.638,-6.362,4.000,18264.972,16464.468,58417.928,0.352420,-0.935158,-0.035782
297,76,19040,4896,15,block_,28.285,-3.715,4.000,18200.831,16444.826,58418.640,0.265524,-0.963921,-0.018797
297,84,19040,5408,15,block_,36.715,4.715,5.438,17675.196,16416.678,58439.319,-0.317044,-0.929418,0.188854
297,85,19040,5472,15,center,45.254,13.254,5.984,17612.079,16441.435,58439.724,-0.360778,-0.916866,0.170869
297,86,19040,5536,15,center,43.175,11.175,5.969,17549.204,16466.546,58440.158,-0.369293,-0.910583,0.185638
297,87,19040,5600,15,center,34.097,2.097,4.000,17486.919,16492.426,58440.454,-0.401681,-0.897135,0.183852
297,88,19040,5664,15,center,29.276,-2.724,4.000,17426.018,16520.726,58440.303,-0.387583,-0.899635,0.201086
297,101,19040,6496,15,center,29.301,-2.699,5.984,16809.447,17088.609,58372.586,-0.758218,-0.448151,0.473568
297,102,19040,6560,15,center,29.281,-2.719,5.984,16771.544,17141.556,58361.813,-0.769456,-0.421173,0.480158
297,103,19040,6624,15,center,29.271,-2.729,4.000,16737.110,17196.213,58348.316,-0.829826,-0.364687,0.422366
297,104,19040,6688,15,center,29.276,-2.724,4.000,16704.665,17252.820,58334.074,-0.817426,-0.452585,0.356343
298,70,19104,4512,15,block_,27.662,-4.338,4.000,18600.742,16552.111,58340.863,0.192698,-0.966979,0.166791
298,71,19104,4576,15,center,24.793,-7.207,4.000,18532.908,16538.177,58344.088,0.208368,-0.939693,0.271218
298,72,19104,4640,15,center,22.261,-9.739,4.000,18464.159,16522.727,58346.416,0.230546,-0.918363,0.321647
298,73,19104,4704,15,center,20.644,-11.356,4.016,18396.103,16504.178,58347.652,0.278106,-0.928975,0.244259
298,74,19104,4768,15,center,23.935,-8.065,4.016,18330.268,16481.942,58349.143,0.348856,-0.914916,0.203049
298,75,19104,4832,15,center,29.276,-2.724,4.016,18266.107,16458.105,58350.784,0.329357,-0.927018,0.179339
298,76,19104,4896,15,block_,29.276,-2.724,4.100,18201.715,16437.396,58352.258,0.266731,-0.949867,0.163119
298,85,19104,5472,15,center,29.350,-2.650,4.000,17606.139,16427.795,58373.481,-0.359236,-0.903741,0.232812
298,86,19104,5536,15,center,38.754,6.754,4.000,17543.250,16453.253,58374.068,-0.372292,-0.898052,0.234310
298,87,19104,5600,15,center,29.276,-2.724,4.000,17481.700,16481.302,58374.095,-0.399547,-0.897681,0.185824
298,88,19104,5664,15,center,29.276,-2.724,4.000,17419.145,16506.198,58375.231,-0.384722,-0.889824,0.245360
298,89,19104,5728,15,block_,29.150,-2.850,4.000,17358.389,16534.230,58375.726,-0.397376,-0.884551,0.244257
298,101,19104,6496,15,center,32.534,0.534,4.016,16783.636,17059.835,58320.296,-0.614741,-0.353058,0.705296
298,102,19104,6560,15,center,29.973,-2.027,5.969,16744.575,17111.630,58310.939,-0.606766,-0.286511,0.741449
298,103,19104,6624,15,center,28.630,-3.370,4.000,16708.543,17165.903,58298.930,-0.536546,-0.171187,0.826325
298,104,19104,6688,15,center,29.276,-2.724,4.000,16670.620,17220.846,58289.340,-0.438857,-0.203732,0.875156
299,70,19168,4512,15,block_,28.599,-3.401,4.000,18601.422,16535.922,58274.122,0.233772,-0.940257,0.247522
299,71,19168,4576,15,center,29.223,-2.777,4.000,18534.708,16518.811,58277.243,0.270731,-0.937148,0.220134
299,72,19168,4640,15,center,22.480,-9.520,4.016,18467.591,16501.408,58279.688,0.243567,-0.947471,0.207303
299,73,19168,4704,15,center,22.469,-9.531,6.000,18400.269,16484.439,58281.087,0.240948,-0.937322,0.251735
299,74,19168,4768,15,center,26.032,-5.968,6.000,18333.681,16466.514,58282.180,0.266901,-0.941797,0.204405
299,75,19168,4832,15,center,29.270,-2.730,5.969,18267.816,16447.749,58283.478,0.303131,-0.939108,0.161829
299,76,19168,4896,15,block_,29.255,-2.745,4.528,18202.760,16427.576,58285.349,0.268742,-0.954891,0.126338
299,85,19168,5472,15,center,29.276,-2.724,4.000,17599.758,16413.943,58307.177,-0.323386,-0.924998,0.199502
299,86,19168,5536,15,center,29.276,-2.724,4.000,17536.084,16437.624,58308.472,-0.365909,-0.891116,0.268370
299,87,19168,5600,15,center,29.275,-2.725,4.000,17473.788,16464.333,58309.185,-0.356760,-0.878016,0.319078
299,88,19168,5664,15,center,29.247,-2.753,4.000,17411.491,16490.678,58310.017,-0.408615,-0.873079,0.266019
299,89,19168,5728,15,center,28.534,-3.466,4.000,17349.895,16518.026,58311.338,-0.357278,-0.885848,0.296017
299,90,19168,5792,15,center,28.557,-3.443,4.000,17288.672,16545.083,58313.137,-0.455116,-0.817379,0.353214
299,91,19168,5856,15,block_,28.243,-3.757,4.000,17231.285,16579.205,58312.931,-0.465633,-0.770462,0.435401
299,100,19168,6432,15,block_,28.174,-3.826,4.000,16789.212,16974.094,58285.450,-0.475308,-0.352858,0.805961
299,101,19168,6496,15,center,29.196,-2.804,4.000,16745.953,17023.745,58281.212,-0.431677,-0.322686,0.842335
299,102,19168,6560,15,center,26.368,-5.632,4.000,16702.025,17073.620,58278.733,-0.402622,-0.219747,0.888598
299,103,19168,6624,15,center,26.390,-5.610,4.000,16661.705,17127.267,58270.082,-0.416905,-0.204387,0.885673
299,104,19168,6688,15,center,29.276,-2.724,4.000,16621.968,17182.333,58262.264,-0.501233,-0.174652,0.847504
300,71,19232,4576,15,center,29.276,-2.724,4.000,18535.348,16506.517,58209.397,0.249834,-0.956769,0.148919
300,72,19232,4640,15,center,29.237,-2.763,4.016,18468.834,16488.874,58211.619,0.259984,-0.950577,0.169742
300,73,19232,4704,15,center,24.359,-7.641,6.000,18402.371,16470.800,58213.475,0.263868,-0.953572,0.145168
300,74,19232,4768,15,center,24.367,-7.633,6.000,18335.849,16453.575,58214.813,0.260432,-0.950425,0.169905
300,75,19232,4832,15,center,28.479,-3.521,4.031,18269.946,16434.757,58216.361,0.266196,-0.949262,0.167455
300,76,19232,4896,15,center,28.913,-3.087,4.031,18203.591,16417.827,58217.826,0.267611,-0.945598,0.185012
300,77,19232,4960,15,block_,29.036,-2.964,5.234,18138.010,16398.241,58220.177,0.256444,-0.950523,0.175337
300,85,19232,5472,15,center,29.335,-2.665,4.000,17594.348,16403.674,58239.942,-0.265884,-0.954002,0.138515
300,86,19232,5536,15,center,29.345,-2.655,4.000,17529.085,16423.330,58242.380,-0.306259,-0.930148,0.202561
300,87,19232,5600,15,center,29.254,-2.746,4.000,17465.010,16445.843,58244.560,-0.309733,-0.907017,0.285283
300,88,19232,5664,15,center,26.217,-5.783,4.000,17401.127,16468.674,58246.925,-0.293048,-0.826577,0.480513
300,89,19232,5728,15,center,21.389,-10.611,4.000,17338.326,16495.266,58249.074,-0.320436,-0.864033,0.388289
300,90,19232,5792,15,center,23.620,-8.380,4.000,17275.177,16520.217,58252.081,-0.346883,-0.840956,0.415290
300,91,19232,5856,15,center,29.276,-2.724,4.000,17215.399,16552.609,58253.296,-0.507476,-0.772497,0.381730
300,92,19232,5920,15,block_,29.276,-2.724,4.000,17158.896,16590.138,58252.545,-0.494869,-0.778375,0.386311
300,100,19232,6432,15,center,24.777,-7.223,4.000,16754.164,16939.907,58241.530,-0.564209,-0.535716,0.628233
300,101,19232,6496,15,center,21.983,-10.017,4.000,16710.004,16989.802,58238.898,-0.590789,-0.530395,0.607989
300,102,19232,6560,15,center,29.253,-2.747,4.000,16662.923,17037.641,58238.787,-0.556730,-0.520172,0.647667
300,103,19232,6624,15,center,29.276,-2.724,4.000,16618.553,17089.315,58233.997,-0.566412,-0.335554,0.752715
300,104,19232,6688,15,block_,29.259,-2.741,4.000,16576.750,17144.473,58225.580,-0.508383,-0.174621,0.843241
301,71,19296,4576,15,block_,29.276,-2.724,4.000,18533.323,16504.955,58141.185,0.275090,-0.958206,-0.078533
301,72,19296,4640,15,center,29.247,-2.753,4.016,18467.815,16485.117,58143.252,0.289119,-0.956995,-0.023903
301,73,19296,4704,15,center,25.599,-6.401,6.000,18401.986,16465.997,58145.008,0.285345,-0.958217,0.019962
301,74,19296,4768,15,center,22.435,-9.565,7.969,18336.438,16445.828,58146.669,0.308505,-0.948020,0.077990
301,75,19296,4832,15,center,25.635,-6.365,8.000,18270.799,16425.765,58148.379,0.263981,-0.961153,0.080619
301,76,19296,4896,15,center,28.504,-3.496,7.984,18204.188,16408.896,58149.995,0.233363,-0.970181,0.065502
301,77,19296,4960,15,center,29.294,-2.706,6.016,18137.257,16393.025,58151.860,0.215467,-0.975980,0.032194
301,78,19296,5024,15,block_,30.420,-1.580,6.062,18070.033,16377.954,58153.936,0.208497,-0.977969,-0.010237
301,79,19296,5088,15,block_,29.545,-2.455,4.078,18001.601,16368.446,58156.258,0.095594,-0.992646,-0.074274
301,80,19296,5152,15,block_,29.355,-2.645,4.000,17932.311,16361.200,58158.586,0.095767,-0.988011,-0.121089
301,81,19296,5216,15,block_,29.276,-2.724,4.000,17862.584,16358.533,58160.875,0.001871,-0.993786,-0.111288
301,82,19296,5280,15,block_,29.279,-2.721,3.963,17792.948,16359.341,58163.310,-0.034819,-0.997020,-0.068840
301,83,19296,5344,15,block_,29.332,-2.668,3.453,17723.534,16363.894,58166.092,-0.082921,-0.996489,0.011584
301,84,19296,5408,15,block_,30.201,-1.799,3.644,17655.667,16377.768,58169.067,-0.282885,-0.958801,0.026002
301,85,19296,5472,15,center,36.847,4.847,4.000,17589.767,16397.670,58171.920,-0.254854,-0.964773,0.065292
301,86,19296,5536,15,center,38.203,6.203,4.000,17523.428,16414.377,58175.112,-0.241431,-0.967356,0.077030
301,87,19296,5600,15,center,29.428,-2.572,4.000,17457.556,16432.720,58178.279,-0.293405,-0.952271,0.084226
301,88,19296,5664,15,center,21.623,-10.377,4.000,17392.616,16453.861,58181.561,-0.350963,-0.934000,0.066843
301,89,19296,5728,15,center,21.430,-10.570,4.000,17329.597,16480.085,58183.986,-0.336246,-0.934544,0.116477
301,90,19296,5792,15,center,28.603,-3.397,4.000,17266.784,16506.445,58186.324,-0.454825,-0.882174,0.122077
301,91,19296,5856,15,center,29.308,-2.692,4.000,17208.109,16541.363,58187.178,-0.541293,-0.835940,0.090583
301,92,19296,5920,15,center,29.318,-2.682,4.000,17151.638,16578.681,58187.250,-0.554840,-0.828958,0.070583
301,93,19296,5984,15,block_,30.034,-1.966,4.406,17095.542,16616.272,58186.903,-0.570085,-0.821070,0.029113
301,94,19296,6048,15,block_,30.458,-1.542,4.417,17042.892,16658.051,58185.877,-0.632527,-0.774511,0.006560
301,99,19296,6368,15,block_,24.306,-7.694,4.000,16783.212,16873.497,58182.195,-0.685601,-0.722438,0.089640
301,100,19296,6432,15,center,20.406,-11.594,4.000,16736.403,16921.784,58181.170,-0.728817,-0.673191,0.125054
301,101,19296,6496,15,center,18.569,-13.431,4.000,16690.496,16970.000,58179.838,-0.697255,-0.679005,0.229754
301,102,19296,6560,15,center,26.391,-5.609,4.000,16644.113,17018.134,58178.438,-0.685490,-0.692343,0.225310
301,103,19296,6624,15,center,29.308,-2.692,4.000,16592.280,17062.496,58177.977,-0.592875,-0.730250,0.339462
301,104,19296,6688,15,block_,29.276,-2.724,4.000,16540.780,17111.953,58176.033,-0.742677,-0.537540,0.399352
302,72,19360,4640,15,center,29.247,-2.753,4.000,18465.487,16486.537,58074.851,0.349025,-0.937072,-0.008802
302,73,19360,4704,15,center,25.598,-6.402,4.000,18400.787,16464.342,58076.467,0.314761,-0.949154,0.005650
302,74,19360,4768,15,center,20.364,-11.636,4.031,18335.648,16442.967,58078.106,0.295817,-0.955222,-0.006583
302,75,19360,4832,15,center,24.212,-7.788,7.969,18269.520,16424.290,58079.700,0.277491,-0.960657,-0.011670
302,76,19360,4896,15,center,28.510,-3.490,8.000,18203.545,16404.436,58081.270,0.277713,-0.959235,0.052373
302,77,19360,4960,15,center,30.449,-1.551,7.969,18136.484,16387.693,58082.973,0.169041,-0.982300,0.080695
302,78,19360,5024,15,center,31.049,-0.951,5.984,18068.274,16375.682,58084.866,0.154707,-0.986405,0.055418
302,79,19360,5088,15,center,29.777,-2.223,4.000,17999.275,16368.860,58086.911,0.039640,-0.998294,0.042863
302,80,19360,5152,15,center,29.450,-2.550,4.000,17929.759,16364.867,58089.060,0.085587,-0.995505,0.040566
302,81,19360,5216,15,center,29.219,-2.781,3.984,17860.120,16361.720,58091.477,-0.007083,-0.999688,0.023967
302,82,19360,5280,15,center,29.218,-2.782,3.969,17790.496,16363.998,58093.963,-0.043523,-0.999017,0.008453
302,83,19360,5344,15,center,29.421,-2.579,2.000,17721.185,16369.286,58096.781,-0.094730,-0.993574,-0.061947
302,84,19360,5408,15,center,29.521,-2.479,2.016,17652.707,16379.128,58099.859,-0.222900,-0.974323,-0.031795
302,85,19360,5472,15,center,36.775,4.775,3.984,17586.146,16396.759,58103.433,-0.275268,-0.961355,0.004808
302,86,19360,5536,15,center,37.443,5.443,4.000,17520.558,16416.088,58106.906,-0.317910,-0.947914,-0.019820
302,87,19360,5600,15,center,29.211,-2.789,4.000,17455.386,16436.436,58110.377,-0.299917,-0.952304,-0.056276
302,88,19360,5664,15,block_,25.314,-6.686,4.000,17390.585,16457.107,58113.559,-0.320021,-0.945416,-0.061450
302,89,19360,5728,15,center,21.727,-10.273,4.000,17326.640,16479.388,58116.247,-0.338737,-0.940872,-0.004222
302,90,19360,5792,15,center,29.521,-2.479,4.000,17264.010,16504.865,58118.331,-0.418694,-0.908011,0.014564
302,91,19360,5856,15,center,33.444,1.444,4.000,17206.119,16539.244,58119.537,-0.576734,-0.816111,0.036615
302,92,19360,5920,15,center,34.621,2.621,4.016,17152.081,16579.309,58120.040,-0.612881,-0.788735,-0.047678
302,93,19360,5984,15,center,31.757,-0.243,5.984,17100.506,16621.923,58120.355,-0.624150,-0.764492,-0.161208
302,94,19360,6048,15,center,31.738,-0.262,4.000,17049.078,16664.389,58120.389,-0.626935,-0.755893,-0.188623
302,95,19360,6112,15,block_,30.032,-1.968,4.000,16997.681,16706.248,58119.688,-0.613714,-0.722412,-0.318553
302,98,19360,6304,15,block_,27.127,-4.873,4.000,16843.113,16838.339,58118.691,-0.584856,-0.683286,-0.437109
302,99,19360,6368,15,center,24.728,-7.272,4.000,16793.788,16883.738,58118.525,-0.599641,-0.679036,-0.423486
302,100,19360,6432,15,center,14.456,-17.544,4.000,16743.431,16928.255,58116.659,-0.653380,-0.663901,-0.363772
302,101,19360,6496,15,center,14.576,-17.424,4.000,16695.056,16973.830,58115.249,-0.566863,-0.782402,-0.257902
302,102,19360,6560,15,center,29.303,-2.697,4.000,16641.559,17014.071,58112.358,-0.644221,-0.752618,-0.136181
302,103,19360,6624,15,center,33.363,1.363,4.000,16591.074,17059.119,58110.111,-0.656881,-0.747683,-0.097352
303,72,19424,4640,15,block_,28.116,-3.884,4.000,18463.406,16487.758,58006.615,0.385551,-0.918056,-0.092325
303,73,19424,4704,15,center,27.511,-4.489,4.000,18398.969,16465.010,58008.014,0.310199,-0.949226,-0.052405
303,74,19424,4768,15,center,25.653,-6.347,4.000,18333.828,16443.733,58009.428,0.306501,-0.951587,-0.023237
303,75,19424,4832,15,center,25.672,-6.328,4.031,18267.657,16425.214,58010.900,0.266500,-0.963649,-0.018910
303,76,19424,4896,15,center,28.144,-3.856,7.953,18201.589,16405.377,58012.289,0.300082,-0.950942,-0.075237
303,77,19424,4960,15,center,29.296,-2.704,5.984,18134.712,16387.754,58013.779,0.162721,-0.980992,-0.105715
303,78,19424,5024,15,center,30.975,-1.025,5.969,18066.003,16378.871,58015.852,0.092223,-0.985721,-0.140890
303,79,19424,5088,15,center,29.275,-2.725,4.000,17996.917,16372.703,58018.004,0.068187,-0.976321,-0.205299
303,80,19424,5152,15,center,29.163,-2.837,3.984,17927.461,16368.524,58020.268,0.040529,-0.975205,-0.217559
303,81,19424,5216,15,center,22.018,-9.982,2.000,17857.836,16366.339,58022.178,-0.004833,-0.982985,-0.183623
303,82,19424,5280,15,center,21.628,-10.372,2.000,17788.356,16369.925,58025.039,-0.097951,-0.974437,-0.202183
303,83,19424,5344,15,center,21.671,-10.329,2.000,17719.237,16377.420,58027.917,-0.137608,-0.970073,-0.200057
303,84,19424,5408,15,center,27.144,-4.856,2.000,17651.007,16388.841,58031.615,-0.214202,-0.956077,-0.200088
303,85,19424,5472,15,center,28.309,-3.691,2.016,17583.843,16403.307,58035.451,-0.211941,-0.960478,-0.180454
303,86,19424,5536,15,center,28.301,-3.699,4.000,17517.054,16417.642,58038.944,-0.251019,-0.960348,-0.121329
303,87,19424,5600,15,center,26.338,-5.662,4.000,17451.906,16437.019,58042.719,-0.300669,-0.952054,-0.056486
303,88,19424,5664,15,block_,25.230,-6.770,4.000,17387.964,16458.642,58046.048,-0.321296,-0.946953,0.006903
303,90,19424,5792,15,block_,29.637,-2.363,4.000,17261.570,16503.945,58050.942,-0.383239,-0.923598,0.009736
303,91,19424,5856,15,center,29.507,-2.493,4.000,17203.694,16537.392,58052.266,-0.606713,-0.794897,-0.006150
303,92,19424,5920,15,center,31.738,-0.262,4.016,17151.456,16579.526,58053.119,-0.652408,-0.757704,-0.015736
303,93,19424,5984,15,center,31.738,-0.262,5.969,17102.566,16625.220,58054.092,-0.702190,-0.703875,-0.107184
303,94,19424,6048,15,center,31.716,-0.284,4.000,17055.993,16672.713,58055.064,-0.716973,-0.664876,-0.209496
303,95,19424,6112,15,center,29.236,-2.764,4.000,17009.423,16720.200,58056.168,-0.678296,-0.712932,-0.177887
303,96,19424,6176,15,block_,26.520,-5.480,4.000,16961.732,16767.331,58057.335,-0.699874,-0.693023,-0.172902
303,97,19424,6240,15,block_,25.468,-6.532,3.599,16912.091,16813.467,58057.765,-0.646693,-0.733661,-0.208637
303,98,19424,6304,15,center,28.276,-3.724,4.000,16860.394,16856.943,58056.766,-0.588807,-0.764916,-0.261169
303,99,19424,6368,15,center,21.703,-10.297,4.000,16807.838,16898.203,58054.999,-0.579418,-0.784954,-0.219368
303,100,19424,6432,15,center,21.239,-10.761,4.000,16754.464,16937.507,58052.471,-0.587527,-0.803281,-0.097734
303,101,19424,6496,15,center,21.771,-10.229,4.000,16700.850,16976.650,58049.595,-0.610039,-0.790359,0.056438
303,102,19424,6560,15,center,28.717,-3.283,4.000,16646.505,17015.093,58046.178,-0.563559,-0.825582,0.028548
303,103,19424,6624,15,block_,29.872,-2.128,4.000,16592.753,17055.553,58042.330,-0.628233,-0.775065,0.067802
304,73,19488,4704,15,block_,28.361,-3.639,4.000,18397.791,16464.646,57939.923,0.302967,-0.946675,0.109622
304,74,19488,4768,15,center,29.276,-2.724,4.000,18332.426,16443.888,57940.789,0.307456,-0.949656,0.060208
304,75,19488,4832,15,center,29.276,-2.724,4.000,18266.294,16424.774,57942.062,0.264282,-0.962716,0.057740
304,76,19488,4896,15,center,29.283,-2.717,4.000,18199.306,16408.161,57943.584,0.220744,-0.973313,0.062715
304,77,19488,4960,15,center,30.207,-1.793,4.000,18131.494,16395.384,57945.284,0.149420,-0.988754,0.006319
304,78,19488,5024,15,center,31.447,-0.553,4.000,18062.968,16387.182,57947.372,0.076402,-0.996524,-0.033218
304,79,19488,5088,15,center,29.237,-2.763,4.000,17994.015,16382.457,57949.710,0.063987,-0.996765,-0.048632
304,80,19488,5152,15,center,22.077,-9.923,3.984,17924.793,16378.808,57952.007,0.024606,-0.997580,-0.065033
304,81,19488,5216,15,center,18.186,-13.814,2.016,17855.588,16380.169,57954.375,-0.031690,-0.994978,-0.094948
304,82,19488,5280,15,center,18.722,-13.278,2.016,17786.626,16383.701,57957.100,-0.098639,-0.986746,-0.128851
304,83,19488,5344,15,center,18.737,-13.263,2.016,17718.101,16393.287,57960.451,-0.139458,-0.980388,-0.139249
304,84,19488,5408,15,center,20.754,-11.246,2.016,17649.764,16402.883,57964.431,-0.180769,-0.980648,-0.075178
304,85,19488,5472,15,center,26.333,-5.667,2.016,17582.652,16415.735,57968.351,-0.201113,-0.974661,-0.097928
304,86,19488,5536,15,center,27.210,-4.790,4.000,17516.324,16430.417,57972.199,-0.215829,-0.971101,-0.101883
304,87,19488,5600,15,center,28.340,-3.660,4.000,17450.261,16444.462,57975.623,-0.220559,-0.969149,-0.110020
304,88,19488,5664,15,block_,28.051,-3.949,4.000,17385.056,16459.849,57978.911,-0.260862,-0.965274,-0.014029
304,91,19488,5856,15,block_,29.660,-2.340,4.000,17208.155,16545.623,57986.727,-0.635723,-0.759876,-0.135808
304,92,19488,5920,15,center,29.276,-2.724,4.000,17158.181,16588.391,57988.231,-0.669627,-0.725663,-0.158153
304,93,19488,5984,15,center,29.273,-2.727,4.000,17112.247,16635.938,57989.429,-0.720633,-0.661642,-0.207167
304,94,19488,6048,15,center,28.917,-3.083,4.000,17066.066,16683.762,57990.235,-0.692319,-0.691439,-0.206413
304,95,19488,6112,15,center,24.138,-7.862,4.000,17018.700,16730.822,57990.904,-0.686537,-0.704203,-0.181011
304,96,19488,6176,15,center,18.191,-13.809,3.984,16969.597,16776.437,57991.313,-0.680038,-0.714016,-0.166523
304,97,19488,6240,15,center,14.461,-17.539,2.016,16921.860,16824.048,57991.717,-0.671985,-0.728376,-0.133806
304,98,19488,6304,15,center,21.232,-10.768,4.000,16868.832,16865.484,57991.027,-0.616038,-0.780652,-0.105261
304,99,19488,6368,15,center,21.742,-10.258,4.000,16816.884,16907.291,57989.554,-0.577283,-0.808358,-0.115335
304,100,19488,6432,15,center,22.173,-9.827,4.000,16762.217,16944.636,57987.635,-0.556025,-0.821669,-0.125282
304,101,19488,6496,15,center,22.946,-9.054,4.000,16707.974,16981.675,57985.030,-0.548589,-0.806088,-0.221975
304,102,19488,6560,15,center,28.722,-3.278,4.000,16654.997,17020.346,57981.748,-0.573541,-0.781100,-0.246848
305,74,19552,4768,15,block_,29.276,-2.724,4.000,18333.841,16436.249,57872.415,0.311930,-0.946613,0.081387
305,75,19552,4832,15,center,29.276,-2.724,4.000,18267.252,16416.634,57873.120,0.227983,-0.968113,0.103833
305,76,19552,4896,15,center,29.276,-2.724,4.000,18199.096,16402.523,57874.617,0.193726,-0.981055,-0.001208
305,77,19552,4960,15,center,29.293,-2.707,4.000,18130.152,16392.349,57875.974,0.087901,-0.996038,-0.013505
305,78,19552,5024,15,center,31.521,-0.479,4.000,18060.756,16388.496,57878.150,0.012552,-0.997291,-0.072482
305,79,19552,5088,15,center,31.503,-0.497,4.000,17991.518,16386.972,57880.723,0.032130,-0.989283,-0.142429
305,80,19552,5152,15,center,29.132,-2.868,4.000,17922.393,16385.272,57883.035,0.000966,-0.990292,-0.138996
305,81,19552,5216,15,center,18.273,-13.727,4.000,17853.074,16384.142,57885.157,0.012163,-0.997610,-0.068017
305,82,19552,5280,15,center,18.821,-13.179,4.000,17783.494,16384.898,57888.037,-0.042953,-0.998983,-0.013718
305,83,19552,5344,15,center,18.799,-13.201,4.000,17713.996,16390.548,57891.913,-0.143830,-0.989404,-0.019829
305,84,19552,5408,15,center,20.768,-11.232,3.984,17645.965,16404.081,57895.951,-0.217351,-0.976083,-0.004628
305,85,19552,5472,15,center,24.521,-7.479,2.031,17579.307,16419.479,57900.300,-0.239102,-0.970368,-0.034865
305,86,19552,5536,15,center,29.276,-2.724,4.000,17513.582,16435.976,57904.678,-0.274261,-0.958339,-0.079798
305,87,19552,5600,15,center,29.276,-2.724,4.000,17448.388,16452.495,57908.834,-0.214118,-0.971071,-0.105712
305,93,19552,5984,15,block_,29.264,-2.736,4.000,17111.548,16636.492,57924.534,-0.732659,-0.642400,0.224795
305,94,19552,6048,15,center,29.214,-2.786,4.000,17066.758,16685.055,57924.505,-0.704938,-0.689139,0.167779
305,95,19552,6112,15,center,21.421,-10.579,4.000,17020.691,16733.396,57924.188,-0.687045,-0.720527,0.093858
305,96,19552,6176,15,center,18.275,-13.725,3.984,16968.160,16774.987,57925.209,-0.612562,-0.770348,0.177008
305,97,19552,6240,15,center,14.544,-17.456,2.031,16917.002,16818.027,57925.707,-0.603005,-0.757508,0.250134
305,98,19552,6304,15,center,21.306,-10.694,4.000,16866.003,16860.489,57925.535,-0.653297,-0.707815,0.268702
305,99,19552,6368,15,center,25.767,-6.233,4.000,16815.506,16903.119,57923.788,-0.588251,-0.776516,0.225798
305,100,19552,6432,15,center,26.766,-5.234,4.000,16763.992,16943.985,57922.160,-0.627303,-0.769016,0.122902
305,101,19552,6496,15,center,28.510,-3.490,4.000,16711.821,16983.143,57920.512,-0.595676,-0.797508,0.095663
305,102,19552,6560,15,block_,28.568,-3.432,4.000,16661.680,17023.990,57918.078,-0.636314,-0.749058,0.184434
306,76,19616,4896,15,block_,29.276,-2.724,4.000,18195.354,16419.509,57809.173,0.088267,-0.933933,-0.346380
306,77,19616,4960,15,center,29.349,-2.651,4.000,18126.584,16412.194,57811.409,0.063166,-0.907678,-0.414886
306,78,19616,5024,15,center,38.640,6.640,4.000,18057.696,16407.861,57813.412,0.028735,-0.852636,-0.521714
306,79,19616,5088,15,center,38.569,6.569,4.000,17988.723,16405.303,57815.616,0.000705,-0.871112,-0.491084
306,80,19616,5152,15,center,29.623,-2.377,4.000,17919.929,16404.562,57818.487,0.019549,-0.846086,-0.532688
306,81,19616,5216,15,center,29.276,-2.724,4.000,17850.784,16403.061,57820.506,-0.019428,-0.846956,-0.531308
306,82,19616,5280,15,center,29.238,-2.762,4.000,17781.381,16403.759,57822.702,-0.023010,-0.880066,-0.474294
306,83,19616,5344,15,center,24.483,-7.517,4.000,17712.139,16406.959,57825.125,-0.106667,-0.912160,-0.395709
306,84,19616,5408,15,center,24.521,-7.479,4.000,17644.239,16417.831,57829.433,-0.191192,-0.925439,-0.327121
306,85,19616,5472,15,center,29.276,-2.724,4.000,17577.418,16430.892,57833.596,-0.219043,-0.941386,-0.256540
306,86,19616,5536,15,block_,29.210,-2.790,3.973,17511.537,16446.043,57838.061,-0.256206,-0.941224,-0.220128
306,87,19616,5600,15,block_,29.276,-2.724,4.000,17446.477,16462.158,57842.614,-0.217328,-0.948402,-0.230872
306,94,19616,6048,15,block_,28.054,-3.946,4.000,17055.108,16673.462,57861.101,-0.684567,-0.634349,0.359122
306,95,19616,6112,15,center,29.273,-2.727,4.000,17007.035,16718.269,57861.649,-0.567587,-0.665374,0.484895
306,96,19616,6176,15,center,28.924,-3.076,4.000,16955.048,16759.648,57862.437,-0.517127,-0.697266,0.496386
306,97,19616,6240,15,center,25.098,-6.902,4.000,16900.730,16798.318,57865.243,-0.390576,-0.713362,0.581864
306,98,19616,6304,15,center,26.769,-5.231,4.000,16848.139,16837.724,57866.651,-0.586287,-0.607692,0.535703
306,99,19616,6368,15,center,28.876,-3.124,4.000,16799.850,16882.441,57863.773,-0.618782,-0.620765,0.481414
306,100,19616,6432,15,center,29.276,-2.724,4.000,16752.477,16927.582,57860.423,-0.594035,-0.644427,0.481493
306,101,19616,6496,15,block_,28.843,-3.157,4.000,16702.634,16968.845,57858.885,-0.592962,-0.691750,0.412162
307,79,19680,5088,15,block_,32.337,0.337,4.000,17985.437,16434.928,57755.213,-0.022499,-0.962759,-0.269423
307,80,19680,5152,15,block_,29.424,-2.576,4.000,17917.192,16434.180,57758.457,0.002050,-0.965187,-0.261552
307,81,19680,5216,15,block_,29.276,-2.724,4.000,17848.684,16434.008,57760.973,0.006683,-0.973838,-0.227145
307,82,19680,5280,15,block_,29.270,-2.730,4.000,17780.235,16434.206,57762.414,-0.016081,-0.972461,-0.232509
307,83,19680,5344,15,block_,27.502,-4.498,4.000,17712.005,16435.408,57763.338,-0.038391,-0.965640,-0.257032
307,84,19680,5408,15,block_,27.012,-4.988,4.000,17644.039,16439.261,57764.699,-0.088025,-0.960738,-0.263123
307,96,19680,6176,15,block_,28.630,-3.370,4.000,16931.717,16730.708,57808.523,-0.454923,-0.774043,0.440344
307,97,19680,6240,15,center,29.276,-2.724,4.000,16875.867,16766.464,57812.017,-0.461248,-0.706079,0.537311
307,98,19680,6304,15,block_,28.615,-3.385,4.000,16824.939,16809.424,57811.554,-0.604292,-0.602295,0.521606
307,99,19680,6368,15,block_,28.989,-3.011,4.000,16776.527,16854.174,57809.511,-0.575835,-0.591905,0.563970
307,100,19680,6432,15,block_,29.182,-2.818,4.000,16729.825,16899.635,57806.164,-0.628519,-0.574867,0.523920
325,121,20832,7776,15,block_,29.350,-2.650,3.895,15836.279,17786.392,56593.389,-0.978819,0.093857,0.181945
325,122,20832,7840,15,center,29.277,-2.723,3.984,15842.006,17850.069,56580.197,-0.980405,0.118630,0.157267
325,123,20832,7904,15,block_,29.277,-2.723,3.544,15848.332,17913.210,56567.172,-0.971220,0.150358,0.184729
325,124,20832,7968,15,block_,29.276,-2.724,3.690,15855.348,17975.847,56554.170,-0.966389,0.152853,0.206706
326,120,20896,7712,15,block_,29.349,-2.651,4.000,15818.553,17710.414,56542.807,-0.972442,0.004144,0.233110
326,121,20896,7776,15,center,29.504,-2.496,3.984,15818.878,17775.303,56531.168,-0.967386,0.139487,0.211439
326,122,20896,7840,15,center,29.502,-2.498,2.016,15826.219,17839.028,56518.109,-0.967363,0.177226,0.181105
326,123,20896,7904,15,center,29.276,-2.724,2.016,15835.034,17901.977,56504.950,-0.980580,0.146382,0.130516
326,124,20896,7968,15,center,29.276,-2.724,4.000,15842.932,17964.686,56492.184,-0.982020,0.156418,0.105685
326,125,20896,8032,15,block_,29.276,-2.724,4.000,15850.566,18027.205,56479.658,-0.991553,0.118153,0.053507
327,106,20960,6816,15,block_,29.276,-2.724,4.000,16219.902,16900.262,56567.038,-0.753366,-0.655353,-0.054328
327,107,20960,6880,15,block_,29.276,-2.724,4.000,16177.755,16952.031,56564.505,-0.776368,-0.611687,-0.151960
327,108,20960,6944,15,block_,29.276,-2.724,4.000,16137.449,17005.013,56561.850,-0.739519,-0.625022,-0.249920
327,120,20960,7712,15,block_,29.322,-2.678,4.000,15807.698,17699.069,56478.779,-0.988402,0.067737,0.135914
327,121,20960,7776,15,center,29.276,-2.724,4.000,15812.237,17763.693,56467.148,-0.993792,0.101475,0.045603
327,122,20960,7840,15,center,29.276,-2.724,3.984,15822.110,17826.648,56454.928,-0.986451,0.127014,-0.103841
327,123,20960,7904,15,center,29.276,-2.724,2.031,15832.917,17889.364,56442.240,-0.972144,0.144946,-0.184194
327,124,20960,7968,15,center,29.276,-2.724,4.000,15842.735,17952.036,56429.666,-0.980243,0.094991,-0.173495
327,125,20960,8032,15,block_,29.276,-2.724,4.000,15850.274,18014.793,56416.876,-0.988615,0.058094,-0.138802
328,105,21024,6752,15,block_,28.697,-3.303,3.672,16273.807,16855.787,56503.994,-0.695779,-0.682582,-0.223549
328,106,21024,6816,15,center,29.238,-2.762,3.984,16230.510,16905.944,56501.620,-0.752704,-0.599879,-0.271259
328,107,21024,6880,15,center,29.252,-2.748,4.000,16189.945,16958.455,56499.536,-0.754531,-0.600217,-0.265372
328,108,21024,6944,15,center,29.286,-2.714,4.000,16148.674,17010.101,56496.591,-0.770720,-0.625517,-0.121324
328,109,21024,7008,15,block_,30.266,-1.734,4.000,16106.374,17060.862,56493.059,-0.743771,-0.652584,-0.144701
328,121,21024,7776,15,block_,29.276,-2.724,4.000,15806.800,17752.664,56403.038,-0.971280,0.237936,0.001283
328,122,21024,7840,15,center,29.276,-2.724,4.000,15823.523,17814.286,56391.549,-0.961382,0.274088,-0.024896
328,123,21024,7904,15,center,29.276,-2.724,4.000,15839.696,17875.838,56379.670,-0.976725,0.211928,-0.033087
328,124,21024,7968,15,center,29.276,-2.724,4.000,15850.876,17938.335,56367.031,-0.984480,0.144773,-0.099193
328,125,21024,8032,15,center,29.276,-2.724,4.000,15858.002,18001.551,56354.264,-0.997816,0.057023,-0.033342
328,126,21024,8096,15,block_,29.276,-2.724,4.000,15861.337,18065.228,56341.371,-0.999638,0.020951,-0.016882
329,105,21088,6752,15,center,26.224,-5.776,2.000,16290.225,16867.211,56441.396,-0.750947,-0.595261,-0.285908
329,106,21088,6816,15,center,24.444,-7.556,2.016,16248.255,16917.570,56438.968,-0.740945,-0.603939,-0.293698
329,107,21088,6880,15,center,26.190,-5.810,4.000,16206.914,16969.064,56436.309,-0.696804,-0.642185,-0.319473
329,108,21088,6944,15,center,29.284,-2.716,4.000,16163.182,17018.449,56433.351,-0.702390,-0.624312,-0.341881
329,109,21088,7008,15,center,30.613,-1.387,3.984,16120.555,17068.169,56429.777,-0.712959,-0.629281,-0.309346
329,110,21088,7072,15,block_,33.502,1.502,2.547,16078.801,17118.402,56425.729,-0.722198,-0.614135,-0.318228
329,111,21088,7136,15,block_,32.202,0.202,3.391,16036.268,17168.192,56421.690,-0.710071,-0.643539,-0.285756
329,122,21088,7840,15,block_,29.276,-2.724,4.000,15827.116,17801.706,56328.632,-0.968398,0.188619,-0.163182
329,123,21088,7904,15,center,29.275,-2.725,4.000,15840.397,17863.269,56316.532,-0.982365,0.156925,-0.101655
329,124,21088,7968,15,center,29.236,-2.764,4.000,15850.376,17925.561,56303.642,-0.991937,0.126232,-0.011244
329,125,21088,8032,15,center,29.230,-2.770,4.000,15857.210,17988.687,56290.593,-0.996003,0.088963,-0.007930
329,126,21088,8096,15,center,29.276,-2.724,4.000,15858.525,18052.311,56277.763,-0.993855,0.010934,0.110148
329,127,21088,8160,15,block_,29.276,-2.724,4.000,15858.015,18116.023,56264.678,-0.994665,0.013267,0.102298
330,105,21152,6752,15,block_,26.172,-5.828,2.000,16295.923,16869.870,56377.497,-0.805386,-0.592750,0.000973
330,106,21152,6816,15,center,19.261,-12.739,2.016,16258.508,16922.748,56375.458,-0.805987,-0.581767,0.109231
330,107,21152,6880,15,center,19.269,-12.731,4.000,16217.305,16974.352,56373.178,-0.723796,-0.661671,0.195731
330,108,21152,6944,15,center,28.954,-3.046,4.000,16170.761,17020.802,56370.242,-0.716428,-0.687242,0.120118
330,109,21152,7008,15,center,30.596,-1.404,3.984,16128.783,17070.032,56366.167,-0.775372,-0.625278,0.088464
330,110,21152,7072,15,center,34.475,2.475,2.031,16089.114,17122.105,56362.688,-0.804684,-0.569351,0.168293
330,111,21152,7136,15,center,34.449,2.449,4.000,16047.308,17172.379,56358.077,-0.741211,-0.670767,0.026046
330,112,21152,7200,15,block_,30.815,-1.185,4.000,16006.500,17222.835,56354.197,-0.767433,-0.641103,0.005702
330,122,21152,7840,15,block_,29.276,-2.724,4.000,15837.016,17787.690,56267.251,-0.994528,0.067278,-0.079920
330,123,21152,7904,15,center,29.236,-2.764,4.000,15841.784,17849.922,56253.886,-0.990542,0.136703,0.011761
330,124,21152,7968,15,center,24.207,-7.793,3.984,15848.236,17912.488,56240.583,-0.989201,0.095296,0.111355
330,125,21152,8032,15,center,23.418,-8.582,4.000,15850.964,17975.880,56227.363,-0.991412,0.043263,0.123415
330,126,21152,8096,15,center,29.258,-2.742,4.000,15851.556,18039.489,56214.739,-0.999893,0.011592,-0.008942
330,127,21152,8160,15,block_,29.271,-2.729,4.000,15852.292,18103.190,56201.833,-0.996970,-0.028033,-0.072561
331,105,21216,6752,15,block_,28.451,-3.549,2.000,16289.950,16862.381,56314.281,-0.727207,-0.651546,0.216005
331,106,21216,6816,15,center,27.965,-4.035,2.016,16247.234,16910.659,56312.861,-0.687912,-0.619820,0.377624
331,107,21216,6880,15,center,19.234,-12.766,4.000,16203.020,16958.426,56311.183,-0.678666,-0.614887,0.401655
331,108,21216,6944,15,center,23.271,-8.729,4.000,16159.029,17006.202,56308.396,-0.718615,-0.591454,0.365752
331,109,21216,7008,15,center,28.390,-3.610,4.000,16119.376,17057.611,56303.505,-0.755467,-0.531682,0.382863
331,110,21216,7072,15,center,29.290,-2.710,4.000,16078.752,17108.899,56299.024,-0.765843,-0.574161,0.289524
331,111,21216,7136,15,center,31.081,-0.919,4.000,16038.532,17160.703,56295.356,-0.731977,-0.566042,0.379218
331,112,21216,7200,15,center,29.255,-2.745,4.000,15996.360,17210.167,56292.517,-0.695256,-0.603544,0.390325
331,113,21216,7264,15,block_,28.033,-3.967,4.000,15954.424,17258.472,56290.247,-0.705787,-0.573805,0.415467
331,114,21216,7328,15,block_,27.909,-4.091,4.000,15916.548,17307.722,56286.320,-0.780003,-0.495851,0.381743
331,122,21216,7840,15,block_,29.276,-2.724,4.000,15833.536,17774.542,56204.976,-0.984408,0.096122,0.147311
331,123,21216,7904,15,center,29.256,-2.744,3.984,15839.259,17836.702,56191.217,-0.997655,0.059499,0.033830
331,124,21216,7968,15,center,24.220,-7.780,2.016,15845.423,17899.363,56178.082,-0.987754,0.152647,-0.032260
331,125,21216,8032,15,center,23.419,-8.581,4.000,15852.686,17962.657,56164.849,-0.997114,0.071065,-0.026724
331,126,21216,8096,15,center,27.004,-4.996,4.000,15856.921,18026.503,56151.592,-0.997528,0.035870,-0.060419
331,127,21216,8160,15,center,29.276,-2.724,4.000,15859.558,18090.325,56138.801,-0.998718,0.019487,-0.046709
332,105,21280,6752,15,block_,29.092,-2.908,2.730,16272.914,16843.875,56256.225,-0.573567,-0.607901,0.549070
332,106,21280,6816,15,center,29.210,-2.790,2.031,16226.280,16888.834,56255.758,-0.574354,-0.580951,0.576726
332,107,21280,6880,15,center,20.579,-11.421,4.000,16179.262,16933.829,56255.928,-0.574316,-0.562258,0.595001
332,108,21280,6944,15,center,23.277,-8.723,4.000,16135.083,16981.850,56253.667,-0.609534,-0.485888,0.626404
332,109,21280,7008,15,center,23.278,-8.722,4.016,16093.733,17032.587,56249.487,-0.611212,-0.430711,0.664009
332,110,21280,7072,15,center,29.276,-2.724,4.016,16052.367,17083.880,56246.071,-0.578698,-0.414701,0.702233
332,111,21280,7136,15,center,29.256,-2.744,4.000,16012.021,17135.740,56241.798,-0.597831,-0.417425,0.684365
332,112,21280,7200,15,center,26.718,-5.282,4.000,15972.814,17187.900,56237.160,-0.601532,-0.417563,0.681029
332,113,21280,7264,15,center,26.030,-5.970,4.000,15931.403,17237.190,56235.244,-0.636118,-0.526828,0.563743
332,114,21280,7328,15,center,26.728,-5.272,4.000,15893.911,17287.940,56232.060,-0.720969,-0.434695,0.539669
332,115,21280,7392,15,block_,28.091,-3.909,3.456,15862.379,17341.458,56226.778,-0.776662,-0.322631,0.541023
332,122,21280,7840,15,block_,31.659,-0.341,4.000,15803.673,17766.230,56151.153,-0.713752,0.274944,0.644177
332,123,21280,7904,15,center,31.775,-0.225,3.984,15814.551,17827.664,56135.347,-0.803705,0.308453,0.508837
332,124,21280,7968,15,center,25.910,-6.090,2.016,15825.858,17889.155,56119.258,-0.854265,0.225183,0.468534
332,125,21280,8032,15,center,25.913,-6.087,4.000,15833.862,17952.085,56105.175,-0.884516,0.176314,0.431908
332,126,21280,8096,15,center,27.022,-4.978,4.000,15841.147,18015.358,56091.121,-0.880940,0.209078,0.424537
332,127,21280,8160,15,center,29.276,-2.724,4.000,15846.655,18078.870,56077.593,-0.899687,0.140328,0.413366
333,106,21344,6816,15,center,29.644,-2.356,4.000,16200.293,16861.505,56202.735,-0.580511,-0.635524,0.509035
333,107,21344,6880,15,center,29.202,-2.798,4.016,16151.092,16905.112,56204.453,-0.539585,-0.627266,0.561592
333,108,21344,6944,15,center,29.129,-2.871,4.031,16103.618,16951.164,56204.535,-0.569026,-0.489279,0.660920
333,109,21344,7008,15,center,23.328,-8.672,6.000,16059.541,17001.220,56201.720,-0.571047,-0.433017,0.697425
333,110,21344,7072,15,center,29.279,-2.721,5.984,16018.402,17053.556,56197.879,-0.637544,-0.429579,0.639530
333,111,21344,7136,15,center,29.271,-2.729,4.000,15978.565,17106.343,56193.617,-0.668066,-0.455654,0.588275
333,112,21344,7200,15,center,28.675,-3.325,4.000,15940.167,17159.501,56188.843,-0.711376,-0.444947,0.544028
333,113,21344,7264,15,center,26.231,-5.769,4.000,15903.335,17212.740,56183.422,-0.720129,-0.469842,0.510551
333,114,21344,7328,15,center,26.718,-5.282,3.984,15865.306,17265.082,56180.089,-0.721032,-0.468848,0.510191
333,115,21344,7392,15,center,27.850,-4.150,2.000,15832.901,17320.445,56174.860,-0.777426,-0.319915,0.541538
333,116,21344,7456,15,center,30.379,-1.621,2.016,15805.677,17378.505,56168.027,-0.772184,-0.274051,0.573261
333,117,21344,7520,15,block_,30.651,-1.349,3.172,15779.767,17438.468,56162.324,-0.756798,-0.253498,0.602491
333,118,21344,7584,15,block_,30.472,-1.528,3.203,15758.563,17501.161,56157.016,-0.760140,-0.168945,0.627411
333,122,21344,7840,15,block_,37.967,5.967,4.000,15765.732,17758.780,56099.770,-0.840446,0.354999,0.409421
333,123,21344,7904,15,center,36.379,4.379,3.984,15780.023,17819.574,56081.339,-0.844617,0.298229,0.444613
333,124,21344,7968,15,center,29.972,-2.028,2.016,15792.240,17881.049,56064.491,-0.822543,0.283166,0.493194
333,125,21344,8032,15,center,29.278,-2.722,4.000,15802.026,17943.421,56049.041,-0.829863,0.226102,0.510103
333,126,21344,8096,15,center,29.276,-2.724,4.000,15807.996,18006.820,56035.759,-0.832772,0.160122,0.529954
333,127,21344,8160,15,block_,29.219,-2.781,4.000,15813.129,18070.343,56022.853,-0.846397,0.178317,0.501812
334,106,21408,6816,15,center,34.092,2.092,4.016,16180.431,16840.758,56143.688,-0.584356,-0.710430,0.392195
334,107,21408,6880,15,center,34.076,2.076,6.000,16128.630,16882.147,56146.532,-0.526361,-0.744382,0.410900
334,108,21408,6944,15,center,30.563,-1.437,6.000,16076.421,16924.230,56149.689,-0.636253,-0.627586,0.448684
334,109,21408,7008,15,center,29.707,-2.293,6.000,16030.432,16973.827,56148.297,-0.656002,-0.596899,0.461924
334,111,21408,7136,15,center,29.276,-2.724,4.000,15951.869,17082.263,56137.860,-0.742375,-0.426930,0.516343
334,112,21408,7200,15,center,29.256,-2.744,4.000,15917.594,17138.542,56131.067,-0.794422,-0.399227,0.457725
334,113,21408,7264,15,center,26.730,-5.270,4.000,15884.485,17194.834,56124.116,-0.803873,-0.489108,0.338470
334,114,21408,7328,15,center,26.901,-5.099,3.984,15846.486,17248.392,56120.066,-0.801499,-0.533638,0.269869
334,115,21408,7392,15,center,28.307,-3.693,2.016,15808.847,17302.623,56117.700,-0.761370,-0.562505,0.322341
334,116,21408,7456,15,center,31.429,-0.571,2.000,15773.154,17357.897,56114.669,-0.717127,-0.383103,0.582204
334,117,21408,7520,15,center,31.526,-0.474,2.000,15741.965,17418.249,56109.925,-0.736538,-0.227988,0.636815
334,118,21408,7584,15,center,31.864,-0.136,2.016,15719.410,17484.333,56103.016,-0.810913,-0.169622,0.560044
334,119,21408,7648,15,center,34.053,2.053,4.000,15704.388,17553.214,56094.271,-0.872533,-0.025155,0.487908
334,120,21408,7712,15,block_,40.846,8.846,4.000,15705.870,17622.124,56079.394,-0.877993,0.254307,0.405531
334,121,21408,7776,15,block_,40.613,8.613,4.000,15716.112,17688.008,56062.803,-0.884168,0.321130,0.339298
334,122,21408,7840,15,center,39.434,7.434,4.000,15734.418,17749.311,56043.102,-0.866651,0.322327,0.380817
334,123,21408,7904,15,center,36.348,4.348,3.984,15746.829,17811.097,56026.312,-0.844708,0.255722,0.470186
334,124,21408,7968,15,center,31.754,-0.246,2.031,15756.158,17873.477,56011.154,-0.830236,0.248509,0.498951
334,125,21408,8032,15,center,29.621,-2.379,4.000,15764.968,17935.970,55996.409,-0.857231,0.233132,0.459135
334,126,21408,8096,15,center,29.276,-2.724,4.000,15773.465,17998.555,55981.505,-0.873625,0.229922,0.428854
334,127,21408,8160,15,block_,29.276,-2.724,4.000,15782.330,18061.236,55966.381,-0.889678,0.199389,0.410751
335,106,21472,6816,15,center,29.287,-2.713,4.016,16163.735,16823.346,56082.180,-0.566327,-0.747837,0.346429
335,107,21472,6880,15,center,30.782,-1.218,5.984,16111.053,16864.054,56084.516,-0.575460,-0.730957,0.366808
335,108,21472,6944,15,center,30.804,-1.196,5.984,16058.457,16906.310,56086.856,-0.581947,-0.744290,0.327673
335,109,21472,7008,15,center,33.545,1.545,5.984,16009.895,16953.285,56086.897,-0.707594,-0.582877,0.399456
335,110,21472,7072,15,block_,34.668,2.668,4.953,15965.164,17004.635,56084.949,-0.710016,-0.589141,0.385734
335,111,21472,7136,15,block_,29.276,-2.724,4.000,15927.635,17060.571,56079.538,-0.812696,-0.414048,0.409988
335,112,21472,7200,15,center,29.276,-2.724,4.000,15894.429,17118.047,56072.690,-0.816409,-0.392243,0.423819
335,113,21472,7264,15,center,29.292,-2.708,4.000,15862.692,17175.544,56065.329,-0.771939,-0.357983,0.525317
335,114,21472,7328,15,center,31.409,-0.591,4.000,15829.534,17233.256,56058.388,-0.714943,-0.382309,0.585403
335,115,21472,7392,15,center,29.277,-2.723,3.984,15789.620,17286.677,56056.878,-0.728137,-0.499551,0.469324
335,116,21472,7456,15,center,29.503,-2.497,2.016,15751.290,17341.102,56054.629,-0.810198,-0.523947,0.262792
335,117,21472,7520,15,center,29.522,-2.478,2.016,15718.379,17401.576,56049.928,-0.933358,-0.357661,0.030350
335,118,21472,7584,15,center,31.854,-0.146,2.031,15699.270,17469.642,56039.507,-0.982357,-0.175271,-0.065233
335,119,21472,7648,15,center,35.121,3.121,4.000,15692.139,17539.612,56027.799,-0.990338,-0.042688,-0.131943
335,120,21472,7712,15,center,41.189,9.189,4.000,15693.999,17608.710,56013.654,-0.988744,0.090411,-0.119211
335,121,21472,7776,15,center,40.480,8.480,4.000,15702.495,17674.544,55998.719,-0.990156,0.123598,0.065685
335,122,21472,7840,15,center,39.332,7.332,4.000,15710.831,17738.363,55983.310,-0.961245,0.217250,0.169739
335,123,21472,7904,15,center,30.642,-1.358,4.000,15721.561,17801.008,55968.072,-0.960156,0.209161,0.185341
335,124,21472,7968,15,center,29.876,-2.124,4.000,15731.955,17863.090,55952.917,-0.958490,0.179441,0.221579
335,125,21472,8032,15,center,29.601,-2.399,4.000,15740.453,17925.272,55937.805,-0.947379,0.192217,0.255978
335,126,21472,8096,15,center,29.276,-2.724,4.000,15748.561,17987.689,55922.422,-0.926412,0.198836,0.319727
336,106,21536,6816,15,center,29.354,-2.646,4.000,16151.173,16810.408,56018.792,-0.516382,-0.853991,0.063630
336,107,21536,6880,15,center,39.255,7.255,4.016,16094.221,16846.215,56021.973,-0.578675,-0.795783,0.178505
336,108,21536,6944,15,center,39.285,7.285,4.031,16042.954,16890.188,56022.844,-0.618918,-0.737654,0.269827
336,109,21536,7008,15,center,40.602,8.602,5.984,15995.522,16938.342,56022.518,-0.775666,-0.605404,0.178404
336,110,21536,7072,15,block_,39.522,7.522,4.891,15955.540,16992.878,56019.368,-0.817951,-0.549607,0.169963
336,112,21536,7200,15,block_,29.276,-2.724,4.000,15878.675,17102.109,56010.700,-0.787011,-0.552031,0.275456
336,113,21536,7264,15,block_,29.364,-2.636,4.000,15839.964,17155.779,56006.653,-0.764719,-0.541439,0.349356
336,114,21536,7328,15,block_,29.703,-2.297,4.000,15800.684,17210.139,56002.915,-0.778375,-0.486231,0.397129
336,115,21536,7392,15,center,29.276,-2.724,4.000,15769.321,17268.963,55996.637,-0.905662,-0.335472,0.259298
336,116,21536,7456,15,center,29.276,-2.724,4.000,15744.926,17330.539,55989.171,-0.945901,-0.322527,0.035311
336,117,21536,7520,15,center,29.277,-2.723,4.000,15725.973,17394.698,55981.085,-0.967768,-0.227916,-0.107142
336,118,21536,7584,15,center,29.519,-2.481,4.000,15713.789,17461.376,55971.400,-0.970963,-0.160816,-0.177111
336,119,21536,7648,15,center,31.541,-0.459,4.000,15706.816,17528.647,55960.270,-0.977774,-0.089043,-0.189813
336,120,21536,7712,15,center,33.926,1.926,4.000,15702.133,17595.080,55947.527,-0.994822,-0.049003,-0.089035
336,121,21536,7776,15,center,30.651,-1.349,4.000,15700.774,17660.506,55933.792,-0.999691,-0.002241,-0.024768
336,122,21536,7840,15,center,32.140,0.140,4.000,15706.155,17724.366,55919.691,-0.990198,0.139556,0.005621
336,123,21536,7904,15,center,29.605,-2.395,4.000,15713.314,17787.475,55905.433,-0.989452,0.101708,0.103151
336,124,21536,7968,15,center,29.609,-2.391,4.016,15719.050,17850.158,55891.111,-0.979398,0.147736,0.137669
336,125,21536,8032,15,center,29.515,-2.485,4.016,15724.473,17912.563,55876.806,-0.983832,0.071164,0.164348
336,126,21536,8096,15,block_,29.383,-2.617,4.000,15726.098,17975.808,55862.572,-0.978836,0.084148,0.186546
337,106,21600,6816,15,center,29.437,-2.563,4.016,16146.331,16808.106,55952.696,-0.481189,-0.862886,0.154550
337,107,21600,6880,15,center,39.667,7.667,6.000,16089.856,16844.214,55954.947,-0.526796,-0.826208,0.199668
337,108,21600,6944,15,center,42.174,10.174,6.000,16034.333,16881.471,55956.878,-0.645271,-0.743041,0.177525
337,109,21600,7008,15,center,43.606,11.606,5.984,15989.563,16931.088,55955.918,-0.724451,-0.638642,0.259436
337,110,21600,7072,15,block_,42.263,10.263,4.922,15946.502,16982.240,55953.739,-0.760335,-0.569169,0.312950
337,118,21600,7584,15,block_,29.779,-2.221,4.000,15727.675,17453.216,55905.644,-0.982730,-0.141329,-0.119444
337,119,21600,7648,15,block_,30.136,-1.864,4.000,15720.270,17518.576,55894.943,-0.978862,-0.138636,-0.150366
337,120,21600,7712,15,block_,30.345,-1.655,4.000,15712.008,17583.248,55882.761,-0.974932,-0.161258,-0.153311
337,121,21600,7776,15,center,28.506,-3.494,4.000,15706.590,17647.287,55869.545,-0.984880,-0.090168,-0.147925
337,122,21600,7840,15,center,29.278,-2.722,4.000,15706.042,17710.942,55856.237,-0.994036,0.009476,-0.108644
337,123,21600,7904,15,center,29.632,-2.368,4.016,15708.107,17774.087,55842.644,-0.997951,0.055631,-0.031593
337,124,21600,7968,15,center,29.621,-2.379,5.984,15713.460,17836.610,55828.817,-0.995095,0.095831,-0.024564
337,125,21600,8032,15,center,29.513,-2.487,5.969,15720.536,17898.561,55814.821,-0.993138,0.096583,-0.065950
338,106,21664,6816,15,center,39.567,7.567,4.016,16137.272,16797.858,55886.945,-0.406371,-0.897194,0.172933
338,107,21664,6880,15,center,41.345,9.345,5.984,16077.673,16829.508,55890.080,-0.530893,-0.819475,0.215901
338,108,21664,6944,15,center,47.632,15.632,6.000,16025.043,16871.782,55891.312,-0.657345,-0.728635,0.192321
338,109,21664,7008,15,center,45.710,13.710,5.984,15976.719,16918.299,55891.476,-0.696195,-0.688910,0.201782
338,110,21664,7072,15,block_,42.243,10.243,4.938,15929.777,16966.051,55891.178,-0.712063,-0.651996,0.260516
338,122,21664,7840,15,center,29.336,-2.664,4.000,15719.086,17698.128,55794.770,-0.973013,-0.053077,-0.224563
338,123,21664,7904,15,center,33.136,1.136,4.000,15720.768,17760.547,55781.999,-0.969259,-0.000032,-0.246041
338,124,21664,7968,15,center,31.198,-0.802,4.000,15724.144,17822.177,55768.440,-0.968997,0.017447,-0.246454
338,125,21664,8032,15,block_,29.788,-2.212,4.141,15731.339,17883.229,55754.416,-0.958282,0.072630,-0.276444
339,105,21728,6752,15,block_,29.276,-2.724,4.000,16197.167,16775.575,55818.915,-0.472591,-0.867355,-0.156055
339,106,21728,6816,15,center,29.369,-2.631,4.000,16137.482,16804.284,55821.794,-0.413244,-0.859474,-0.300889
339,107,21728,6880,15,center,41.251,9.251,4.016,16077.072,16833.803,55823.914,-0.448042,-0.862762,-0.234306
339,108,21728,6944,15,center,47.486,15.486,5.984,16020.602,16868.767,55825.101,-0.596393,-0.801910,-0.035430
339,109,21728,7008,15,center,38.505,6.505,5.969,15968.181,16909.583,55825.774,-0.658129,-0.741353,0.131383
339,122,21728,7840,15,center,33.193,1.193,4.000,15724.658,17686.204,55733.281,-0.997565,0.044113,0.054015
339,123,21728,7904,15,center,38.469,6.469,4.000,15728.208,17747.571,55721.206,-0.996914,0.059231,-0.051509
339,124,21728,7968,15,center,33.095,1.095,4.000,15734.321,17807.954,55708.675,-0.986971,0.111882,-0.115631
339,125,21728,8032,15,block_,30.720,-1.280,4.000,15746.503,17867.240,55695.722,-0.954434,0.165621,-0.248245
340,105,21792,6752,15,center,29.223,-2.777,4.000,16201.882,16790.800,55755.330,-0.569435,-0.791071,-0.223498
340,106,21792,6816,15,center,29.216,-2.784,4.000,16145.791,16826.244,55759.408,-0.447231,-0.871067,-0.203041
340,107,21792,6880,15,center,29.295,-2.705,4.000,16083.696,16850.565,55760.017,-0.314155,-0.931393,-0.183884
340,108,21792,6944,15,center,35.925,3.925,4.000,16021.587,16872.030,55759.085,-0.430600,-0.899818,-0.070074
340,109,21792,7008,15,center,29.276,-2.724,4.000,15963.891,16905.056,55759.392,-0.533352,-0.845859,-0.007703
340,122,21792,7840,15,center,38.517,6.517,4.000,15714.628,17676.314,55672.038,-0.975617,-0.005090,0.219421
340,123,21792,7904,15,center,41.293,9.293,4.000,15722.940,17736.569,55660.817,-0.935188,0.248615,0.252219
340,124,21792,7968,15,center,35.100,3.100,4.000,15731.903,17796.314,55649.103,-0.959359,0.188868,0.209663
341,104,21856,6688,15,block_,25.873,-6.127,4.000,16259.870,16769.162,55687.360,-0.473937,-0.837679,-0.271436
341,105,21856,6752,15,center,22.507,-9.493,4.000,16203.747,16800.978,55690.812,-0.508554,-0.850067,-0.136963
341,106,21856,6816,15,center,21.648,-10.352,4.000,16146.245,16831.589,55693.462,-0.435950,-0.892999,-0.111805
341,107,21856,6880,15,center,25.018,-6.982,4.000,16086.400,16858.031,55694.636,-0.358312,-0.923416,-0.137536
341,108,21856,6944,15,center,29.276,-2.724,4.000,16025.335,16880.237,55694.397,-0.406969,-0.903469,-0.134612
341,109,21856,7008,15,block_,29.561,-2.439,4.000,15969.018,16912.642,55694.390,-0.529641,-0.839208,-0.123331
341,122,21856,7840,15,center,39.179,7.179,4.016,15699.871,17667.734,55611.478,-0.875958,-0.022089,0.481881
341,123,21856,7904,15,center,46.009,14.009,4.016,15699.354,17730.010,55603.816,-0.850651,0.124394,0.510803
341,124,21856,7968,15,center,39.048,7.048,4.000,15708.182,17790.476,55593.318,-0.831257,0.247000,0.497999
342,104,21920,6688,15,center,22.514,-9.486,3.984,16263.823,16782.897,55625.337,-0.405225,-0.911253,-0.073560
342,105,21920,6752,15,center,20.193,-11.807,3.984,16205.618,16809.795,55626.762,-0.431314,-0.897549,-0.091507
342,106,21920,6816,15,center,17.567,-14.433,3.984,16147.568,16838.289,55628.612,-0.413308,-0.910193,-0.026936
342,107,21920,6880,15,center,20.403,-11.597,4.000,16087.758,16862.985,55629.921,-0.353552,-0.935402,-0.004832
342,108,21920,6944,15,center,29.276,-2.724,4.000,16027.728,16885.365,55630.389,-0.420284,-0.906081,-0.048769
342,109,21920,7008,15,block_,29.276,-2.724,4.000,15973.080,16918.152,55630.284,-0.575077,-0.807868,-0.128981
342,122,21920,7840,15,center,31.044,-0.956,5.984,15654.482,17661.298,55566.310,-0.623504,0.109976,0.774047
342,123,21920,7904,15,center,40.733,8.733,5.984,15657.047,17726.132,55557.255,-0.715962,0.172961,0.676375
342,124,21920,7968,15,center,30.954,-1.046,4.000,15667.583,17788.939,55544.708,-0.703594,0.251324,0.664674
343,103,21984,6624,15,block_,26.398,-5.602,3.301,16318.579,16752.546,55560.957,-0.349654,-0.919133,0.181486
343,104,21984,6688,15,center,22.529,-9.471,2.000,16260.427,16778.725,55561.981,-0.392256,-0.903197,0.174273
343,105,21984,6752,15,center,19.440,-12.560,2.000,16201.915,16805.269,55563.367,-0.431579,-0.876321,0.214012
343,106,21984,6816,15,center,17.580,-14.420,2.016,16144.250,16834.384,55564.254,-0.429877,-0.891128,0.145249
343,107,21984,6880,15,center,19.530,-12.470,4.000,16085.281,16860.352,55565.597,-0.357895,-0.925472,0.124146
343,108,21984,6944,15,block_,26.110,-5.890,4.000,16025.082,16881.841,55567.500,-0.394036,-0.907481,0.145649
343,122,21984,7840,15,block_,31.982,-0.018,5.297,15610.775,17654.251,55518.081,-0.935592,0.082839,0.343227
343,123,21984,7904,15,block_,33.032,1.032,5.625,15616.167,17721.772,55505.954,-0.895651,0.196284,0.399101
343,124,21984,7968,15,block_,31.171,-0.829,4.609,15626.166,17787.159,55493.775,-0.836001,0.229215,0.498561
344,103,22048,6624,15,center,29.245,-2.755,3.984,16312.151,16739.602,55498.784,-0.365796,-0.903606,0.222910
344,104,22048,6688,15,center,25.257,-6.743,2.016,16254.315,16767.626,55499.243,-0.448871,-0.867221,0.215504
344,105,22048,6752,15,center,20.268,-11.732,2.016,16196.812,16796.874,55499.493,-0.422851,-0.883947,0.199585
344,106,22048,6816,15,center,20.057,-11.943,2.031,16138.118,16823.932,55500.797,-0.386002,-0.882720,0.267969
344,107,22048,6880,15,center,20.129,-11.871,4.000,16078.848,16849.355,55502.570,-0.339637,-0.893237,0.294575
344,108,22048,6944,15,block_,24.894,-7.106,4.000,16019.595,16873.449,55504.748,-0.396390,-0.882761,0.252206
345,103,22112,6624,15,center,29.276,-2.724,4.000,16301.596,16717.595,55440.553,-0.319531,-0.726784,0.608017
345,104,22112,6688,15,center,29.295,-2.705,4.000,16243.557,16746.677,55440.076,-0.393707,-0.750823,0.530339
345,105,22112,6752,15,center,26.538,-5.462,4.000,16185.895,16775.578,55439.836,-0.386831,-0.819559,0.422711
345,106,22112,6816,15,center,20.605,-11.395,4.000,16127.107,16802.365,55440.949,-0.354055,-0.838519,0.414162
345,107,22112,6880,15,center,20.673,-11.327,4.000,16067.787,16828.388,55442.496,-0.341704,-0.863953,0.369897
346,103,22176,6624,15,block_,30.339,-1.661,4.000,16291.293,16693.275,55383.138,-0.390880,-0.916107,0.089223
346,104,22176,6688,15,center,34.485,2.485,4.000,16232.519,16722.883,55381.621,-0.476132,-0.849449,0.227454
346,105,22176,6752,15,center,34.396,2.396,4.000,16175.181,16753.481,55380.171,-0.423444,-0.844468,0.327978
346,106,22176,6816,15,center,29.276,-2.724,4.000,16116.493,16781.443,55380.476,-0.399311,-0.859816,0.318226
346,107,22176,6880,15,block_,27.159,-4.841,4.000,16057.314,16808.539,55381.569,-0.383353,-0.873229,0.300851
347,104,22240,6688,15,block_,32.401,0.401,4.000,16227.741,16711.649,55317.370,-0.375346,-0.906972,0.191095
347,105,22240,6752,15,block_,33.509,1.509,4.000,16168.026,16738.361,55317.356,-0.411577,-0.883770,0.222609
347,106,22240,6816,15,block_,30.606,-1.394,4.000,16108.686,16765.922,55317.641,-0.412099,-0.891249,0.189339
